preprocessamento,modelo,query_id,precision_at_10,recall_at_10,f1_at_10,ap,rr,ndcg_at_10
basico,Vetorial (TF-IDF),1,0.6,0.21428571428571427,0.3157894736842105,0.2781181806534883,1.0,0.4910813731802361
basico,BM25,1,0.6,0.21428571428571427,0.3157894736842105,0.24951659695683626,1.0,0.5001505063042675
basico,Vetorial (TF-IDF),2,0.4,0.16666666666666666,0.23529411764705882,0.1910716476201726,1.0,0.5345577640747083
basico,BM25,2,0.4,0.16666666666666666,0.23529411764705882,0.1712545676098928,1.0,0.5231840906933135
basico,Vetorial (TF-IDF),3,0.5,0.625,0.5555555555555556,0.6145179575326636,1.0,0.6705163756602877
basico,BM25,3,0.4,0.5,0.4444444444444445,0.6085069444444444,1.0,0.647939623894138
basico,Vetorial (TF-IDF),4,0.2,1.0,0.33333333333333337,0.625,1.0,0.8065735963827293
basico,BM25,4,0.2,1.0,0.33333333333333337,0.625,1.0,0.8065735963827293
basico,Vetorial (TF-IDF),5,0.1,0.25,0.14285714285714288,0.12802061122956646,0.16666666666666666,0.16992444743091037
basico,BM25,5,0.1,0.25,0.14285714285714288,0.19475867269984917,0.3333333333333333,0.2385191169365424
basico,Vetorial (TF-IDF),6,0.1,0.25,0.14285714285714288,0.06822201236263736,0.2,0.12635615681975276
basico,BM25,6,0.1,0.25,0.14285714285714288,0.15048278423258526,0.5,0.20607801570427584
basico,Vetorial (TF-IDF),7,0.2,0.4,0.26666666666666666,0.20445189249356313,0.3333333333333333,0.28591926394768896
basico,BM25,7,0.2,0.4,0.26666666666666666,0.2087207618589612,0.3333333333333333,0.28591926394768896
basico,Vetorial (TF-IDF),8,0.1,0.09090909090909091,0.09523809523809525,0.13880975255013983,0.5,0.16842717545221192
basico,BM25,8,0.1,0.09090909090909091,0.09523809523809525,0.16157288786376273,1.0,0.2669507571941387
basico,Vetorial (TF-IDF),9,0.3,1.0,0.4615384615384615,1.0,1.0,1.0
basico,BM25,9,0.3,1.0,0.4615384615384615,0.8055555555555555,1.0,0.9060254355346824
basico,Vetorial (TF-IDF),10,0.2,0.25,0.22222222222222224,0.1380735676013976,0.5,0.24434006843762668
basico,BM25,10,0.1,0.125,0.11111111111111112,0.11796329737672413,0.5,0.1323000828051301
basico,Vetorial (TF-IDF),11,0.3,0.42857142857142855,0.3529411764705882,0.21436803057753656,0.5,0.31107237928714015
basico,BM25,11,0.2,0.2857142857142857,0.23529411764705882,0.19847437467833393,0.5,0.2093030477261255
basico,Vetorial (TF-IDF),12,0.3,0.6,0.4,0.25469483568075113,0.3333333333333333,0.34184952785982126
basico,BM25,12,0.2,0.4,0.26666666666666666,0.21930033003300328,0.3333333333333333,0.23919165939156042
basico,Vetorial (TF-IDF),13,0.0,0.0,0.0,0.0032893146124499816,0.0029154518950437317,0.0
basico,BM25,13,0.0,0.0,0.0,0.0029649178037311967,0.002369668246445498,0.0
basico,Vetorial (TF-IDF),14,0.2,1.0,0.33333333333333337,0.7,1.0,0.9472941807962689
basico,BM25,14,0.2,1.0,0.33333333333333337,0.6666666666666666,1.0,0.9406765852469334
basico,Vetorial (TF-IDF),15,0.2,1.0,0.33333333333333337,0.75,1.0,0.7074887171046738
basico,BM25,15,0.2,1.0,0.33333333333333337,1.0,1.0,0.8597186998521972
basico,Vetorial (TF-IDF),16,0.1,0.3333333333333333,0.15384615384615383,0.20441254651780963,0.5,0.23981246656813146
basico,BM25,16,0.1,0.3333333333333333,0.15384615384615383,0.23928571428571424,0.5,0.23981246656813146
basico,Vetorial (TF-IDF),17,0.1,0.5,0.16666666666666669,0.5126582278481012,1.0,0.7039180890341347
basico,BM25,17,0.1,0.5,0.16666666666666669,0.1381578947368421,0.25,0.3031610197508214
basico,Vetorial (TF-IDF),18,0.1,0.3333333333333333,0.15384615384615383,0.12358207745908283,0.25,0.20210734650054762
basico,BM25,18,0.1,0.3333333333333333,0.15384615384615383,0.1679340937896071,0.3333333333333333,0.23463936301137825
basico,Vetorial (TF-IDF),19,0.1,0.1111111111111111,0.10526315789473685,0.05285769425763938,0.16666666666666666,0.035537476065670835
basico,BM25,19,0.1,0.1111111111111111,0.10526315789473685,0.04483257707492631,0.1,0.057677861191408206
basico,Vetorial (TF-IDF),20,0.5,0.5555555555555556,0.5263157894736842,0.5389363722697056,0.5,0.521529288209966
basico,BM25,20,0.4,0.4444444444444444,0.4210526315789474,0.42372833191247516,0.5,0.4507735274888854
basico,Vetorial (TF-IDF),21,0.2,0.5,0.28571428571428575,0.25223713646532436,0.5,0.4204087458402447
basico,BM25,21,0.2,0.5,0.28571428571428575,0.1704822954822955,0.3333333333333333,0.3634538711629086
basico,Vetorial (TF-IDF),22,0.0,0.0,0.0,0.001669449081803005,0.001669449081803005,0.0
basico,BM25,22,0.0,0.0,0.0,0.0017391304347826088,0.0017391304347826088,0.0
basico,Vetorial (TF-IDF),23,0.3,0.09375,0.14285714285714285,0.1567330754935089,0.25,0.24207264639545298
basico,BM25,23,0.1,0.03125,0.047619047619047616,0.14024405297873685,1.0,0.2620955839547857
basico,Vetorial (TF-IDF),24,0.2,0.6666666666666666,0.30769230769230765,0.4315126050420168,1.0,0.6787956981029196
basico,BM25,24,0.2,0.6666666666666666,0.30769230769230765,0.2661064425770308,0.5,0.4909032264228103
basico,Vetorial (TF-IDF),25,0.3,0.3333333333333333,0.3157894736842105,0.43556745946941583,1.0,0.4243947607491561
basico,BM25,25,0.5,0.5555555555555556,0.5263157894736842,0.4930941637794429,1.0,0.5418858558565275
basico,Vetorial (TF-IDF),26,0.2,0.3333333333333333,0.25,0.19388893479561561,0.3333333333333333,0.3072700862747648
basico,BM25,26,0.2,0.3333333333333333,0.25,0.3852957084664401,1.0,0.5650722667842327
basico,Vetorial (TF-IDF),27,0.0,0.0,0.0,0.08289720230018736,0.09090909090909091,0.0
basico,BM25,27,0.1,0.3333333333333333,0.15384615384615383,0.11137685843568196,0.2,0.14704034066641014
basico,Vetorial (TF-IDF),28,0.0,0.0,0.0,0.0021432218648941605,0.0024813895781637717,0.0
basico,BM25,28,0.0,0.0,0.0,0.0018565153130326861,0.0019723865877712033,0.0
basico,Vetorial (TF-IDF),29,0.5,0.5555555555555556,0.5263157894736842,0.4917780736863427,1.0,0.5579030996472875
basico,BM25,29,0.4,0.4444444444444444,0.4210526315789474,0.4437695729698417,1.0,0.44465836968485467
basico,Vetorial (TF-IDF),30,0.0,0.0,0.0,0.06596188436361097,0.09090909090909091,0.0
basico,BM25,30,0.2,0.2857142857142857,0.23529411764705882,0.09462487317951236,0.125,0.17065501627721275
basico,Vetorial (TF-IDF),31,0.0,0.0,0.0,0.0007961783439490446,0.0007961783439490446,0.0
basico,BM25,31,0.0,0.0,0.0,0.0008561643835616438,0.0008561643835616438,0.0
basico,Vetorial (TF-IDF),32,0.1,0.16666666666666666,0.125,0.038748321076075336,0.1,0.04209923526420769
basico,BM25,32,0.1,0.16666666666666666,0.125,0.05059675946588915,0.14285714285714285,0.04854647519781679
basico,Vetorial (TF-IDF),33,0.3,1.0,0.4615384615384615,0.6388888888888888,0.5,0.6973180732318199
basico,BM25,33,0.3,1.0,0.4615384615384615,0.6388888888888888,0.5,0.6973180732318199
basico,Vetorial (TF-IDF),34,0.2,0.3333333333333333,0.25,0.24418470418470417,0.16666666666666666,0.1601844304359353
basico,BM25,34,0.2,0.3333333333333333,0.25,0.32666217448826146,0.5,0.24661756247359967
basico,Vetorial (TF-IDF),35,0.0,0.0,0.0,0.036239847109412325,0.07142857142857142,0.0
basico,BM25,35,0.0,0.0,0.0,0.02310148320635041,0.03225806451612903,0.0
basico,Vetorial (TF-IDF),36,0.0,0.0,0.0,0.024688057040998218,0.045454545454545456,0.0
basico,BM25,36,0.1,0.5,0.16666666666666669,0.05187265917602996,0.1,0.13565197343244778
basico,Vetorial (TF-IDF),37,0.3,0.3333333333333333,0.3157894736842105,0.23071839321560134,0.3333333333333333,0.25661546690110393
basico,BM25,37,0.2,0.2222222222222222,0.2105263157894737,0.17947243074442593,0.16666666666666666,0.16887850996215795
basico,Vetorial (TF-IDF),38,0.0,0.0,0.0,0.0375731135398081,0.05263157894736842,0.0
basico,BM25,38,0.0,0.0,0.0,0.058211692971537665,0.07692307692307693,0.0
basico,Vetorial (TF-IDF),39,0.3,0.23076923076923078,0.2608695652173913,0.15461036214120838,0.3333333333333333,0.17928105826757373
basico,BM25,39,0.3,0.23076923076923078,0.2608695652173913,0.12566102266697718,0.25,0.19776882186602604
basico,Vetorial (TF-IDF),40,0.0,0.0,0.0,0.025099149271850616,0.030303030303030304,0.0
basico,BM25,40,0.0,0.0,0.0,0.03341464913293938,0.05555555555555555,0.0
basico,Vetorial (TF-IDF),41,0.3,1.0,0.4615384615384615,0.9166666666666666,1.0,0.9491229041606436
basico,BM25,41,0.3,1.0,0.4615384615384615,0.9166666666666666,1.0,0.9491229041606436
basico,Vetorial (TF-IDF),42,0.3,0.6,0.4,0.1790160642570281,0.2,0.3765096487452757
basico,BM25,42,0.2,0.4,0.26666666666666666,0.19289710289710288,0.25,0.31731405939539276
basico,Vetorial (TF-IDF),43,0.5,0.8333333333333334,0.625,0.6455409356725147,1.0,0.8183939847878263
basico,BM25,43,0.4,0.6666666666666666,0.5,0.597035118019574,1.0,0.7325049263975889
basico,Vetorial (TF-IDF),44,0.0,0.0,0.0,0.0018750095466756739,0.0015037593984962407,0.0
basico,BM25,44,0.0,0.0,0.0,0.0025108108041110916,0.0015384615384615385,0.0
basico,Vetorial (TF-IDF),45,0.2,0.16666666666666666,0.1818181818181818,0.18383714384121616,1.0,0.33876780622615427
basico,BM25,45,0.2,0.16666666666666666,0.1818181818181818,0.17504565982265008,1.0,0.33384152684966495
basico,Vetorial (TF-IDF),46,0.4,0.26666666666666666,0.32,0.26790707900035543,1.0,0.4407934905696328
basico,BM25,46,0.4,0.26666666666666666,0.32,0.32766101856032387,1.0,0.48116158809443454
basico,Vetorial (TF-IDF),47,0.5,0.35714285714285715,0.41666666666666663,0.3351034580629652,0.3333333333333333,0.4180536827228323
basico,BM25,47,0.6,0.42857142857142855,0.5,0.35467020198403226,0.3333333333333333,0.47378485464349146
basico,Vetorial (TF-IDF),48,0.2,0.18181818181818182,0.1904761904761905,0.14550335928693256,0.5,0.2300534823018319
basico,BM25,48,0.3,0.2727272727272727,0.28571428571428564,0.17876081946753264,0.5,0.35769312644664736
basico,Vetorial (TF-IDF),49,0.1,0.5,0.16666666666666669,0.2976190476190476,0.5,0.4796249331362629
basico,BM25,49,0.1,0.5,0.16666666666666669,0.21428571428571427,0.3333333333333333,0.38009376671593426
basico,Vetorial (TF-IDF),50,0.1,0.16666666666666666,0.125,0.1873211916951744,1.0,0.4568625914789285
basico,BM25,50,0.1,0.16666666666666666,0.125,0.04364031419971135,0.16666666666666666,0.16273773860559057
basico,Vetorial (TF-IDF),51,0.4,0.4,0.4000000000000001,0.46160759806303614,1.0,0.41043801407484776
basico,BM25,51,0.3,0.3,0.3,0.44001950328532285,1.0,0.32528696379087046
basico,Vetorial (TF-IDF),52,0.4,1.0,0.5714285714285715,0.8928571428571428,1.0,0.9368830196397312
basico,BM25,52,0.2,0.5,0.28571428571428575,0.4186720142602495,0.5,0.497223749750845
basico,Vetorial (TF-IDF),53,0.2,0.2,0.20000000000000004,0.31240913725350206,1.0,0.26414003318500273
basico,BM25,53,0.2,0.2,0.20000000000000004,0.26333623149856955,1.0,0.2130483765146811
basico,Vetorial (TF-IDF),54,0.1,0.1111111111111111,0.10526315789473685,0.1050728796695212,0.3333333333333333,0.16868158409931971
basico,BM25,54,0.1,0.1111111111111111,0.10526315789473685,0.14046526405620863,0.5,0.21285246057565374
basico,Vetorial (TF-IDF),55,0.2,0.2,0.20000000000000004,0.31533345552290515,1.0,0.3283344952422292
basico,BM25,55,0.3,0.3,0.3,0.2709478523345233,1.0,0.3347898996981383
basico,Vetorial (TF-IDF),56,0.2,0.2,0.20000000000000004,0.19202542949151483,0.3333333333333333,0.17738680710696783
basico,BM25,56,0.3,0.3,0.3,0.18090982687169946,0.3333333333333333,0.21505248398336435
basico,Vetorial (TF-IDF),57,0.1,0.07142857142857142,0.08333333333333333,0.08094704540751972,0.3333333333333333,0.18506716146503144
basico,BM25,57,0.1,0.07142857142857142,0.08333333333333333,0.08721148501427198,0.3333333333333333,0.18506716146503144
basico,Vetorial (TF-IDF),58,0.3,0.3333333333333333,0.3157894736842105,0.15020364567497085,0.25,0.28390620258390087
basico,BM25,58,0.3,0.3333333333333333,0.3157894736842105,0.1416691283936908,0.25,0.2909585315045696
basico,Vetorial (TF-IDF),59,0.1,0.25,0.14285714285714288,0.08425108465646895,0.16666666666666666,0.11634650273393563
basico,BM25,59,0.2,0.5,0.28571428571428575,0.14079884056229724,0.2,0.23523146585785365
basico,Vetorial (TF-IDF),60,0.3,0.6,0.4,0.3399634833690561,0.5,0.38490532664927973
basico,BM25,60,0.3,0.6,0.4,0.331866766094954,0.5,0.39559082169106563
basico,Vetorial (TF-IDF),61,0.2,0.4,0.26666666666666666,0.25279319794814137,0.5,0.38568046971872166
basico,BM25,61,0.2,0.4,0.26666666666666666,0.2868610239168614,0.5,0.4050960946111744
basico,Vetorial (TF-IDF),62,0.1,0.2,0.13333333333333333,0.03986783512544696,0.1,0.06403847884800164
basico,BM25,62,0.0,0.0,0.0,0.03049751031201295,0.07692307692307693,0.0
basico,Vetorial (TF-IDF),63,0.0,0.0,0.0,0.00502833464311699,0.005076142131979695,0.0
basico,BM25,63,0.0,0.0,0.0,0.004614808055790915,0.004366812227074236,0.0
basico,Vetorial (TF-IDF),64,0.1,0.5,0.16666666666666669,0.16346153846153846,0.25,0.29234139489399147
basico,BM25,64,0.0,0.0,0.0,0.043859649122807015,0.06666666666666667,0.0
basico,Vetorial (TF-IDF),65,0.5,0.3333333333333333,0.4,0.41686684836242505,1.0,0.6254662733701488
basico,BM25,65,0.5,0.3333333333333333,0.4,0.3018735034879162,1.0,0.5301124518387561
basico,Vetorial (TF-IDF),66,0.2,0.4,0.26666666666666666,0.19053363184634547,0.3333333333333333,0.3192266886578425
basico,BM25,66,0.1,0.2,0.13333333333333333,0.09062860511136372,0.14285714285714285,0.13284008937902195
basico,Vetorial (TF-IDF),67,0.7,0.5,0.5833333333333334,0.6432760829672902,1.0,0.7500888152656768
basico,BM25,67,0.6,0.42857142857142855,0.5,0.5342844958110317,1.0,0.7230326964213867
basico,Vetorial (TF-IDF),68,0.2,0.4,0.26666666666666666,0.195551865371959,0.5,0.38662121012035616
basico,BM25,68,0.1,0.2,0.13333333333333333,0.15096044114773402,0.5,0.2744398578414134
basico,Vetorial (TF-IDF),69,0.0,0.0,0.0,0.06243485725362059,0.09090909090909091,0.0
basico,BM25,69,0.0,0.0,0.0,0.05832943697642704,0.047619047619047616,0.0
basico,Vetorial (TF-IDF),70,0.1,0.1,0.10000000000000002,0.11115858821264388,0.125,0.07657125017926461
basico,BM25,70,0.1,0.1,0.10000000000000002,0.11441428519469991,0.16666666666666666,0.08646043235496696
basico,Vetorial (TF-IDF),71,0.0,0.0,0.0,0.04014550771814657,0.058823529411764705,0.0
basico,BM25,71,0.1,0.125,0.11111111111111112,0.05880398259530229,0.16666666666666666,0.11599061566586695
basico,Vetorial (TF-IDF),72,0.1,0.058823529411764705,0.07407407407407408,0.03937941291881817,0.125,0.02968256057828534
basico,BM25,72,0.1,0.058823529411764705,0.07407407407407408,0.032509386453139104,0.14285714285714285,0.09409149088393266
basico,Vetorial (TF-IDF),73,0.6,0.3,0.4,0.34466251586871033,1.0,0.6057695292092596
basico,BM25,73,0.5,0.25,0.3333333333333333,0.3426525368010489,1.0,0.5512287787910406
basico,Vetorial (TF-IDF),74,0.0,0.0,0.0,0.04774730500813778,0.058823529411764705,0.0
basico,BM25,74,0.1,0.16666666666666666,0.125,0.087746112323955,0.25,0.1828380322080556
basico,Vetorial (TF-IDF),75,0.1,0.2,0.13333333333333333,0.24692454770397507,1.0,0.2899845889212568
basico,BM25,75,0.1,0.2,0.13333333333333333,0.07297172331214885,0.25,0.12488956465093466
basico,Vetorial (TF-IDF),76,0.3,0.42857142857142855,0.3529411764705882,0.3724449299814993,1.0,0.48187536452772345
basico,BM25,76,0.2,0.2857142857142857,0.23529411764705882,0.23677937415572964,0.5,0.324779646301465
basico,Vetorial (TF-IDF),77,0.5,0.8333333333333334,0.625,0.5994047619047619,1.0,0.5805441826645352
basico,BM25,77,0.4,0.6666666666666666,0.5,0.5101731601731602,1.0,0.48879608690302223
basico,Vetorial (TF-IDF),78,0.3,1.0,0.4615384615384615,0.5888888888888889,0.5,0.6504198609257138
basico,BM25,78,0.3,1.0,0.4615384615384615,0.8055555555555555,1.0,0.8288615669472547
basico,Vetorial (TF-IDF),79,0.1,0.2,0.13333333333333333,0.08402283533723007,0.25,0.18809346402717644
basico,BM25,79,0.1,0.2,0.13333333333333333,0.06921366568585514,0.25,0.18809346402717644
basico,Vetorial (TF-IDF),80,0.0,0.0,0.0,0.038549441665403465,0.06666666666666667,0.0
basico,BM25,80,0.0,0.0,0.0,0.009120272010808199,0.00819672131147541,0.0
basico,Vetorial (TF-IDF),81,0.2,1.0,0.33333333333333337,0.22619047619047616,0.16666666666666666,0.364838296054556
basico,BM25,81,0.2,1.0,0.33333333333333337,0.3333333333333333,0.3333333333333333,0.4156462850570397
basico,Vetorial (TF-IDF),82,0.3,0.6,0.4,0.545464480874317,1.0,0.6712871577956802
basico,BM25,82,0.3,0.6,0.4,0.4050356429997149,1.0,0.6432551748348289
basico,Vetorial (TF-IDF),83,0.1,0.25,0.14285714285714288,0.05477417007666118,0.14285714285714285,0.13012668333070057
basico,BM25,83,0.1,0.25,0.14285714285714288,0.07055179795495435,0.16666666666666666,0.13905617951077562
basico,Vetorial (TF-IDF),84,0.2,0.18181818181818182,0.1904761904761905,0.20243260700593654,0.5,0.22332838347605427
basico,BM25,84,0.4,0.36363636363636365,0.380952380952381,0.35042563031018825,1.0,0.3931298508793563
basico,Vetorial (TF-IDF),85,0.1,0.25,0.14285714285714288,0.04603729603729604,0.125,0.08136680020916189
basico,BM25,85,0.1,0.25,0.14285714285714288,0.03745061222379771,0.1,0.07455752351942241
basico,Vetorial (TF-IDF),86,0.2,1.0,0.33333333333333337,0.5833333333333333,0.5,0.6934264036172708
basico,BM25,86,0.2,1.0,0.33333333333333337,0.5833333333333333,0.5,0.6934264036172708
basico,Vetorial (TF-IDF),87,0.0,0.0,0.0,0.010449909448457683,0.004694835680751174,0.0
basico,BM25,87,0.0,0.0,0.0,0.009683946337687757,0.005291005291005291,0.0
basico,Vetorial (TF-IDF),88,0.6,1.0,0.7499999999999999,0.8134920634920634,1.0,0.8514052762115318
basico,BM25,88,0.6,1.0,0.7499999999999999,0.6496031746031746,0.5,0.7060606632153005
basico,Vetorial (TF-IDF),89,0.2,0.3333333333333333,0.25,0.36405261405261397,1.0,0.5188782668639834
basico,BM25,89,0.3,0.5,0.37499999999999994,0.34920634920634913,0.5,0.43234433062542793
basico,Vetorial (TF-IDF),90,0.3,0.23076923076923078,0.2608695652173913,0.2119230288581866,0.3333333333333333,0.15897321544125284
basico,BM25,90,0.3,0.23076923076923078,0.2608695652173913,0.20919884533742678,0.5,0.16700575566418965
basico,Vetorial (TF-IDF),91,0.3,0.3333333333333333,0.3157894736842105,0.31242542656369987,0.5,0.3535325819267125
basico,BM25,91,0.4,0.4444444444444444,0.4210526315789474,0.4528198862405097,1.0,0.5842051733086163
basico,Vetorial (TF-IDF),92,0.7,0.5384615384615384,0.608695652173913,0.533270410135361,0.5,0.4162444800351669
basico,BM25,92,0.7,0.5384615384615384,0.608695652173913,0.4852980505737776,0.5,0.4151233265747653
basico,Vetorial (TF-IDF),93,0.1,1.0,0.18181818181818182,0.5,0.5,0.6309297535714575
basico,BM25,93,0.1,1.0,0.18181818181818182,0.5,0.5,0.6309297535714575
basico,Vetorial (TF-IDF),94,0.4,0.3333333333333333,0.3636363636363636,0.52434260166115,1.0,0.49436651292767886
basico,BM25,94,0.6,0.5,0.5454545454545454,0.5837375155826484,1.0,0.5382034636275083
basico,Vetorial (TF-IDF),95,0.2,1.0,0.33333333333333337,0.3333333333333333,0.3333333333333333,0.4156462850570397
basico,BM25,95,0.2,1.0,0.33333333333333337,0.5,0.5,0.5082426448058001
basico,Vetorial (TF-IDF),96,0.4,0.3076923076923077,0.34782608695652173,0.35119005973160217,0.5,0.2529277865320593
basico,BM25,96,0.5,0.38461538461538464,0.4347826086956522,0.4268957050850657,0.5,0.3920668287609566
basico,Vetorial (TF-IDF),97,0.2,0.2,0.20000000000000004,0.15814793522520235,1.0,0.29173569656163517
basico,BM25,97,0.2,0.2,0.20000000000000004,0.15078708732922985,1.0,0.2851942202917719
basico,Vetorial (TF-IDF),98,0.0,0.0,0.0,0.017270272679072402,0.047619047619047616,0.0
basico,BM25,98,0.1,0.2,0.13333333333333333,0.030957733743458987,0.1111111111111111,0.060833077212963056
basico,Vetorial (TF-IDF),99,0.1,0.25,0.14285714285714288,0.2007473841554559,0.5,0.2802412438326486
basico,BM25,99,0.2,0.5,0.28571428571428575,0.09198583517292126,0.125,0.26851508424281634
basico,Vetorial (TF-IDF),100,0.2,0.2222222222222222,0.2105263157894737,0.1825510171413312,0.5,0.2876827161058101
basico,BM25,100,0.3,0.3333333333333333,0.3157894736842105,0.2790204648776783,1.0,0.4667017906657113
basico,Vetorial (TF-IDF),101,0.5,0.8333333333333334,0.625,0.7291666666666665,1.0,0.8127514264171747
basico,BM25,101,0.5,0.8333333333333334,0.625,0.7142857142857143,1.0,0.8059058679590873
basico,Vetorial (TF-IDF),102,0.2,0.5,0.28571428571428575,0.39780609869646183,1.0,0.48438967515046866
basico,BM25,102,0.2,0.5,0.28571428571428575,0.37241185559769624,1.0,0.40964211129431916
basico,Vetorial (TF-IDF),103,0.0,0.0,0.0,0.029090113735783026,0.05555555555555555,0.0
basico,BM25,103,0.0,0.0,0.0,0.03451118963486455,0.06666666666666667,0.0
basico,Vetorial (TF-IDF),104,0.0,0.0,0.0,0.07525802127656504,0.08333333333333333,0.0
basico,BM25,104,0.1,0.2,0.13333333333333333,0.10962929404789871,0.2,0.13120507751234178
basico,Vetorial (TF-IDF),105,0.2,0.4,0.26666666666666666,0.3931756437514765,1.0,0.6331583852663827
basico,BM25,105,0.3,0.6,0.4,0.4299728997289972,1.0,0.7093982516549237
basico,Vetorial (TF-IDF),106,0.3,0.6,0.4,0.22705627705627704,0.5,0.4646435800069226
basico,BM25,106,0.3,0.6,0.4,0.25936507936507935,0.3333333333333333,0.4325949296474072
basico,Vetorial (TF-IDF),107,0.3,0.42857142857142855,0.3529411764705882,0.3713431460684208,1.0,0.5488253399761748
basico,BM25,107,0.3,0.42857142857142855,0.3529411764705882,0.30118918036051295,0.5,0.4043778094707839
basico,Vetorial (TF-IDF),108,0.7,1.0,0.8235294117647058,0.9478458049886621,1.0,0.8550578280433931
basico,BM25,108,0.7,1.0,0.8235294117647058,0.9214285714285715,1.0,0.8607523249941399
basico,Vetorial (TF-IDF),109,0.0,0.0,0.0,0.02701360442311212,0.0625,0.0
basico,BM25,109,0.0,0.0,0.0,0.026976078171472025,0.05,0.0
basico,Vetorial (TF-IDF),110,0.0,0.0,0.0,0.028227513227513226,0.03571428571428571,0.0
basico,BM25,110,0.0,0.0,0.0,0.01733058318414743,0.012987012987012988,0.0
basico,Vetorial (TF-IDF),111,0.4,0.5714285714285714,0.47058823529411764,0.26685914970693914,0.25,0.359044316013941
basico,BM25,111,0.2,0.2857142857142857,0.23529411764705882,0.23355675603574766,0.25,0.1738142942310714
basico,Vetorial (TF-IDF),112,0.1,0.5,0.16666666666666669,0.2763157894736842,0.5,0.23981246656813146
basico,BM25,112,0.1,0.5,0.16666666666666669,0.3269230769230769,0.5,0.23981246656813146
basico,Vetorial (TF-IDF),113,0.2,0.5,0.28571428571428575,0.4312612953389652,1.0,0.5855700749881525
basico,BM25,113,0.2,0.5,0.28571428571428575,0.33375850340136054,1.0,0.5135312443624667
basico,Vetorial (TF-IDF),114,0.2,0.5,0.28571428571428575,0.1074074074074074,0.16666666666666666,0.2931003112300328
basico,BM25,114,0.1,0.25,0.14285714285714288,0.06664480716012933,0.1111111111111111,0.11646548942495823
basico,Vetorial (TF-IDF),115,0.1,0.25,0.14285714285714288,0.05555452061599602,0.16666666666666666,0.11266201077570104
basico,BM25,115,0.0,0.0,0.0,0.05121083796219912,0.09090909090909091,0.0
basico,Vetorial (TF-IDF),116,0.1,0.2,0.13333333333333333,0.08249528752892854,0.3333333333333333,0.13315463217345028
basico,BM25,116,0.1,0.2,0.13333333333333333,0.11513698393070096,0.5,0.1680224385281861
basico,Vetorial (TF-IDF),117,0.0,0.0,0.0,0.029386529386529386,0.02702702702702703,0.0
basico,BM25,117,0.0,0.0,0.0,0.031771799628942485,0.022727272727272728,0.0
basico,Vetorial (TF-IDF),118,0.1,0.3333333333333333,0.15384615384615383,0.14265734265734267,0.2,0.2205605109996152
basico,BM25,118,0.2,0.6666666666666666,0.30769230769230765,0.6779026217228464,1.0,0.8099531166420328
basico,Vetorial (TF-IDF),119,0.1,1.0,0.18181818181818182,1.0,1.0,1.0
basico,BM25,119,0.1,1.0,0.18181818181818182,1.0,1.0,1.0
basico,Vetorial (TF-IDF),120,0.5,0.5555555555555556,0.5263157894736842,0.5027278277278278,0.5,0.5729979557274961
basico,BM25,120,0.5,0.5555555555555556,0.5263157894736842,0.4667560547797341,0.5,0.5561441354436175
basico,Vetorial (TF-IDF),121,0.5,0.7142857142857143,0.588235294117647,0.6864468864468865,1.0,0.678841378209652
basico,BM25,121,0.4,0.5714285714285714,0.47058823529411764,0.5415174765558397,0.5,0.5129761732649817
basico,Vetorial (TF-IDF),122,0.4,0.4444444444444444,0.4210526315789474,0.284863058164834,0.25,0.21990411204191757
basico,BM25,122,0.2,0.2222222222222222,0.2105263157894737,0.19574853073893997,0.2,0.07115924429044508
basico,Vetorial (TF-IDF),123,0.0,0.0,0.0,0.05643879173290938,0.058823529411764705,0.0
basico,BM25,123,0.0,0.0,0.0,0.04015151515151515,0.030303030303030304,0.0
basico,Vetorial (TF-IDF),124,0.0,0.0,0.0,0.004248999745934434,0.008695652173913044,0.0
basico,BM25,124,0.0,0.0,0.0,0.00392579584297054,0.006578947368421052,0.0
basico,Vetorial (TF-IDF),125,0.2,0.11764705882352941,0.14814814814814817,0.23728026244268527,1.0,0.30453285139313657
basico,BM25,125,0.4,0.23529411764705882,0.29629629629629634,0.23872579661470686,0.5,0.3394351295955353
basico,Vetorial (TF-IDF),126,0.2,0.25,0.22222222222222224,0.16399019083666397,0.5,0.35571812677402137
basico,BM25,126,0.2,0.25,0.22222222222222224,0.16092552816453143,0.5,0.35571812677402137
basico,Vetorial (TF-IDF),127,0.1,0.2,0.13333333333333333,0.1282981234444011,0.5,0.18804762895303986
basico,BM25,127,0.1,0.2,0.13333333333333333,0.12091511477476391,0.3333333333333333,0.14902422012004707
basico,Vetorial (TF-IDF),128,0.0,0.0,0.0,0.017080745341614904,0.021739130434782608,0.0
basico,BM25,128,0.0,0.0,0.0,0.021116138763197588,0.029411764705882353,0.0
basico,Vetorial (TF-IDF),129,0.4,0.5714285714285714,0.47058823529411764,0.3648076423260334,0.5,0.5158183432214389
basico,BM25,129,0.4,0.5714285714285714,0.47058823529411764,0.43060259216721797,0.5,0.5498798600548418
basico,Vetorial (TF-IDF),130,0.3,0.6,0.4,0.3844748858447488,0.5,0.4828940917747129
basico,BM25,130,0.4,0.8,0.5333333333333333,0.554675615212528,1.0,0.6947288644141039
basico,Vetorial (TF-IDF),131,0.2,0.25,0.22222222222222224,0.2258676242236025,0.25,0.2027845855761118
basico,BM25,131,0.3,0.375,0.33333333333333326,0.24758216320716323,0.2,0.26654194845692103
basico,Vetorial (TF-IDF),132,0.7,0.4666666666666667,0.56,0.6349625729958212,1.0,0.6389542408997777
basico,BM25,132,0.7,0.4666666666666667,0.56,0.6090483918179019,0.3333333333333333,0.5134930806729241
basico,Vetorial (TF-IDF),133,0.1,0.14285714285714285,0.11764705882352941,0.21233888292158967,0.1111111111111111,0.1290515379594347
basico,BM25,133,0.2,0.2857142857142857,0.23529411764705882,0.2551434608931292,0.14285714285714285,0.17096476461695242
basico,Vetorial (TF-IDF),134,0.0,0.0,0.0,0.09583333333333333,0.06666666666666667,0.0
basico,BM25,134,0.1,0.5,0.16666666666666669,0.1625,0.2,0.18154179253735267
basico,Vetorial (TF-IDF),135,0.3,0.375,0.33333333333333326,0.46218732409231633,1.0,0.25729114201616105
basico,BM25,135,0.5,0.625,0.5555555555555556,0.5635416666666667,1.0,0.3647806710545117
basico,Vetorial (TF-IDF),136,0.1,0.3333333333333333,0.15384615384615383,0.22008547008547008,0.5,0.49186387954915173
basico,BM25,136,0.2,0.6666666666666666,0.30769230769230765,0.25460992907801416,0.5,0.548201588346798
basico,Vetorial (TF-IDF),137,0.2,0.5,0.28571428571428575,0.24508928571428573,0.25,0.26702628688687163
basico,BM25,137,0.2,0.5,0.28571428571428575,0.19628378378378378,0.25,0.26702628688687163
basico,Vetorial (TF-IDF),138,0.1,0.5,0.16666666666666669,0.09068627450980392,0.16666666666666666,0.21840743681816419
basico,BM25,138,0.1,0.5,0.16666666666666669,0.1747311827956989,0.3333333333333333,0.3065735963827292
basico,Vetorial (TF-IDF),139,0.0,0.0,0.0,0.005742858406612249,0.005376344086021506,0.0
basico,BM25,139,0.0,0.0,0.0,0.005208452530452433,0.0030581039755351682,0.0
basico,Vetorial (TF-IDF),140,0.1,0.16666666666666666,0.125,0.08416509027302216,0.3333333333333333,0.19883070282569643
basico,BM25,140,0.1,0.16666666666666666,0.125,0.1112078807106305,0.5,0.2508964126725127
basico,Vetorial (TF-IDF),141,0.2,0.3333333333333333,0.25,0.1659526192859526,0.25,0.2584115653536608
basico,BM25,141,0.2,0.3333333333333333,0.25,0.1919723303375687,0.3333333333333333,0.2925936720909553
basico,Vetorial (TF-IDF),142,0.0,0.0,0.0,0.0014144271570014145,0.0014144271570014145,0.0
basico,BM25,142,0.0,0.0,0.0,0.0013831258644536654,0.0013831258644536654,0.0
basico,Vetorial (TF-IDF),143,0.1,0.5,0.16666666666666669,0.23809523809523808,0.3333333333333333,0.3065735963827292
basico,BM25,143,0.1,0.5,0.16666666666666669,0.5666666666666667,1.0,0.6131471927654584
basico,Vetorial (TF-IDF),144,0.5,0.8333333333333334,0.625,0.7162698412698413,1.0,0.797761915670148
basico,BM25,144,0.5,0.8333333333333334,0.625,0.552579365079365,0.5,0.6410016324174117
basico,Vetorial (TF-IDF),145,0.4,0.5714285714285714,0.47058823529411764,0.4990005255073167,1.0,0.6441281434529017
basico,BM25,145,0.4,0.5714285714285714,0.47058823529411764,0.38940666545542124,0.5,0.5527451607265748
basico,Vetorial (TF-IDF),146,0.2,1.0,0.33333333333333337,0.8333333333333333,1.0,0.7601875334318685
basico,BM25,146,0.2,1.0,0.33333333333333337,0.5,0.5,0.5672074169568709
basico,Vetorial (TF-IDF),147,0.3,0.3,0.3,0.2636360283556571,0.5,0.33025464306722735
basico,BM25,147,0.3,0.3,0.3,0.2797542808193654,0.5,0.3501342980342043
basico,Vetorial (TF-IDF),148,0.3,0.5,0.37499999999999994,0.43411221395092364,1.0,0.6259444722067224
basico,BM25,148,0.2,0.3333333333333333,0.25,0.22061500457598462,0.5,0.3643848206993148
basico,Vetorial (TF-IDF),149,0.2,0.18181818181818182,0.1904761904761905,0.35096030401279543,1.0,0.30523488393970116
basico,BM25,149,0.5,0.45454545454545453,0.47619047619047616,0.4050919207684096,1.0,0.5239294981581574
basico,Vetorial (TF-IDF),150,0.2,1.0,0.33333333333333337,0.5833333333333333,0.5,0.6934264036172708
basico,BM25,150,0.2,1.0,0.33333333333333337,0.5833333333333333,0.5,0.6934264036172708
basico,Vetorial (TF-IDF),151,0.0,0.0,0.0,0.03677335583766446,0.043478260869565216,0.0
basico,BM25,151,0.0,0.0,0.0,0.02445967491825941,0.029411764705882353,0.0
basico,Vetorial (TF-IDF),152,0.1,0.16666666666666666,0.125,0.0735079416819288,0.3333333333333333,0.24233243735445556
basico,BM25,152,0.1,0.16666666666666666,0.125,0.032515741089599225,0.125,0.1528947449824173
basico,Vetorial (TF-IDF),153,0.3,0.42857142857142855,0.3529411764705882,0.3026690557374662,0.5,0.3465885302021158
basico,BM25,153,0.3,0.42857142857142855,0.3529411764705882,0.3171825959695142,0.5,0.3536573263781091
basico,Vetorial (TF-IDF),154,0.2,1.0,0.33333333333333337,0.6666666666666666,1.0,0.7200194084720598
basico,BM25,154,0.2,1.0,0.33333333333333337,0.625,1.0,0.6913401592471553
basico,Vetorial (TF-IDF),155,0.3,0.5,0.37499999999999994,0.43918178909818134,1.0,0.42677449645710014
basico,BM25,155,0.2,0.3333333333333333,0.25,0.24789507031594674,1.0,0.2576599064663041
basico,Vetorial (TF-IDF),156,0.6,0.42857142857142855,0.5,0.5333949177055389,1.0,0.5243101915893312
basico,BM25,156,0.7,0.5,0.5833333333333334,0.5340602781142408,1.0,0.5708765346812052
basico,Vetorial (TF-IDF),157,0.6,0.15384615384615385,0.2448979591836735,0.3370506437304956,0.5,0.4224611478320469
basico,BM25,157,0.6,0.15384615384615385,0.2448979591836735,0.3022144476898899,0.5,0.4742743520782152
basico,Vetorial (TF-IDF),158,0.2,0.25,0.22222222222222224,0.25053276320733614,1.0,0.48022090002929074
basico,BM25,158,0.2,0.25,0.22222222222222224,0.30765193837253085,1.0,0.5347363368441794
basico,Vetorial (TF-IDF),159,0.1,0.125,0.11111111111111112,0.06983456461080112,0.3333333333333333,0.13777651912197292
basico,BM25,159,0.1,0.125,0.11111111111111112,0.0648591878315864,0.3333333333333333,0.13777651912197292
basico,Vetorial (TF-IDF),160,0.1,0.2,0.13333333333333333,0.058654575625252135,0.16666666666666666,0.14025592292804667
basico,BM25,160,0.1,0.2,0.13333333333333333,0.05869582524754939,0.16666666666666666,0.14025592292804667
basico,Vetorial (TF-IDF),161,0.3,0.5,0.37499999999999994,0.38081518911854634,1.0,0.6477359082316365
basico,BM25,161,0.3,0.5,0.37499999999999994,0.4231871589945802,1.0,0.69707636732882
basico,Vetorial (TF-IDF),162,0.3,0.375,0.33333333333333326,0.21108929618545005,0.5,0.265399996796463
basico,BM25,162,0.3,0.375,0.33333333333333326,0.3076966122202057,1.0,0.35380102025693
basico,Vetorial (TF-IDF),163,0.2,0.6666666666666666,0.30769230769230765,0.39362822538177983,0.5,0.5307212739772434
basico,BM25,163,0.2,0.6666666666666666,0.30769230769230765,0.2861111111111111,0.3333333333333333,0.4367467095119258
basico,Vetorial (TF-IDF),164,0.3,0.375,0.33333333333333326,0.3693121270247229,1.0,0.4859991269625341
basico,BM25,164,0.4,0.5,0.4444444444444445,0.4407821687233452,1.0,0.5920507282432309
basico,Vetorial (TF-IDF),165,0.2,1.0,0.33333333333333337,0.3333333333333333,0.3333333333333333,0.5249810332008933
basico,BM25,165,0.2,1.0,0.33333333333333337,0.5833333333333333,0.5,0.6934264036172708
basico,Vetorial (TF-IDF),166,0.0,0.0,0.0,0.025073620475114217,0.05263157894736842,0.0
basico,BM25,166,0.0,0.0,0.0,0.030328594429530675,0.08333333333333333,0.0
basico,Vetorial (TF-IDF),167,0.0,0.0,0.0,0.07846153846153847,0.07692307692307693,0.0
basico,BM25,167,0.2,1.0,0.33333333333333337,0.26785714285714285,0.25,0.45958726175840686
basico,Vetorial (TF-IDF),168,0.1,0.5,0.16666666666666669,0.12724719101123597,0.25,0.2640681225725909
basico,BM25,168,0.1,0.5,0.16666666666666669,0.07282521947326416,0.14285714285714285,0.20438239758848611
basico,Vetorial (TF-IDF),169,0.2,0.5,0.28571428571428575,0.23227643658619518,0.5,0.3973220069685352
basico,BM25,169,0.2,0.5,0.28571428571428575,0.2945416391154213,0.5,0.44149241373678083
basico,Vetorial (TF-IDF),170,0.5,0.8333333333333334,0.625,0.681450787804379,1.0,0.8647514714346587
basico,BM25,170,0.4,0.6666666666666666,0.5,0.5866967999320941,1.0,0.7505609239815184
basico,Vetorial (TF-IDF),171,0.3,1.0,0.4615384615384615,0.5888888888888889,0.5,0.6991412685405778
basico,BM25,171,0.3,1.0,0.4615384615384615,0.6388888888888888,0.5,0.6757709465491791
basico,Vetorial (TF-IDF),172,0.4,1.0,0.5714285714285715,0.8875,1.0,0.925248016143815
basico,BM25,172,0.4,1.0,0.5714285714285715,0.8875,1.0,0.925248016143815
basico,Vetorial (TF-IDF),173,0.2,1.0,0.33333333333333337,0.5833333333333333,0.5,0.6934264036172708
basico,BM25,173,0.2,1.0,0.33333333333333337,1.0,1.0,1.0
basico,Vetorial (TF-IDF),174,0.1,0.2,0.13333333333333333,0.05742316211208818,0.14285714285714285,0.13068562306290035
basico,BM25,174,0.1,0.2,0.13333333333333333,0.04596584955181076,0.1,0.11332985079876677
basico,Vetorial (TF-IDF),175,0.0,0.0,0.0,0.029964735983555053,0.07142857142857142,0.0
basico,BM25,175,0.1,0.2,0.13333333333333333,0.03447325241099367,0.1,0.10802328094530432
basico,Vetorial (TF-IDF),176,0.1,0.14285714285714285,0.11764705882352941,0.06550411957235518,0.16666666666666666,0.11808744305949562
basico,BM25,176,0.1,0.14285714285714285,0.11764705882352941,0.06352965136054746,0.2,0.12824687569501922
basico,Vetorial (TF-IDF),177,0.3,0.6,0.4,0.5641558441558442,1.0,0.4834883663853112
basico,BM25,177,0.3,0.6,0.4,0.5055555555555555,0.5,0.4793392712846513
basico,Vetorial (TF-IDF),178,0.3,0.75,0.4285714285714285,0.6421568627450981,1.0,0.8983216963489065
basico,BM25,178,0.3,0.75,0.4285714285714285,0.41025641025641024,0.3333333333333333,0.5075611832031611
basico,Vetorial (TF-IDF),179,0.2,0.5,0.28571428571428575,0.19450965700965703,0.3333333333333333,0.34620964322385606
basico,BM25,179,0.2,0.5,0.28571428571428575,0.21918803418803418,0.3333333333333333,0.36331756126716835
basico,Vetorial (TF-IDF),180,0.3,0.42857142857142855,0.3529411764705882,0.32040084851144757,0.5,0.3182796657041699
basico,BM25,180,0.3,0.42857142857142855,0.3529411764705882,0.36235766045548656,0.5,0.33654056128817356
basico,Vetorial (TF-IDF),181,0.2,0.4,0.26666666666666666,0.3137038343919078,1.0,0.3936993357518607
basico,BM25,181,0.2,0.4,0.26666666666666666,0.3119541874875873,1.0,0.3936993357518607
basico,Vetorial (TF-IDF),182,0.2,1.0,0.33333333333333337,0.45,0.5,0.626665273802673
basico,BM25,182,0.2,1.0,0.33333333333333337,0.5833333333333333,0.5,0.66967181649423
basico,Vetorial (TF-IDF),183,0.6,0.46153846153846156,0.5217391304347826,0.48675933439345354,1.0,0.5980036613094287
basico,BM25,183,0.6,0.46153846153846156,0.5217391304347826,0.37412737853136774,1.0,0.6074458569948957
basico,Vetorial (TF-IDF),184,0.2,0.2857142857142857,0.23529411764705882,0.1295518207282913,0.25,0.16570262079830064
basico,BM25,184,0.3,0.42857142857142855,0.3529411764705882,0.1402840942274633,0.14285714285714285,0.2226560124228776
basico,Vetorial (TF-IDF),185,0.6,0.6666666666666666,0.631578947368421,0.7339345839345839,1.0,0.6929750938133701
basico,BM25,185,0.6,0.6666666666666666,0.631578947368421,0.7657305657305656,1.0,0.7865887650668608
basico,Vetorial (TF-IDF),186,0.4,0.25,0.3076923076923077,0.22163306822019,1.0,0.47338717040861195
basico,BM25,186,0.4,0.25,0.3076923076923077,0.17478546829894537,0.5,0.3757677525932109
basico,Vetorial (TF-IDF),187,0.1,0.16666666666666666,0.125,0.09265705567887733,0.25,0.13774761541187752
basico,BM25,187,0.1,0.16666666666666666,0.125,0.11744044114026315,0.5,0.20179660912043726
basico,Vetorial (TF-IDF),188,0.3,0.2727272727272727,0.28571428571428564,0.3558585316156763,1.0,0.4738472109211826
basico,BM25,188,0.4,0.36363636363636365,0.380952380952381,0.33761553138054795,1.0,0.5222596748794477
basico,Vetorial (TF-IDF),189,0.3,0.3333333333333333,0.3157894736842105,0.1372651763948507,0.2,0.19177738174668207
basico,BM25,189,0.2,0.2222222222222222,0.2105263157894737,0.17619297160792616,0.5,0.19688432331959307
basico,Vetorial (TF-IDF),190,0.3,0.6,0.4,0.587816091954023,1.0,0.6285609218442353
basico,BM25,190,0.3,0.6,0.4,0.48300709688067334,1.0,0.5880638802932915
basico,Vetorial (TF-IDF),191,0.4,0.3076923076923077,0.34782608695652173,0.5099808909070742,1.0,0.29921108057087104
basico,BM25,191,0.3,0.23076923076923078,0.2608695652173913,0.3599604912596747,0.3333333333333333,0.17856590445309667
basico,Vetorial (TF-IDF),192,0.2,0.5,0.28571428571428575,0.26828034682080926,0.5,0.3973220069685352
basico,BM25,192,0.3,0.75,0.4285714285714285,0.31137284701114487,0.5,0.5148381117249624
basico,Vetorial (TF-IDF),193,0.8,0.8888888888888888,0.8421052631578948,0.7595217587465648,1.0,0.7534687032430212
basico,BM25,193,0.6,0.6666666666666666,0.631578947368421,0.6863414363414363,1.0,0.626616285147016
basico,Vetorial (TF-IDF),194,0.2,0.3333333333333333,0.25,0.25707070707070706,0.3333333333333333,0.1573335240016476
basico,BM25,194,0.4,0.6666666666666666,0.5,0.3781676413255361,0.5,0.43732688552046867
basico,Vetorial (TF-IDF),195,0.0,0.0,0.0,0.04626452350851845,0.07142857142857142,0.0
basico,BM25,195,0.1,0.3333333333333333,0.15384615384615383,0.0803831417624521,0.16666666666666666,0.16716045496620227
basico,Vetorial (TF-IDF),196,0.2,0.16666666666666666,0.1818181818181818,0.13799158869435377,0.5,0.24035316874464127
basico,BM25,196,0.2,0.16666666666666666,0.1818181818181818,0.10812902307837569,0.5,0.2164585431038109
basico,Vetorial (TF-IDF),197,0.3,1.0,0.4615384615384615,0.7666666666666666,1.0,0.8496842052283847
basico,BM25,197,0.2,0.6666666666666666,0.30769230769230765,0.46031746031746024,0.5,0.5497655832101642
basico,Vetorial (TF-IDF),198,0.3,0.75,0.4285714285714285,0.2642857142857143,0.3333333333333333,0.44646050574772006
basico,BM25,198,0.2,0.5,0.28571428571428575,0.39842400690846286,1.0,0.5117647519653995
basico,Vetorial (TF-IDF),199,0.2,0.25,0.22222222222222224,0.08659544048730353,0.16666666666666666,0.14348600185175414
basico,BM25,199,0.0,0.0,0.0,0.06421360849552339,0.07692307692307693,0.0
basico,Vetorial (TF-IDF),200,0.1,0.3333333333333333,0.15384615384615383,0.20698302469135801,0.5,0.2960819109658653
basico,BM25,200,0.2,0.6666666666666666,0.30769230769230765,0.267718715393134,0.5,0.45250815297345076
basico,Vetorial (TF-IDF),201,0.4,0.25,0.3076923076923077,0.28247834110662373,1.0,0.41991067957747136
basico,BM25,201,0.4,0.25,0.3076923076923077,0.3273303861846411,1.0,0.521062768150987
basico,Vetorial (TF-IDF),202,0.3,0.21428571428571427,0.25,0.12445846702873387,0.5,0.14056280074270316
basico,BM25,202,0.3,0.21428571428571427,0.25,0.15045219749949842,0.5,0.13329030231848354
basico,Vetorial (TF-IDF),203,0.3,0.21428571428571427,0.25,0.1620105299525058,0.5,0.3358748012959093
basico,BM25,203,0.4,0.2857142857142857,0.3333333333333333,0.23026648736174238,0.5,0.4763050964393153
basico,Vetorial (TF-IDF),204,0.1,0.07142857142857142,0.08333333333333333,0.042781697678470794,0.125,0.10833153561935555
basico,BM25,204,0.1,0.07142857142857142,0.08333333333333333,0.04204182632657568,0.1111111111111111,0.10337455640082945
basico,Vetorial (TF-IDF),205,0.0,0.0,0.0,0.014558022622538752,0.016129032258064516,0.0
basico,BM25,205,0.0,0.0,0.0,0.034174311926605506,0.05,0.0
basico,Vetorial (TF-IDF),206,0.2,0.6666666666666666,0.30769230769230765,0.21817724068479358,0.25,0.4162015621828773
basico,BM25,206,0.2,0.6666666666666666,0.30769230769230765,0.39109153206069497,0.5,0.5757526886856752
basico,Vetorial (TF-IDF),207,0.1,0.2,0.13333333333333333,0.10095693288107721,0.125,0.0883531969012741
basico,BM25,207,0.1,0.2,0.13333333333333333,0.09929851708575113,0.16666666666666666,0.0997640182985589
basico,Vetorial (TF-IDF),208,0.4,0.6666666666666666,0.5,0.5285353535353535,0.5,0.6399536164714418
basico,BM25,208,0.5,0.8333333333333334,0.625,0.5667989417989417,0.5,0.6888083378972436
basico,Vetorial (TF-IDF),209,0.3,0.25,0.2727272727272727,0.15860925759150835,0.3333333333333333,0.20563412770455886
basico,BM25,209,0.3,0.25,0.2727272727272727,0.1728486515354536,0.5,0.23596246013856567
basico,Vetorial (TF-IDF),210,0.2,0.3333333333333333,0.25,0.40333201148964365,1.0,0.5367050799050339
basico,BM25,210,0.3,0.5,0.37499999999999994,0.36556652710626764,1.0,0.5622582560966349
basico,Vetorial (TF-IDF),211,0.2,0.18181818181818182,0.1904761904761905,0.1826662901961926,0.3333333333333333,0.13961556999716906
basico,BM25,211,0.3,0.2727272727272727,0.28571428571428564,0.20669191919191918,0.5,0.21324292040461829
basico,Vetorial (TF-IDF),212,0.4,0.2857142857142857,0.3333333333333333,0.4492662323176962,1.0,0.473327626304907
basico,BM25,212,0.5,0.35714285714285715,0.41666666666666663,0.4950417321663347,1.0,0.5368337146122864
basico,Vetorial (TF-IDF),213,0.5,0.45454545454545453,0.47619047619047616,0.5110559955882109,1.0,0.6932362649163429
basico,BM25,213,0.6,0.5454545454545454,0.5714285714285713,0.607536038003793,1.0,0.7182244419160831
basico,Vetorial (TF-IDF),214,0.1,0.25,0.14285714285714288,0.16377528390784396,0.5,0.24630238874073
basico,BM25,214,0.1,0.25,0.14285714285714288,0.15739489712913912,0.5,0.24630238874073
basico,Vetorial (TF-IDF),215,0.0,0.0,0.0,0.04047619047619047,0.03333333333333333,0.0
basico,BM25,215,0.0,0.0,0.0,0.03115942028985507,0.03333333333333333,0.0
basico,Vetorial (TF-IDF),216,0.0,0.0,0.0,0.001996007984031936,0.001996007984031936,0.0
basico,BM25,216,0.0,0.0,0.0,0.002136752136752137,0.002136752136752137,0.0
basico,Vetorial (TF-IDF),217,0.4,0.26666666666666666,0.32,0.2241561536617297,0.3333333333333333,0.3439222713033263
basico,BM25,217,0.3,0.2,0.24,0.2365910597080612,1.0,0.44022306125333377
basico,Vetorial (TF-IDF),218,0.3,0.2,0.24,0.15661271989411538,0.3333333333333333,0.23275481502283513
basico,BM25,218,0.2,0.13333333333333333,0.16,0.20118049436325042,0.3333333333333333,0.2143499732228365
basico,Vetorial (TF-IDF),219,0.0,0.0,0.0,0.04108168494697281,0.027777777777777776,0.0
basico,BM25,219,0.0,0.0,0.0,0.03637501378120501,0.029411764705882353,0.0
basico,Vetorial (TF-IDF),220,0.2,0.10526315789473684,0.13793103448275862,0.17586171940472556,0.16666666666666666,0.09543471094380232
basico,BM25,220,0.3,0.15789473684210525,0.20689655172413793,0.25361099770634,1.0,0.26720531421765314
basico,Vetorial (TF-IDF),221,0.3,0.16666666666666666,0.21428571428571427,0.2051033860707141,1.0,0.28819538132195455
basico,BM25,221,0.3,0.16666666666666666,0.21428571428571427,0.23597423923697924,1.0,0.31130930585549704
basico,Vetorial (TF-IDF),222,0.4,0.4444444444444444,0.4210526315789474,0.3738886332102724,1.0,0.4848403930934608
basico,BM25,222,0.4,0.4444444444444444,0.4210526315789474,0.42281359604079544,1.0,0.5046622423262657
basico,Vetorial (TF-IDF),223,0.1,0.25,0.14285714285714288,0.35346703980099503,1.0,0.3903800499921017
basico,BM25,223,0.3,0.75,0.4285714285714285,0.5294117647058824,1.0,0.6975637657739948
basico,Vetorial (TF-IDF),224,0.1,0.125,0.11111111111111112,0.16782166450009836,0.1111111111111111,0.07930749312667738
basico,BM25,224,0.2,0.25,0.22222222222222224,0.20494570083385868,0.125,0.12086270175664889
basico,Vetorial (TF-IDF),225,0.3,0.125,0.17647058823529413,0.09805352349148987,0.5,0.20162682674331223
basico,BM25,225,0.3,0.125,0.17647058823529413,0.08675711653747803,0.5,0.18456084722041993
stopwords,Vetorial (TF-IDF),1,0.5,0.17857142857142858,0.2631578947368421,0.25664987250297194,1.0,0.4420541386416498
stopwords,BM25,1,0.5,0.17857142857142858,0.2631578947368421,0.23972788876594345,1.0,0.4797868291178581
stopwords,Vetorial (TF-IDF),2,0.5,0.20833333333333334,0.29411764705882354,0.19676958884039478,1.0,0.6013142833544209
stopwords,BM25,2,0.4,0.16666666666666666,0.23529411764705882,0.18242326462911898,1.0,0.5376413778103593
stopwords,Vetorial (TF-IDF),3,0.6,0.75,0.6666666666666665,0.6240777600849257,1.0,0.73911351841076
stopwords,BM25,3,0.5,0.625,0.5555555555555556,0.6983317886932344,1.0,0.7210564623380478
stopwords,Vetorial (TF-IDF),4,0.2,1.0,0.33333333333333337,0.625,1.0,0.8065735963827293
stopwords,BM25,4,0.2,1.0,0.33333333333333337,0.6111111111111112,1.0,0.7977228895450266
stopwords,Vetorial (TF-IDF),5,0.1,0.25,0.14285714285714288,0.13865546218487396,0.14285714285714285,0.1590127446243616
stopwords,BM25,5,0.1,0.25,0.14285714285714288,0.18855300105300105,0.25,0.20544918463387046
stopwords,Vetorial (TF-IDF),6,0.1,0.25,0.14285714285714288,0.07659779614325068,0.2,0.12635615681975276
stopwords,BM25,6,0.1,0.25,0.14285714285714288,0.1583513396715644,0.5,0.20607801570427584
stopwords,Vetorial (TF-IDF),7,0.2,0.4,0.26666666666666666,0.20377777607951925,0.3333333333333333,0.28591926394768896
stopwords,BM25,7,0.2,0.4,0.26666666666666666,0.19967785358757656,0.3333333333333333,0.28591926394768896
stopwords,Vetorial (TF-IDF),8,0.1,0.09090909090909091,0.09523809523809525,0.13583167405391772,0.5,0.16842717545221192
stopwords,BM25,8,0.1,0.09090909090909091,0.09523809523809525,0.16398655462287406,1.0,0.2669507571941387
stopwords,Vetorial (TF-IDF),9,0.3,1.0,0.4615384615384615,1.0,1.0,1.0
stopwords,BM25,9,0.3,1.0,0.4615384615384615,0.8055555555555555,1.0,0.9060254355346824
stopwords,Vetorial (TF-IDF),10,0.2,0.25,0.22222222222222224,0.12279739175716221,0.3333333333333333,0.2168853206767141
stopwords,BM25,10,0.2,0.25,0.22222222222222224,0.1265171646997889,0.5,0.22698485506637847
stopwords,Vetorial (TF-IDF),11,0.2,0.2857142857142857,0.23529411764705882,0.20089213618625384,0.5,0.2035386631220293
stopwords,BM25,11,0.2,0.2857142857142857,0.23529411764705882,0.18586352269596595,0.5,0.2035386631220293
stopwords,Vetorial (TF-IDF),12,0.3,0.6,0.4,0.27765567765567767,0.5,0.3876783745666469
stopwords,BM25,12,0.2,0.4,0.26666666666666666,0.3110974529346622,0.5,0.2964428357775808
stopwords,Vetorial (TF-IDF),13,0.0,0.0,0.0,0.0,0.0,0.0
stopwords,BM25,13,0.0,0.0,0.0,0.0,0.0,0.0
stopwords,Vetorial (TF-IDF),14,0.2,1.0,0.33333333333333337,0.75,1.0,0.9567574534371579
stopwords,BM25,14,0.2,1.0,0.33333333333333337,0.75,1.0,0.9567574534371579
stopwords,Vetorial (TF-IDF),15,0.2,1.0,0.33333333333333337,0.75,1.0,0.7074887171046738
stopwords,BM25,15,0.2,1.0,0.33333333333333337,1.0,1.0,0.8597186998521972
stopwords,Vetorial (TF-IDF),16,0.1,0.3333333333333333,0.15384615384615383,0.3502859477124183,1.0,0.38009376671593426
stopwords,BM25,16,0.1,0.3333333333333333,0.15384615384615383,0.19075963718820863,0.5,0.23981246656813146
stopwords,Vetorial (TF-IDF),17,0.1,0.5,0.16666666666666669,0.5098039215686274,1.0,0.7039180890341347
stopwords,BM25,17,0.1,0.5,0.16666666666666669,0.17551622418879054,0.3333333333333333,0.35195904451706733
stopwords,Vetorial (TF-IDF),18,0.1,0.3333333333333333,0.15384615384615383,0.12896261190100053,0.25,0.20210734650054762
stopwords,BM25,18,0.1,0.3333333333333333,0.15384615384615383,0.1635808108492194,0.3333333333333333,0.23463936301137825
stopwords,Vetorial (TF-IDF),19,0.0,0.0,0.0,0.019204630649026038,0.05263157894736842,0.0
stopwords,BM25,19,0.0,0.0,0.0,0.022272702473122477,0.08333333333333333,0.0
stopwords,Vetorial (TF-IDF),20,0.5,0.5555555555555556,0.5263157894736842,0.5447228697228697,0.5,0.5084163508138547
stopwords,BM25,20,0.4,0.4444444444444444,0.4210526315789474,0.48076846900376313,0.5,0.44047294989556407
stopwords,Vetorial (TF-IDF),21,0.2,0.5,0.28571428571428575,0.2521834061135371,0.5,0.4269031055441778
stopwords,BM25,21,0.2,0.5,0.28571428571428575,0.15697853185944644,0.3333333333333333,0.3517130980355
stopwords,Vetorial (TF-IDF),22,0.0,0.0,0.0,0.0,0.0,0.0
stopwords,BM25,22,0.0,0.0,0.0,0.0,0.0,0.0
stopwords,Vetorial (TF-IDF),23,0.4,0.125,0.19047619047619047,0.18734107343838502,0.5,0.359492284470878
stopwords,BM25,23,0.2,0.0625,0.09523809523809523,0.15069883177417165,0.5,0.23088779818545663
stopwords,Vetorial (TF-IDF),24,0.2,0.6666666666666666,0.30769230769230765,0.447483958122256,1.0,0.6904407032588902
stopwords,BM25,24,0.2,0.6666666666666666,0.30769230769230765,0.2652380952380952,0.5,0.4909032264228103
stopwords,Vetorial (TF-IDF),25,0.4,0.4444444444444444,0.4210526315789474,0.5129273124351196,1.0,0.5183018049140958
stopwords,BM25,25,0.5,0.5555555555555556,0.5263157894736842,0.5360813379529957,1.0,0.569423957593173
stopwords,Vetorial (TF-IDF),26,0.3,0.5,0.37499999999999994,0.2154094602624015,0.3333333333333333,0.38238484043447674
stopwords,BM25,26,0.2,0.3333333333333333,0.25,0.33231922398589064,1.0,0.5197087111325498
stopwords,Vetorial (TF-IDF),27,0.0,0.0,0.0,0.08449461166852472,0.08333333333333333,0.0
stopwords,BM25,27,0.1,0.3333333333333333,0.15384615384615383,0.11354901623357998,0.16666666666666666,0.13539213147917573
stopwords,Vetorial (TF-IDF),28,0.0,0.0,0.0,0.0013192612137203166,0.002638522427440633,0.0
stopwords,BM25,28,0.0,0.0,0.0,0.0011682242990654205,0.002336448598130841,0.0
stopwords,Vetorial (TF-IDF),29,0.5,0.5555555555555556,0.5263157894736842,0.4987055006434852,1.0,0.5579030996472875
stopwords,BM25,29,0.4,0.4444444444444444,0.4210526315789474,0.3795457817718091,1.0,0.3837739163887881
stopwords,Vetorial (TF-IDF),30,0.1,0.14285714285714285,0.11764705882352941,0.06293324980417966,0.1,0.06371560644995033
stopwords,BM25,30,0.1,0.14285714285714285,0.11764705882352941,0.07623853927576131,0.1111111111111111,0.0663529664873985
stopwords,Vetorial (TF-IDF),31,0.0,0.0,0.0,0.0009633911368015414,0.0009633911368015414,0.0
stopwords,BM25,31,0.0,0.0,0.0,0.0009871668311944718,0.0009871668311944718,0.0
stopwords,Vetorial (TF-IDF),32,0.1,0.16666666666666666,0.125,0.04111511551833254,0.1,0.04209923526420769
stopwords,BM25,32,0.1,0.16666666666666666,0.125,0.055894220165297444,0.16666666666666666,0.05187781012267106
stopwords,Vetorial (TF-IDF),33,0.3,1.0,0.4615384615384615,0.6388888888888888,0.5,0.6973180732318199
stopwords,BM25,33,0.3,1.0,0.4615384615384615,0.6388888888888888,0.5,0.6973180732318199
stopwords,Vetorial (TF-IDF),34,0.3,0.5,0.37499999999999994,0.26618107769423555,0.2,0.24058799073765685
stopwords,BM25,34,0.3,0.5,0.37499999999999994,0.3270812968393613,0.3333333333333333,0.3627705844406088
stopwords,Vetorial (TF-IDF),35,0.0,0.0,0.0,0.038624338624338624,0.07142857142857142,0.0
stopwords,BM25,35,0.0,0.0,0.0,0.0319069069069069,0.041666666666666664,0.0
stopwords,Vetorial (TF-IDF),36,0.0,0.0,0.0,0.035158150851581506,0.06666666666666667,0.0
stopwords,BM25,36,0.1,0.5,0.16666666666666669,0.1018796992481203,0.2,0.18154179253735267
stopwords,Vetorial (TF-IDF),37,0.3,0.3333333333333333,0.3157894736842105,0.23994742355398094,0.3333333333333333,0.22374209378437573
stopwords,BM25,37,0.2,0.2222222222222222,0.2105263157894737,0.20685974194746123,0.3333333333333333,0.15799534755091937
stopwords,Vetorial (TF-IDF),38,0.0,0.0,0.0,0.03134292449321339,0.05263157894736842,0.0
stopwords,BM25,38,0.1,0.1,0.10000000000000002,0.04459474110518129,0.1,0.047641411897117715
stopwords,Vetorial (TF-IDF),39,0.2,0.15384615384615385,0.17391304347826086,0.19352061617801566,1.0,0.20897115874554004
stopwords,BM25,39,0.3,0.23076923076923078,0.2608695652173913,0.17047566230607994,1.0,0.28903993636009434
stopwords,Vetorial (TF-IDF),40,0.0,0.0,0.0,0.025114732585606536,0.043478260869565216,0.0
stopwords,BM25,40,0.0,0.0,0.0,0.03528036996391052,0.08333333333333333,0.0
stopwords,Vetorial (TF-IDF),41,0.3,1.0,0.4615384615384615,0.9166666666666666,1.0,0.9491229041606436
stopwords,BM25,41,0.3,1.0,0.4615384615384615,0.9166666666666666,1.0,0.9491229041606436
stopwords,Vetorial (TF-IDF),42,0.3,0.6,0.4,0.16251415251415252,0.16666666666666666,0.3518465446003001
stopwords,BM25,42,0.2,0.4,0.26666666666666666,0.1659415468694309,0.2,0.2877041430548022
stopwords,Vetorial (TF-IDF),43,0.5,0.8333333333333334,0.625,0.5807698194061831,1.0,0.8026049506818731
stopwords,BM25,43,0.4,0.6666666666666666,0.5,0.5360362712336396,1.0,0.778121869824303
stopwords,Vetorial (TF-IDF),44,0.0,0.0,0.0,0.0,0.0,0.0
stopwords,BM25,44,0.0,0.0,0.0,0.0,0.0,0.0
stopwords,Vetorial (TF-IDF),45,0.2,0.16666666666666666,0.1818181818181818,0.1496418506397266,0.5,0.235464416010773
stopwords,BM25,45,0.3,0.25,0.2727272727272727,0.19307117107576233,1.0,0.39001406565411123
stopwords,Vetorial (TF-IDF),46,0.4,0.26666666666666666,0.32,0.32196715548442445,1.0,0.46212849090034325
stopwords,BM25,46,0.5,0.3333333333333333,0.4,0.3452913356007152,1.0,0.5194123678089752
stopwords,Vetorial (TF-IDF),47,0.5,0.35714285714285715,0.41666666666666663,0.3227315523214669,0.3333333333333333,0.3609511307036894
stopwords,BM25,47,0.6,0.42857142857142855,0.5,0.36223897179745645,0.3333333333333333,0.4445376547991229
stopwords,Vetorial (TF-IDF),48,0.2,0.18181818181818182,0.1904761904761905,0.14524306210007445,0.5,0.2300534823018319
stopwords,BM25,48,0.3,0.2727272727272727,0.28571428571428564,0.17677851245258425,0.5,0.35769312644664736
stopwords,Vetorial (TF-IDF),49,0.1,0.5,0.16666666666666669,0.3088235294117647,0.5,0.4796249331362629
stopwords,BM25,49,0.1,0.5,0.16666666666666669,0.2222222222222222,0.3333333333333333,0.38009376671593426
stopwords,Vetorial (TF-IDF),50,0.1,0.16666666666666666,0.125,0.18904255175932372,1.0,0.4568625914789285
stopwords,BM25,50,0.1,0.16666666666666666,0.125,0.038669782969763956,0.125,0.1441241011289089
stopwords,Vetorial (TF-IDF),51,0.4,0.4,0.4000000000000001,0.4893399322469089,1.0,0.4018654514810308
stopwords,BM25,51,0.5,0.5,0.5,0.5058061938304668,1.0,0.47456502470728
stopwords,Vetorial (TF-IDF),52,0.4,1.0,0.5714285714285715,0.9166666666666666,1.0,0.9085634015818835
stopwords,BM25,52,0.3,0.75,0.4285714285714285,0.43749999999999994,0.5,0.5413406257869385
stopwords,Vetorial (TF-IDF),53,0.2,0.2,0.20000000000000004,0.33214831457594635,1.0,0.26414003318500273
stopwords,BM25,53,0.2,0.2,0.20000000000000004,0.2895987435604543,1.0,0.21594229312581256
stopwords,Vetorial (TF-IDF),54,0.1,0.1111111111111111,0.10526315789473685,0.11368541134700509,0.5,0.21285246057565374
stopwords,BM25,54,0.1,0.1111111111111111,0.10526315789473685,0.13334384588558512,0.5,0.21285246057565374
stopwords,Vetorial (TF-IDF),55,0.3,0.3,0.3,0.2597075266067984,1.0,0.3886440700678521
stopwords,BM25,55,0.2,0.2,0.20000000000000004,0.24862540218525622,1.0,0.303492126671838
stopwords,Vetorial (TF-IDF),56,0.3,0.3,0.3,0.19879196805178448,0.3333333333333333,0.21505248398336435
stopwords,BM25,56,0.2,0.2,0.20000000000000004,0.17266653652618563,0.3333333333333333,0.16596617693460192
stopwords,Vetorial (TF-IDF),57,0.1,0.07142857142857142,0.08333333333333333,0.08521828576863828,0.3333333333333333,0.18506716146503144
stopwords,BM25,57,0.1,0.07142857142857142,0.08333333333333333,0.08428772728095062,0.3333333333333333,0.18506716146503144
stopwords,Vetorial (TF-IDF),58,0.2,0.2222222222222222,0.2105263157894737,0.1310120309030179,0.25,0.23814343727125223
stopwords,BM25,58,0.2,0.2222222222222222,0.2105263157894737,0.1414176286933204,0.2,0.23570923884118095
stopwords,Vetorial (TF-IDF),59,0.1,0.25,0.14285714285714288,0.08293010752688172,0.2,0.12635615681975276
stopwords,BM25,59,0.2,0.5,0.28571428571428575,0.2325268817204301,0.5,0.32242451843821146
stopwords,Vetorial (TF-IDF),60,0.3,0.6,0.4,0.3793668122270742,0.5,0.39359042675448086
stopwords,BM25,60,0.3,0.6,0.4,0.3119364867865867,0.3333333333333333,0.3525174943160808
stopwords,Vetorial (TF-IDF),61,0.2,0.4,0.26666666666666666,0.26065579581708614,0.5,0.38568046971872166
stopwords,BM25,61,0.2,0.4,0.26666666666666666,0.29091668127812703,0.5,0.4050960946111744
stopwords,Vetorial (TF-IDF),62,0.1,0.2,0.13333333333333333,0.05472074239503579,0.16666666666666666,0.07891297847506967
stopwords,BM25,62,0.1,0.2,0.13333333333333333,0.0432162180995015,0.125,0.06988705992583852
stopwords,Vetorial (TF-IDF),63,0.0,0.0,0.0,0.0077024041585445095,0.008,0.0
stopwords,BM25,63,0.0,0.0,0.0,0.007296052766112496,0.007407407407407408,0.0
stopwords,Vetorial (TF-IDF),64,0.2,1.0,0.33333333333333337,0.75,1.0,0.8980517442734133
stopwords,BM25,64,0.1,0.5,0.16666666666666669,0.5476190476190477,1.0,0.6787956981029196
stopwords,Vetorial (TF-IDF),65,0.6,0.4,0.48,0.43930921649575094,1.0,0.6866402974111588
stopwords,BM25,65,0.6,0.4,0.48,0.3251172382696584,1.0,0.6043280239180784
stopwords,Vetorial (TF-IDF),66,0.2,0.4,0.26666666666666666,0.1525108225108225,0.16666666666666666,0.2747958730976609
stopwords,BM25,66,0.1,0.2,0.13333333333333333,0.16012368583797157,0.5,0.25143829456895006
stopwords,Vetorial (TF-IDF),67,0.8,0.5714285714285714,0.6666666666666666,0.6538783606445018,1.0,0.801596927809644
stopwords,BM25,67,0.6,0.42857142857142855,0.5,0.556058165396863,1.0,0.6667691030526519
stopwords,Vetorial (TF-IDF),68,0.2,0.4,0.26666666666666666,0.17871376811594203,0.5,0.3777344525657304
stopwords,BM25,68,0.2,0.4,0.26666666666666666,0.15523232323232322,0.5,0.3617339173870007
stopwords,Vetorial (TF-IDF),69,0.1,0.2,0.13333333333333333,0.07163364293085656,0.125,0.13252979535191114
stopwords,BM25,69,0.0,0.0,0.0,0.06261951320990222,0.045454545454545456,0.0
stopwords,Vetorial (TF-IDF),70,0.1,0.1,0.10000000000000002,0.11697324354953946,0.14285714285714285,0.08090837344498167
stopwords,BM25,70,0.1,0.1,0.10000000000000002,0.11659181741533838,0.16666666666666666,0.08646043235496696
stopwords,Vetorial (TF-IDF),71,0.0,0.0,0.0,0.036936923811923816,0.05555555555555555,0.0
stopwords,BM25,71,0.1,0.125,0.11111111111111112,0.04771453351979396,0.1111111111111111,0.09802344195927111
stopwords,Vetorial (TF-IDF),72,0.2,0.11764705882352941,0.14814814814814817,0.05753248607006374,0.2,0.1304910482692653
stopwords,BM25,72,0.1,0.058823529411764705,0.07407407407407408,0.09206449822785752,1.0,0.282274472651798
stopwords,Vetorial (TF-IDF),73,0.6,0.3,0.4,0.35665443541125674,1.0,0.6087388019524335
stopwords,BM25,73,0.6,0.3,0.4,0.35047784900835605,1.0,0.6036508364865696
stopwords,Vetorial (TF-IDF),74,0.0,0.0,0.0,0.05684344175579568,0.07692307692307693,0.0
stopwords,BM25,74,0.1,0.16666666666666666,0.125,0.07853519064210888,0.16666666666666666,0.15122304645635884
stopwords,Vetorial (TF-IDF),75,0.1,0.2,0.13333333333333333,0.24023208273208269,1.0,0.2899845889212568
stopwords,BM25,75,0.1,0.2,0.13333333333333333,0.12450719084901996,0.5,0.18295990522760897
stopwords,Vetorial (TF-IDF),76,0.3,0.42857142857142855,0.3529411764705882,0.36106686111933983,1.0,0.48187536452772345
stopwords,BM25,76,0.2,0.2857142857142857,0.23529411764705882,0.21371160986399976,0.5,0.324779646301465
stopwords,Vetorial (TF-IDF),77,0.4,0.6666666666666666,0.5,0.598015873015873,1.0,0.5573948634870917
stopwords,BM25,77,0.3,0.5,0.37499999999999994,0.5263546798029557,1.0,0.4850493497613921
stopwords,Vetorial (TF-IDF),78,0.3,1.0,0.4615384615384615,0.5888888888888889,0.5,0.6504198609257138
stopwords,BM25,78,0.3,1.0,0.4615384615384615,0.8055555555555555,1.0,0.8288615669472547
stopwords,Vetorial (TF-IDF),79,0.1,0.2,0.13333333333333333,0.08609167141287782,0.2,0.16895390105951028
stopwords,BM25,79,0.2,0.4,0.26666666666666666,0.08295413130224236,0.14285714285714285,0.20870284651608
stopwords,Vetorial (TF-IDF),80,0.0,0.0,0.0,0.04138862024500323,0.06666666666666667,0.0
stopwords,BM25,80,0.0,0.0,0.0,0.012341655035317006,0.013888888888888888,0.0
stopwords,Vetorial (TF-IDF),81,0.2,1.0,0.33333333333333337,0.22619047619047616,0.16666666666666666,0.364838296054556
stopwords,BM25,81,0.2,1.0,0.33333333333333337,0.3666666666666667,0.3333333333333333,0.44211666725438137
stopwords,Vetorial (TF-IDF),82,0.3,0.6,0.4,0.5213065871509894,1.0,0.6590742570456329
stopwords,BM25,82,0.3,0.6,0.4,0.2562805358550039,0.25,0.41636824410152035
stopwords,Vetorial (TF-IDF),83,0.1,0.25,0.14285714285714288,0.05360023041474655,0.125,0.12315119437036498
stopwords,BM25,83,0.1,0.25,0.14285714285714288,0.0740295584045584,0.16666666666666666,0.13905617951077562
stopwords,Vetorial (TF-IDF),84,0.3,0.2727272727272727,0.28571428571428564,0.17899501348682142,0.3333333333333333,0.213506419515253
stopwords,BM25,84,0.3,0.2727272727272727,0.28571428571428564,0.36590036498550516,1.0,0.35850576475658436
stopwords,Vetorial (TF-IDF),85,0.1,0.25,0.14285714285714288,0.06709126184232769,0.2,0.09977965026511104
stopwords,BM25,85,0.1,0.25,0.14285714285714288,0.05107988905854819,0.14285714285714285,0.08597555142346126
stopwords,Vetorial (TF-IDF),86,0.2,1.0,0.33333333333333337,0.5833333333333333,0.5,0.6934264036172708
stopwords,BM25,86,0.2,1.0,0.33333333333333337,0.5833333333333333,0.5,0.6934264036172708
stopwords,Vetorial (TF-IDF),87,0.0,0.0,0.0,0.009123660223667103,0.006134969325153374,0.0
stopwords,BM25,87,0.0,0.0,0.0,0.008528695363379166,0.00510204081632653,0.0
stopwords,Vetorial (TF-IDF),88,0.5,0.8333333333333334,0.625,0.6973905723905723,1.0,0.6621290926849812
stopwords,BM25,88,0.5,0.8333333333333334,0.625,0.6561868686868687,1.0,0.6350761346381597
stopwords,Vetorial (TF-IDF),89,0.2,0.3333333333333333,0.25,0.33303144224196857,1.0,0.5253521281020439
stopwords,BM25,89,0.3,0.5,0.37499999999999994,0.3211233390397,0.5,0.4317431810398079
stopwords,Vetorial (TF-IDF),90,0.3,0.23076923076923078,0.2608695652173913,0.2168892499594946,0.3333333333333333,0.16102754659914398
stopwords,BM25,90,0.3,0.23076923076923078,0.2608695652173913,0.20549426296399187,0.5,0.16102415284375984
stopwords,Vetorial (TF-IDF),91,0.4,0.4444444444444444,0.4210526315789474,0.36524581240203075,1.0,0.5370342420844498
stopwords,BM25,91,0.4,0.4444444444444444,0.4210526315789474,0.41628086680696663,1.0,0.5740208799987787
stopwords,Vetorial (TF-IDF),92,0.7,0.5384615384615384,0.608695652173913,0.5343336584468351,0.5,0.4483938037627677
stopwords,BM25,92,0.7,0.5384615384615384,0.608695652173913,0.5054201331659967,0.5,0.43686286641674826
stopwords,Vetorial (TF-IDF),93,0.1,1.0,0.18181818181818182,0.5,0.5,0.6309297535714575
stopwords,BM25,93,0.1,1.0,0.18181818181818182,0.5,0.5,0.6309297535714575
stopwords,Vetorial (TF-IDF),94,0.4,0.3333333333333333,0.3636363636363636,0.5362005147322985,1.0,0.49436651292767886
stopwords,BM25,94,0.6,0.5,0.5454545454545454,0.5945849574094626,1.0,0.5427781264247091
stopwords,Vetorial (TF-IDF),95,0.2,1.0,0.33333333333333337,0.41666666666666663,0.3333333333333333,0.47996975781793727
stopwords,BM25,95,0.2,1.0,0.33333333333333337,0.5833333333333333,0.5,0.5681212831057169
stopwords,Vetorial (TF-IDF),96,0.4,0.3076923076923077,0.34782608695652173,0.3301665225494839,0.5,0.24298795904857076
stopwords,BM25,96,0.5,0.38461538461538464,0.4347826086956522,0.43091785724315845,0.5,0.4065396209464474
stopwords,Vetorial (TF-IDF),97,0.2,0.2,0.20000000000000004,0.17825952584167554,1.0,0.30556523602689845
stopwords,BM25,97,0.2,0.2,0.20000000000000004,0.18072575821746975,1.0,0.30556523602689845
stopwords,Vetorial (TF-IDF),98,0.0,0.0,0.0,0.01929984666826772,0.05263157894736842,0.0
stopwords,BM25,98,0.1,0.2,0.13333333333333333,0.035350702313529686,0.125,0.06375012285787413
stopwords,Vetorial (TF-IDF),99,0.2,0.5,0.28571428571428575,0.2708333333333333,0.5,0.3857193836860053
stopwords,BM25,99,0.3,0.75,0.4285714285714285,0.2833333333333333,0.3333333333333333,0.49897664852338575
stopwords,Vetorial (TF-IDF),100,0.2,0.2222222222222222,0.2105263157894737,0.17555002645417442,0.3333333333333333,0.2522023061710375
stopwords,BM25,100,0.3,0.3333333333333333,0.3157894736842105,0.236855772919726,0.5,0.37082049434891856
stopwords,Vetorial (TF-IDF),101,0.5,0.8333333333333334,0.625,0.7291666666666665,1.0,0.8127514264171747
stopwords,BM25,101,0.5,0.8333333333333334,0.625,0.7494047619047618,1.0,0.818438615745981
stopwords,Vetorial (TF-IDF),102,0.2,0.5,0.28571428571428575,0.396875,1.0,0.48438967515046866
stopwords,BM25,102,0.2,0.5,0.28571428571428575,0.4035714285714285,1.0,0.43156594157857137
stopwords,Vetorial (TF-IDF),103,0.0,0.0,0.0,0.03571428571428571,0.07142857142857142,0.0
stopwords,BM25,103,0.0,0.0,0.0,0.03571428571428571,0.07142857142857142,0.0
stopwords,Vetorial (TF-IDF),104,0.1,0.2,0.13333333333333333,0.1213537675606641,0.16666666666666666,0.1208113026994942
stopwords,BM25,104,0.1,0.2,0.13333333333333333,0.15874297974380008,0.3333333333333333,0.16958010263680806
stopwords,Vetorial (TF-IDF),105,0.2,0.4,0.26666666666666666,0.41753246753246753,1.0,0.6331583852663827
stopwords,BM25,105,0.3,0.6,0.4,0.4539280691179425,1.0,0.7175795033019003
stopwords,Vetorial (TF-IDF),106,0.3,0.6,0.4,0.2276255707762557,0.5,0.4646435800069226
stopwords,BM25,106,0.3,0.6,0.4,0.2450793650793651,0.3333333333333333,0.42002897453601784
stopwords,Vetorial (TF-IDF),107,0.3,0.42857142857142855,0.3529411764705882,0.3374349992777697,1.0,0.5379471511476985
stopwords,BM25,107,0.3,0.42857142857142855,0.3529411764705882,0.2975908813164497,0.5,0.4043778094707839
stopwords,Vetorial (TF-IDF),108,0.7,1.0,0.8235294117647058,0.9682539682539683,1.0,0.8549773130357631
stopwords,BM25,108,0.7,1.0,0.8235294117647058,0.855952380952381,1.0,0.8312172831219088
stopwords,Vetorial (TF-IDF),109,0.0,0.0,0.0,0.025844424726412307,0.06666666666666667,0.0
stopwords,BM25,109,0.0,0.0,0.0,0.024253023864007843,0.05,0.0
stopwords,Vetorial (TF-IDF),110,0.0,0.0,0.0,0.029018223431359846,0.03333333333333333,0.0
stopwords,BM25,110,0.0,0.0,0.0,0.018824429317545882,0.014705882352941176,0.0
stopwords,Vetorial (TF-IDF),111,0.3,0.42857142857142855,0.3529411764705882,0.29048655245463756,0.25,0.2801524060597402
stopwords,BM25,111,0.2,0.2857142857142857,0.23529411764705882,0.24885445068715745,0.16666666666666666,0.1428036847293494
stopwords,Vetorial (TF-IDF),112,0.1,0.5,0.16666666666666669,0.2976190476190476,0.5,0.23981246656813146
stopwords,BM25,112,0.2,1.0,0.33333333333333337,0.3611111111111111,0.5,0.46865171646093934
stopwords,Vetorial (TF-IDF),113,0.2,0.5,0.28571428571428575,0.43169433266264245,1.0,0.5855700749881525
stopwords,BM25,113,0.2,0.5,0.28571428571428575,0.34513526781568016,1.0,0.5205067333228022
stopwords,Vetorial (TF-IDF),114,0.1,0.25,0.14285714285714288,0.08832671197644766,0.16666666666666666,0.1837506559956735
stopwords,BM25,114,0.1,0.25,0.14285714285714288,0.06264796152568188,0.1111111111111111,0.15528731923327763
stopwords,Vetorial (TF-IDF),115,0.0,0.0,0.0,0.028782797136355804,0.0625,0.0
stopwords,BM25,115,0.0,0.0,0.0,0.03603570426487093,0.0625,0.0
stopwords,Vetorial (TF-IDF),116,0.1,0.2,0.13333333333333333,0.11404129843237905,0.5,0.1680224385281861
stopwords,BM25,116,0.1,0.2,0.13333333333333333,0.06436064903876744,0.25,0.11469315735198049
stopwords,Vetorial (TF-IDF),117,0.0,0.0,0.0,0.034417344173441736,0.024390243902439025,0.0
stopwords,BM25,117,0.0,0.0,0.0,0.04217854217854218,0.030303030303030304,0.0
stopwords,Vetorial (TF-IDF),118,0.2,0.6666666666666666,0.30769230769230765,0.14632034632034632,0.2,0.33043224965986856
stopwords,BM25,118,0.2,0.6666666666666666,0.30769230769230765,0.6771929824561403,1.0,0.8099531166420328
stopwords,Vetorial (TF-IDF),119,0.1,1.0,0.18181818181818182,1.0,1.0,1.0
stopwords,BM25,119,0.1,1.0,0.18181818181818182,1.0,1.0,1.0
stopwords,Vetorial (TF-IDF),120,0.5,0.5555555555555556,0.5263157894736842,0.5023151377371327,0.5,0.5729979557274961
stopwords,BM25,120,0.5,0.5555555555555556,0.5263157894736842,0.45400289900289903,0.5,0.5447948444449979
stopwords,Vetorial (TF-IDF),121,0.5,0.7142857142857143,0.588235294117647,0.680952380952381,1.0,0.678841378209652
stopwords,BM25,121,0.4,0.5714285714285714,0.47058823529411764,0.5421673932730987,0.5,0.503767871957562
stopwords,Vetorial (TF-IDF),122,0.5,0.5555555555555556,0.5263157894736842,0.3978318114975548,0.3333333333333333,0.305945913978474
stopwords,BM25,122,0.5,0.5555555555555556,0.5263157894736842,0.37568557709222666,0.3333333333333333,0.28764675881984925
stopwords,Vetorial (TF-IDF),123,0.0,0.0,0.0,0.0804093567251462,0.05555555555555555,0.0
stopwords,BM25,123,0.0,0.0,0.0,0.05718954248366013,0.058823529411764705,0.0
stopwords,Vetorial (TF-IDF),124,0.0,0.0,0.0,0.0056792112926224,0.012987012987012988,0.0
stopwords,BM25,124,0.0,0.0,0.0,0.006321703101404205,0.014285714285714285,0.0
stopwords,Vetorial (TF-IDF),125,0.2,0.11764705882352941,0.14814814814814817,0.1997625698352809,0.3333333333333333,0.19055794782959498
stopwords,BM25,125,0.4,0.23529411764705882,0.29629629629629634,0.23417410289102278,0.5,0.33820948024910746
stopwords,Vetorial (TF-IDF),126,0.2,0.25,0.22222222222222224,0.15974650349650346,0.5,0.35571812677402137
stopwords,BM25,126,0.2,0.25,0.22222222222222224,0.15684235976789165,0.5,0.35571812677402137
stopwords,Vetorial (TF-IDF),127,0.1,0.2,0.13333333333333333,0.13446513268411078,0.5,0.18804762895303986
stopwords,BM25,127,0.1,0.2,0.13333333333333333,0.26471002116163406,1.0,0.29804844024009414
stopwords,Vetorial (TF-IDF),128,0.0,0.0,0.0,0.016952759256632144,0.018867924528301886,0.0
stopwords,BM25,128,0.0,0.0,0.0,0.017496229260935144,0.0196078431372549,0.0
stopwords,Vetorial (TF-IDF),129,0.4,0.5714285714285714,0.47058823529411764,0.3883252927261474,0.5,0.5311527789860895
stopwords,BM25,129,0.4,0.5714285714285714,0.47058823529411764,0.41149185036593433,0.5,0.5391566041878113
stopwords,Vetorial (TF-IDF),130,0.3,0.6,0.4,0.359047619047619,0.5,0.47294449414886575
stopwords,BM25,130,0.3,0.6,0.4,0.47714285714285715,1.0,0.5895002881766016
stopwords,Vetorial (TF-IDF),131,0.2,0.25,0.22222222222222224,0.23209773688270122,0.16666666666666666,0.18115486815433834
stopwords,BM25,131,0.4,0.5,0.4444444444444445,0.26704321946169773,0.16666666666666666,0.28349911350096063
stopwords,Vetorial (TF-IDF),132,0.7,0.4666666666666667,0.56,0.6129084783976089,0.5,0.5705955808004176
stopwords,BM25,132,0.7,0.4666666666666667,0.56,0.6114586482281582,0.3333333333333333,0.5108194727575613
stopwords,Vetorial (TF-IDF),133,0.1,0.14285714285714285,0.11764705882352941,0.2154473485300553,0.1111111111111111,0.1290515379594347
stopwords,BM25,133,0.2,0.2857142857142857,0.23529411764705882,0.25117520692487527,0.14285714285714285,0.17516286103514833
stopwords,Vetorial (TF-IDF),134,0.0,0.0,0.0,0.09109311740890688,0.07692307692307693,0.0
stopwords,BM25,134,0.1,0.5,0.16666666666666669,0.13846153846153847,0.2,0.18154179253735267
stopwords,Vetorial (TF-IDF),135,0.3,0.375,0.33333333333333326,0.459884692513369,1.0,0.25729114201616105
stopwords,BM25,135,0.4,0.5,0.4444444444444445,0.5491185897435897,1.0,0.32320933267372026
stopwords,Vetorial (TF-IDF),136,0.1,0.3333333333333333,0.15384615384615383,0.23696969696969697,0.5,0.49186387954915173
stopwords,BM25,136,0.2,0.6666666666666666,0.30769230769230765,0.43124999999999997,1.0,0.8359235133422792
stopwords,Vetorial (TF-IDF),137,0.2,0.5,0.28571428571428575,0.2278409090909091,0.25,0.26702628688687163
stopwords,BM25,137,0.2,0.5,0.28571428571428575,0.19697596532702916,0.25,0.26702628688687163
stopwords,Vetorial (TF-IDF),138,0.1,0.5,0.16666666666666669,0.06222222222222222,0.1111111111111111,0.18457569677956817
stopwords,BM25,138,0.1,0.5,0.16666666666666669,0.17291666666666666,0.3333333333333333,0.3065735963827292
stopwords,Vetorial (TF-IDF),139,0.0,0.0,0.0,0.0061146157510888945,0.005917159763313609,0.0
stopwords,BM25,139,0.0,0.0,0.0,0.005906846834269224,0.0035211267605633804,0.0
stopwords,Vetorial (TF-IDF),140,0.1,0.16666666666666666,0.125,0.08939649422177903,0.3333333333333333,0.19883070282569643
stopwords,BM25,140,0.1,0.16666666666666666,0.125,0.11719576719576723,0.5,0.2508964126725127
stopwords,Vetorial (TF-IDF),141,0.2,0.3333333333333333,0.25,0.22014282014282016,0.5,0.34107778441789904
stopwords,BM25,141,0.2,0.3333333333333333,0.25,0.24796324365289882,0.5,0.3532489426170507
stopwords,Vetorial (TF-IDF),142,0.0,0.0,0.0,0.001644736842105263,0.001644736842105263,0.0
stopwords,BM25,142,0.0,0.0,0.0,0.0017152658662092624,0.0017152658662092624,0.0
stopwords,Vetorial (TF-IDF),143,0.1,0.5,0.16666666666666669,0.22916666666666666,0.3333333333333333,0.3065735963827292
stopwords,BM25,143,0.1,0.5,0.16666666666666669,0.3214285714285714,0.5,0.38685280723454163
stopwords,Vetorial (TF-IDF),144,0.6,1.0,0.7499999999999999,0.7329365079365079,1.0,0.8679210473809317
stopwords,BM25,144,0.5,0.8333333333333334,0.625,0.6287037037037038,0.5,0.6791615733079018
stopwords,Vetorial (TF-IDF),145,0.4,0.5714285714285714,0.47058823529411764,0.5076012893548438,1.0,0.6441281434529017
stopwords,BM25,145,0.4,0.5714285714285714,0.47058823529411764,0.39108784297463534,0.5,0.5389692765734589
stopwords,Vetorial (TF-IDF),146,0.2,1.0,0.33333333333333337,0.8333333333333333,1.0,0.7601875334318685
stopwords,BM25,146,0.2,1.0,0.33333333333333337,0.5,0.5,0.5672074169568709
stopwords,Vetorial (TF-IDF),147,0.3,0.3,0.3,0.2756361120334029,0.5,0.3384355145646856
stopwords,BM25,147,0.4,0.4,0.4000000000000001,0.2832528081707737,0.5,0.4273003722979567
stopwords,Vetorial (TF-IDF),148,0.2,0.3333333333333333,0.25,0.4258343508343509,1.0,0.5597989003169429
stopwords,BM25,148,0.2,0.3333333333333333,0.25,0.22123164954414232,0.5,0.3643848206993148
stopwords,Vetorial (TF-IDF),149,0.4,0.36363636363636365,0.380952380952381,0.4098976780601932,1.0,0.4505655760587972
stopwords,BM25,149,0.5,0.45454545454545453,0.47619047619047616,0.47926725741554355,1.0,0.5513310624619329
stopwords,Vetorial (TF-IDF),150,0.2,1.0,0.33333333333333337,0.5833333333333333,0.5,0.6934264036172708
stopwords,BM25,150,0.2,1.0,0.33333333333333337,0.5833333333333333,0.5,0.6934264036172708
stopwords,Vetorial (TF-IDF),151,0.0,0.0,0.0,0.03335696409312051,0.05263157894736842,0.0
stopwords,BM25,151,0.0,0.0,0.0,0.026156212392101957,0.03225806451612903,0.0
stopwords,Vetorial (TF-IDF),152,0.1,0.16666666666666666,0.125,0.05789991157407882,0.14285714285714285,0.1615549582363037
stopwords,BM25,152,0.1,0.16666666666666666,0.125,0.04248335299031893,0.1,0.1400995678301123
stopwords,Vetorial (TF-IDF),153,0.3,0.42857142857142855,0.3529411764705882,0.31703420148266437,0.5,0.3465885302021158
stopwords,BM25,153,0.3,0.42857142857142855,0.3529411764705882,0.3334785572662375,0.5,0.3536573263781091
stopwords,Vetorial (TF-IDF),154,0.2,1.0,0.33333333333333337,0.6666666666666666,1.0,0.7200194084720598
stopwords,BM25,154,0.2,1.0,0.33333333333333337,0.6428571428571428,1.0,0.7039180890341347
stopwords,Vetorial (TF-IDF),155,0.3,0.5,0.37499999999999994,0.43632286995515696,1.0,0.42677449645710014
stopwords,BM25,155,0.3,0.5,0.37499999999999994,0.291812865497076,1.0,0.37031994152976744
stopwords,Vetorial (TF-IDF),156,0.7,0.5,0.5833333333333334,0.5511829442945342,1.0,0.5616859321819563
stopwords,BM25,156,0.7,0.5,0.5833333333333334,0.5287243296976687,1.0,0.5656574004959548
stopwords,Vetorial (TF-IDF),157,0.6,0.15384615384615385,0.2448979591836735,0.32030477317915584,0.3333333333333333,0.41239075717640095
stopwords,BM25,157,0.5,0.1282051282051282,0.2040816326530612,0.29016996095779835,0.5,0.4287114649316929
stopwords,Vetorial (TF-IDF),158,0.3,0.375,0.33333333333333326,0.26862315219805155,1.0,0.5348543410161358
stopwords,BM25,158,0.3,0.375,0.33333333333333326,0.3205997959536888,1.0,0.5893697778310245
stopwords,Vetorial (TF-IDF),159,0.1,0.125,0.11111111111111112,0.0699142914241068,0.3333333333333333,0.13777651912197292
stopwords,BM25,159,0.1,0.125,0.11111111111111112,0.06455925136231075,0.3333333333333333,0.13777651912197292
stopwords,Vetorial (TF-IDF),160,0.1,0.2,0.13333333333333333,0.05713572355937282,0.14285714285714285,0.13124938519326126
stopwords,BM25,160,0.1,0.2,0.13333333333333333,0.06765972901828002,0.2,0.15232257932946242
stopwords,Vetorial (TF-IDF),161,0.3,0.5,0.37499999999999994,0.3809457836028914,1.0,0.6477359082316365
stopwords,BM25,161,0.3,0.5,0.37499999999999994,0.43648011117755625,1.0,0.700127352568667
stopwords,Vetorial (TF-IDF),162,0.3,0.375,0.33333333333333326,0.29092046013687806,1.0,0.35047951893048335
stopwords,BM25,162,0.4,0.5,0.4444444444444445,0.34095840912695774,1.0,0.4022041935796816
stopwords,Vetorial (TF-IDF),163,0.2,0.6666666666666666,0.30769230769230765,0.30787401574803147,0.5,0.4776237035032179
stopwords,BM25,163,0.2,0.6666666666666666,0.30769230769230765,0.2912912912912913,0.3333333333333333,0.4367467095119258
stopwords,Vetorial (TF-IDF),164,0.3,0.375,0.33333333333333326,0.3830170232344145,1.0,0.48455023137055814
stopwords,BM25,164,0.4,0.5,0.4444444444444445,0.44813762626262627,1.0,0.5865110112618792
stopwords,Vetorial (TF-IDF),165,0.2,1.0,0.33333333333333337,0.41666666666666663,0.3333333333333333,0.5706417189553201
stopwords,BM25,165,0.2,1.0,0.33333333333333337,0.5833333333333333,0.5,0.6934264036172708
stopwords,Vetorial (TF-IDF),166,0.0,0.0,0.0,0.02628636483582629,0.06666666666666667,0.0
stopwords,BM25,166,0.1,0.125,0.11111111111111112,0.03677036984076012,0.1111111111111111,0.07614334071738352
stopwords,Vetorial (TF-IDF),167,0.0,0.0,0.0,0.09545454545454546,0.09090909090909091,0.0
stopwords,BM25,167,0.2,1.0,0.33333333333333337,0.25,0.25,0.451201975233754
stopwords,Vetorial (TF-IDF),168,0.1,0.5,0.16666666666666669,0.12729885057471263,0.25,0.2640681225725909
stopwords,BM25,168,0.1,0.5,0.16666666666666669,0.08484390735146022,0.16666666666666666,0.21840743681816419
stopwords,Vetorial (TF-IDF),169,0.2,0.5,0.28571428571428575,0.2188287004038964,0.3333333333333333,0.36331756126716835
stopwords,BM25,169,0.2,0.5,0.28571428571428575,0.29587502055003634,0.5,0.44149241373678083
stopwords,Vetorial (TF-IDF),170,0.5,0.8333333333333334,0.625,0.687420178799489,1.0,0.8647514714346587
stopwords,BM25,170,0.4,0.6666666666666666,0.5,0.6754352278545827,1.0,0.7801361035163357
stopwords,Vetorial (TF-IDF),171,0.3,1.0,0.4615384615384615,0.5888888888888889,0.5,0.6991412685405778
stopwords,BM25,171,0.3,1.0,0.4615384615384615,0.6388888888888888,0.5,0.705380662620796
stopwords,Vetorial (TF-IDF),172,0.4,1.0,0.5714285714285715,0.8875,1.0,0.925248016143815
stopwords,BM25,172,0.4,1.0,0.5714285714285715,0.8875,1.0,0.925248016143815
stopwords,Vetorial (TF-IDF),173,0.2,1.0,0.33333333333333337,0.5833333333333333,0.5,0.6934264036172708
stopwords,BM25,173,0.2,1.0,0.33333333333333337,1.0,1.0,1.0
stopwords,Vetorial (TF-IDF),174,0.1,0.2,0.13333333333333333,0.05518901883278127,0.14285714285714285,0.13068562306290035
stopwords,BM25,174,0.1,0.2,0.13333333333333333,0.045898286676729794,0.1,0.11332985079876677
stopwords,Vetorial (TF-IDF),175,0.0,0.0,0.0,0.03306452767936452,0.07692307692307693,0.0
stopwords,BM25,175,0.1,0.2,0.13333333333333333,0.04016399432090298,0.125,0.11788895746148347
stopwords,Vetorial (TF-IDF),176,0.1,0.14285714285714285,0.11764705882352941,0.08424255191587125,0.2,0.12824687569501922
stopwords,BM25,176,0.1,0.14285714285714285,0.11764705882352941,0.08920631562042491,0.25,0.1427750347808914
stopwords,Vetorial (TF-IDF),177,0.3,0.6,0.4,0.5974891774891775,1.0,0.5126118037239903
stopwords,BM25,177,0.3,0.6,0.4,0.6269230769230769,1.0,0.5310225782907293
stopwords,Vetorial (TF-IDF),178,0.3,0.75,0.4285714285714285,0.6964285714285714,1.0,0.9072319700821468
stopwords,BM25,178,0.3,0.75,0.4285714285714285,0.7708333333333334,1.0,0.9192576361713067
stopwords,Vetorial (TF-IDF),179,0.2,0.5,0.28571428571428575,0.19556223479490809,0.3333333333333333,0.34620964322385606
stopwords,BM25,179,0.2,0.5,0.28571428571428575,0.2664275379792621,0.5,0.4144299250118475
stopwords,Vetorial (TF-IDF),180,0.3,0.42857142857142855,0.3529411764705882,0.453143666262107,1.0,0.3878031232870068
stopwords,BM25,180,0.3,0.42857142857142855,0.3529411764705882,0.399887535659425,0.5,0.33654056128817356
stopwords,Vetorial (TF-IDF),181,0.2,0.4,0.26666666666666666,0.30238095238095236,1.0,0.3822470934474665
stopwords,BM25,181,0.2,0.4,0.26666666666666666,0.30012251585684024,1.0,0.3822470934474665
stopwords,Vetorial (TF-IDF),182,0.2,1.0,0.33333333333333337,0.45,0.5,0.626665273802673
stopwords,BM25,182,0.2,1.0,0.33333333333333337,0.5,0.5,0.6433224083306327
stopwords,Vetorial (TF-IDF),183,0.6,0.46153846153846156,0.5217391304347826,0.5311247259910884,1.0,0.5900340533538131
stopwords,BM25,183,0.6,0.46153846153846156,0.5217391304347826,0.5325396358504508,1.0,0.5809780775099972
stopwords,Vetorial (TF-IDF),184,0.2,0.2857142857142857,0.23529411764705882,0.20722008610207365,0.5,0.23491404691214274
stopwords,BM25,184,0.2,0.2857142857142857,0.23529411764705882,0.20877567327871585,0.5,0.2537727612162552
stopwords,Vetorial (TF-IDF),185,0.6,0.6666666666666666,0.631578947368421,0.6908730158730159,1.0,0.6767582672629018
stopwords,BM25,185,0.6,0.6666666666666666,0.631578947368421,0.7583231583231583,1.0,0.7830420469594955
stopwords,Vetorial (TF-IDF),186,0.5,0.3125,0.38461538461538464,0.23007969836382505,1.0,0.542042305486879
stopwords,BM25,186,0.4,0.25,0.3076923076923077,0.18116165802118894,0.5,0.39092738420022166
stopwords,Vetorial (TF-IDF),187,0.2,0.3333333333333333,0.25,0.1375598086124402,0.3333333333333333,0.21036918139439825
stopwords,BM25,187,0.1,0.16666666666666666,0.125,0.14189778383811688,0.5,0.20179660912043726
stopwords,Vetorial (TF-IDF),188,0.3,0.2727272727272727,0.28571428571428564,0.36172938766521656,1.0,0.4738472109211826
stopwords,BM25,188,0.4,0.36363636363636365,0.380952380952381,0.2927143101193814,1.0,0.4906749554138927
stopwords,Vetorial (TF-IDF),189,0.2,0.2222222222222222,0.2105263157894737,0.12202657119528738,0.16666666666666666,0.1333877431158045
stopwords,BM25,189,0.2,0.2222222222222222,0.2105263157894737,0.16036417938612083,0.5,0.19688432331959307
stopwords,Vetorial (TF-IDF),190,0.3,0.6,0.4,0.6176190476190476,1.0,0.6285609218442353
stopwords,BM25,190,0.3,0.6,0.4,0.5303030303030303,1.0,0.5989969615443953
stopwords,Vetorial (TF-IDF),191,0.5,0.38461538461538464,0.4347826086956522,0.5246878724256189,1.0,0.31930618857260185
stopwords,BM25,191,0.4,0.3076923076923077,0.34782608695652173,0.3974974309562327,0.3333333333333333,0.22255450043021208
stopwords,Vetorial (TF-IDF),192,0.2,0.5,0.28571428571428575,0.2625,0.5,0.3973220069685352
stopwords,BM25,192,0.3,0.75,0.4285714285714285,0.30833333333333335,0.5,0.5148381117249624
stopwords,Vetorial (TF-IDF),193,0.8,0.8888888888888888,0.8421052631578948,0.7225507452294359,1.0,0.7342598099235921
stopwords,BM25,193,0.7,0.7777777777777778,0.7368421052631577,0.7448566421078598,1.0,0.7091986173908709
stopwords,Vetorial (TF-IDF),194,0.2,0.3333333333333333,0.25,0.26195612147993097,0.3333333333333333,0.16230517284460994
stopwords,BM25,194,0.3,0.5,0.37499999999999994,0.3363095238095238,0.5,0.2970103654325176
stopwords,Vetorial (TF-IDF),195,0.0,0.0,0.0,0.05312354312354312,0.09090909090909091,0.0
stopwords,BM25,195,0.1,0.3333333333333333,0.15384615384615383,0.0909814323607427,0.2,0.18154179253735267
stopwords,Vetorial (TF-IDF),196,0.2,0.16666666666666666,0.1818181818181818,0.1382426237214985,0.5,0.24035316874464127
stopwords,BM25,196,0.2,0.16666666666666666,0.1818181818181818,0.09811392500168903,0.3333333333333333,0.1838228635043055
stopwords,Vetorial (TF-IDF),197,0.3,1.0,0.4615384615384615,0.7666666666666666,1.0,0.8496842052283847
stopwords,BM25,197,0.2,0.6666666666666666,0.30769230769230765,0.7380952380952381,1.0,0.8099531166420328
stopwords,Vetorial (TF-IDF),198,0.2,0.5,0.28571428571428575,0.26971726190476186,0.3333333333333333,0.384887630979788
stopwords,BM25,198,0.2,0.5,0.28571428571428575,0.3953734671125975,1.0,0.5117647519653995
stopwords,Vetorial (TF-IDF),199,0.3,0.375,0.33333333333333326,0.1041523992546005,0.16666666666666666,0.21363439346464683
stopwords,BM25,199,0.1,0.125,0.11111111111111112,0.08304184616345132,0.16666666666666666,0.07920806116730543
stopwords,Vetorial (TF-IDF),200,0.1,0.3333333333333333,0.15384615384615383,0.2164855072463768,0.5,0.2960819109658653
stopwords,BM25,200,0.2,0.6666666666666666,0.30769230769230765,0.26880131362889986,0.5,0.45250815297345076
stopwords,Vetorial (TF-IDF),201,0.3,0.1875,0.23076923076923075,0.26391932258500983,1.0,0.41431298162001556
stopwords,BM25,201,0.4,0.25,0.3076923076923077,0.32734051171419576,1.0,0.5538802053393186
stopwords,Vetorial (TF-IDF),202,0.2,0.14285714285714285,0.16666666666666666,0.09693975397168356,0.5,0.08674908410699025
stopwords,BM25,202,0.2,0.14285714285714285,0.16666666666666666,0.1197662602442268,0.5,0.10526969688567908
stopwords,Vetorial (TF-IDF),203,0.2,0.14285714285714285,0.16666666666666666,0.16433047168235884,0.5,0.25951198654832314
stopwords,BM25,203,0.4,0.2857142857142857,0.3333333333333333,0.23849953970427906,0.5,0.4763050964393153
stopwords,Vetorial (TF-IDF),204,0.1,0.07142857142857142,0.08333333333333333,0.04830776702165597,0.125,0.10833153561935555
stopwords,BM25,204,0.1,0.07142857142857142,0.08333333333333333,0.04487351481549933,0.1,0.09926568322795845
stopwords,Vetorial (TF-IDF),205,0.0,0.0,0.0,0.0140625,0.015625,0.0
stopwords,BM25,205,0.0,0.0,0.0,0.037608486017357765,0.058823529411764705,0.0
stopwords,Vetorial (TF-IDF),206,0.2,0.6666666666666666,0.30769230769230765,0.24632061705232441,0.3333333333333333,0.4514939028009785
stopwords,BM25,206,0.2,0.6666666666666666,0.30769230769230765,0.39154140878278804,0.5,0.5757526886856752
stopwords,Vetorial (TF-IDF),207,0.1,0.2,0.13333333333333333,0.11533957845433256,0.14285714285714285,0.09335766927156806
stopwords,BM25,207,0.2,0.4,0.26666666666666666,0.11192846369316958,0.2,0.2297859123441689
stopwords,Vetorial (TF-IDF),208,0.5,0.8333333333333334,0.625,0.5591982091982092,0.5,0.6824200041283516
stopwords,BM25,208,0.5,0.8333333333333334,0.625,0.6329365079365079,0.5,0.7106659718316582
stopwords,Vetorial (TF-IDF),209,0.3,0.25,0.2727272727272727,0.16304834098588605,0.3333333333333333,0.20251100359540564
stopwords,BM25,209,0.3,0.25,0.2727272727272727,0.16436181467223113,0.5,0.22919735344222456
stopwords,Vetorial (TF-IDF),210,0.2,0.3333333333333333,0.25,0.39879971164243666,1.0,0.5367050799050339
stopwords,BM25,210,0.3,0.5,0.37499999999999994,0.36634512366028954,1.0,0.5622582560966349
stopwords,Vetorial (TF-IDF),211,0.1,0.09090909090909091,0.09523809523809525,0.15066362431611602,0.1111111111111111,0.06599401612654542
stopwords,BM25,211,0.3,0.2727272727272727,0.28571428571428564,0.20084759737869787,0.2,0.2047663105994824
stopwords,Vetorial (TF-IDF),212,0.4,0.2857142857142857,0.3333333333333333,0.44846143803891436,1.0,0.473327626304907
stopwords,BM25,212,0.5,0.35714285714285715,0.41666666666666663,0.519279586965421,1.0,0.5368337146122864
stopwords,Vetorial (TF-IDF),213,0.5,0.45454545454545453,0.47619047619047616,0.5028491366775258,1.0,0.679076690436799
stopwords,BM25,213,0.6,0.5454545454545454,0.5714285714285713,0.5511281837725387,1.0,0.7253378671861063
stopwords,Vetorial (TF-IDF),214,0.1,0.25,0.14285714285714288,0.1735688910372079,0.5,0.24630238874073
stopwords,BM25,214,0.1,0.25,0.14285714285714288,0.16751453150430132,0.5,0.24630238874073
stopwords,Vetorial (TF-IDF),215,0.0,0.0,0.0,0.03333333333333333,0.03333333333333333,0.0
stopwords,BM25,215,0.0,0.0,0.0,0.0339031339031339,0.037037037037037035,0.0
stopwords,Vetorial (TF-IDF),216,0.0,0.0,0.0,0.0035087719298245615,0.0035087719298245615,0.0
stopwords,BM25,216,0.0,0.0,0.0,0.004032258064516129,0.004032258064516129,0.0
stopwords,Vetorial (TF-IDF),217,0.5,0.3333333333333333,0.4,0.26998780755928864,0.5,0.44775551489512594
stopwords,BM25,217,0.3,0.2,0.24,0.28168262585652487,1.0,0.4858829623582173
stopwords,Vetorial (TF-IDF),218,0.3,0.2,0.24,0.17133216682689506,0.3333333333333333,0.23275481502283513
stopwords,BM25,218,0.2,0.13333333333333333,0.16,0.22680810610974753,0.5,0.24435274837880966
stopwords,Vetorial (TF-IDF),219,0.0,0.0,0.0,0.05400662404106384,0.06666666666666667,0.0
stopwords,BM25,219,0.0,0.0,0.0,0.04401361254916477,0.02702702702702703,0.0
stopwords,Vetorial (TF-IDF),220,0.3,0.15789473684210525,0.20689655172413793,0.17966826255623614,0.16666666666666666,0.14849475937227127
stopwords,BM25,220,0.3,0.15789473684210525,0.20689655172413793,0.2456113507772942,1.0,0.25621655405448196
stopwords,Vetorial (TF-IDF),221,0.3,0.16666666666666666,0.21428571428571427,0.20332511277225376,1.0,0.29076889153848545
stopwords,BM25,221,0.3,0.16666666666666666,0.21428571428571427,0.22140036270383096,1.0,0.2996379572790141
stopwords,Vetorial (TF-IDF),222,0.4,0.4444444444444444,0.4210526315789474,0.38008982981276246,1.0,0.4848403930934608
stopwords,BM25,222,0.4,0.4444444444444444,0.4210526315789474,0.43013838013838007,1.0,0.5046622423262657
stopwords,Vetorial (TF-IDF),223,0.1,0.25,0.14285714285714288,0.3417610896817744,1.0,0.3903800499921017
stopwords,BM25,223,0.3,0.75,0.4285714285714285,0.47006578947368416,1.0,0.664550862590272
stopwords,Vetorial (TF-IDF),224,0.2,0.25,0.22222222222222224,0.16834040030021985,0.1111111111111111,0.15546271704648795
stopwords,BM25,224,0.3,0.375,0.33333333333333326,0.21190865414696716,0.14285714285714285,0.20552836240064737
stopwords,Vetorial (TF-IDF),225,0.3,0.125,0.17647058823529413,0.09784916432876917,0.5,0.220561882653105
stopwords,BM25,225,0.3,0.125,0.17647058823529413,0.090206671415197,0.5,0.19653126457253
stemming,Vetorial (TF-IDF),1,0.5,0.17857142857142858,0.2631578947368421,0.2911069525236861,1.0,0.5085154222471521
stemming,BM25,1,0.4,0.14285714285714285,0.21052631578947364,0.22303316414369492,1.0,0.36545184313147844
stemming,Vetorial (TF-IDF),2,0.4,0.16666666666666666,0.23529411764705882,0.22434213849179988,1.0,0.5985171221405068
stemming,BM25,2,0.4,0.16666666666666666,0.23529411764705882,0.21292193077008423,1.0,0.5450489558340764
stemming,Vetorial (TF-IDF),3,0.7,0.875,0.7777777777777777,0.6569113756613757,0.5,0.7403795971138045
stemming,BM25,3,0.6,0.75,0.6666666666666665,0.6204166666666667,0.5,0.6627430629764571
stemming,Vetorial (TF-IDF),4,0.1,0.5,0.16666666666666669,0.55,1.0,0.6131471927654584
stemming,BM25,4,0.1,0.5,0.16666666666666669,0.532258064516129,1.0,0.6131471927654584
stemming,Vetorial (TF-IDF),5,0.3,0.75,0.4285714285714285,0.3175925925925926,0.5,0.536852222782082
stemming,BM25,5,0.3,0.75,0.4285714285714285,0.4166666666666667,0.5,0.5882457875906547
stemming,Vetorial (TF-IDF),6,0.1,0.25,0.14285714285714288,0.07568457435714072,0.2,0.12635615681975276
stemming,BM25,6,0.1,0.25,0.14285714285714288,0.16071187584345478,0.5,0.20607801570427584
stemming,Vetorial (TF-IDF),7,0.2,0.4,0.26666666666666666,0.16721676574480918,0.25,0.25115857099522293
stemming,BM25,7,0.2,0.4,0.26666666666666666,0.18080177926049484,0.3333333333333333,0.2724558813422326
stemming,Vetorial (TF-IDF),8,0.1,0.09090909090909091,0.09523809523809525,0.14747929361890516,0.5,0.16842717545221192
stemming,BM25,8,0.1,0.09090909090909091,0.09523809523809525,0.1596833140523179,1.0,0.2669507571941387
stemming,Vetorial (TF-IDF),9,0.3,1.0,0.4615384615384615,1.0,1.0,1.0
stemming,BM25,9,0.3,1.0,0.4615384615384615,0.9166666666666666,1.0,0.9674679834891694
stemming,Vetorial (TF-IDF),10,0.1,0.125,0.11111111111111112,0.20126857141096507,1.0,0.209690670088435
stemming,BM25,10,0.1,0.125,0.11111111111111112,0.14027576999109298,0.5,0.1323000828051301
stemming,Vetorial (TF-IDF),11,0.3,0.42857142857142855,0.3529411764705882,0.21533205400048172,0.5,0.30065128545477465
stemming,BM25,11,0.2,0.2857142857142857,0.23529411764705882,0.19435048069414398,0.25,0.2013363322207467
stemming,Vetorial (TF-IDF),12,0.3,0.6,0.4,0.2265247734721419,0.3333333333333333,0.3470198101628031
stemming,BM25,12,0.2,0.4,0.26666666666666666,0.2274025974025974,0.5,0.27862833371591295
stemming,Vetorial (TF-IDF),13,0.0,0.0,0.0,0.0033222938245593726,0.0028653295128939827,0.0
stemming,BM25,13,0.0,0.0,0.0,0.0029129123404024906,0.0022624434389140274,0.0
stemming,Vetorial (TF-IDF),14,0.2,1.0,0.33333333333333337,0.6111111111111112,1.0,0.9287616579255922
stemming,BM25,14,0.1,0.5,0.16666666666666669,0.5833333333333334,1.0,0.8637574337885663
stemming,Vetorial (TF-IDF),15,0.2,1.0,0.33333333333333337,0.75,1.0,0.7074887171046738
stemming,BM25,15,0.2,1.0,0.33333333333333337,1.0,1.0,0.8597186998521972
stemming,Vetorial (TF-IDF),16,0.1,0.3333333333333333,0.15384615384615383,0.21711830799735624,0.5,0.23981246656813146
stemming,BM25,16,0.2,0.6666666666666666,0.30769230769230765,0.2911111111111111,0.5,0.442900663786895
stemming,Vetorial (TF-IDF),17,0.1,0.5,0.16666666666666669,0.510752688172043,1.0,0.7039180890341347
stemming,BM25,17,0.1,0.5,0.16666666666666669,0.08253968253968254,0.14285714285714285,0.23463936301137822
stemming,Vetorial (TF-IDF),18,0.1,0.3333333333333333,0.15384615384615383,0.13366801216602783,0.3333333333333333,0.23463936301137825
stemming,BM25,18,0.1,0.3333333333333333,0.15384615384615383,0.1956420492348636,0.5,0.2960819109658653
stemming,Vetorial (TF-IDF),19,0.1,0.1111111111111111,0.10526315789473685,0.06137674704023263,0.1111111111111111,0.030032651370151982
stemming,BM25,19,0.1,0.1111111111111111,0.10526315789473685,0.05784933669210371,0.1,0.0865167917871123
stemming,Vetorial (TF-IDF),20,0.6,0.6666666666666666,0.631578947368421,0.5946737213403881,0.5,0.6032706592454551
stemming,BM25,20,0.4,0.4444444444444444,0.4210526315789474,0.48206260015203095,0.5,0.4579766441086708
stemming,Vetorial (TF-IDF),21,0.2,0.5,0.28571428571428575,0.20010683760683762,0.2,0.316935748236638
stemming,BM25,21,0.0,0.0,0.0,0.06333961737187543,0.09090909090909091,0.0
stemming,Vetorial (TF-IDF),22,0.0,0.0,0.0,0.0017667844522968198,0.0017667844522968198,0.0
stemming,BM25,22,0.0,0.0,0.0,0.001589825119236884,0.001589825119236884,0.0
stemming,Vetorial (TF-IDF),23,0.6,0.1875,0.2857142857142857,0.21767138168498476,0.25,0.4013629189381334
stemming,BM25,23,0.3,0.09375,0.14285714285714285,0.15523202464649113,0.3333333333333333,0.22921072836751455
stemming,Vetorial (TF-IDF),24,0.2,0.6666666666666666,0.30769230769230765,0.3181818181818182,0.5,0.518149817909464
stemming,BM25,24,0.2,0.6666666666666666,0.30769230769230765,0.3384615384615384,0.5,0.518149817909464
stemming,Vetorial (TF-IDF),25,0.5,0.5555555555555556,0.5263157894736842,0.5714814749299643,1.0,0.6269237252540812
stemming,BM25,25,0.6,0.6666666666666666,0.631578947368421,0.6551947216668004,1.0,0.7205272384518847
stemming,Vetorial (TF-IDF),26,0.3,0.5,0.37499999999999994,0.18591600208046277,0.3333333333333333,0.37176697660926933
stemming,BM25,26,0.2,0.3333333333333333,0.25,0.3729518999960004,1.0,0.5650722667842327
stemming,Vetorial (TF-IDF),27,0.0,0.0,0.0,0.07837022542904896,0.07692307692307693,0.0
stemming,BM25,27,0.1,0.3333333333333333,0.15384615384615383,0.09458098307816276,0.125,0.11990623328406573
stemming,Vetorial (TF-IDF),28,0.0,0.0,0.0,0.005530226274907126,0.003968253968253968,0.0
stemming,BM25,28,0.0,0.0,0.0,0.004207709773534898,0.0033003300330033004,0.0
stemming,Vetorial (TF-IDF),29,0.4,0.4444444444444444,0.4210526315789474,0.5285280216803226,1.0,0.5616984228813139
stemming,BM25,29,0.4,0.4444444444444444,0.4210526315789474,0.48697731783556275,1.0,0.532843922971739
stemming,Vetorial (TF-IDF),30,0.0,0.0,0.0,0.07206587171537794,0.05,0.0
stemming,BM25,30,0.0,0.0,0.0,0.08781451071021895,0.09090909090909091,0.0
stemming,Vetorial (TF-IDF),31,0.0,0.0,0.0,0.0007727975270479134,0.0007727975270479134,0.0
stemming,BM25,31,0.0,0.0,0.0,0.0008136696501220504,0.0008136696501220504,0.0
stemming,Vetorial (TF-IDF),32,0.2,0.3333333333333333,0.25,0.14226033996483026,0.25,0.11906450716922568
stemming,BM25,32,0.2,0.3333333333333333,0.25,0.11019158909880329,0.25,0.1146012966570443
stemming,Vetorial (TF-IDF),33,0.3,1.0,0.4615384615384615,0.5,0.5,0.6392983137371023
stemming,BM25,33,0.3,1.0,0.4615384615384615,0.6388888888888888,0.5,0.6973180732318199
stemming,Vetorial (TF-IDF),34,0.3,0.5,0.37499999999999994,0.3146942110177404,0.3333333333333333,0.27218650195116345
stemming,BM25,34,0.2,0.3333333333333333,0.25,0.3253690753690754,0.5,0.24661756247359967
stemming,Vetorial (TF-IDF),35,0.0,0.0,0.0,0.03407580241575784,0.058823529411764705,0.0
stemming,BM25,35,0.0,0.0,0.0,0.026005925313490427,0.025,0.0
stemming,Vetorial (TF-IDF),36,0.1,0.5,0.16666666666666669,0.16869506423258956,0.3333333333333333,0.23463936301137822
stemming,BM25,36,0.1,0.5,0.16666666666666669,0.5023041474654378,1.0,0.46927872602275644
stemming,Vetorial (TF-IDF),37,0.1,0.1111111111111111,0.10526315789473685,0.10412442661494933,0.14285714285714285,0.06574674623345639
stemming,BM25,37,0.0,0.0,0.0,0.06000013362732627,0.04,0.0
stemming,Vetorial (TF-IDF),38,0.0,0.0,0.0,0.037612348905711204,0.045454545454545456,0.0
stemming,BM25,38,0.0,0.0,0.0,0.0625667578946277,0.06666666666666667,0.0
stemming,Vetorial (TF-IDF),39,0.3,0.23076923076923078,0.2608695652173913,0.16705755587258184,0.5,0.23109549321546924
stemming,BM25,39,0.3,0.23076923076923078,0.2608695652173913,0.14913930903988942,0.5,0.2335848212619674
stemming,Vetorial (TF-IDF),40,0.0,0.0,0.0,0.04188684056042605,0.09090909090909091,0.0
stemming,BM25,40,0.2,0.16666666666666666,0.1818181818181818,0.08625119203207832,0.25,0.12367409491558115
stemming,Vetorial (TF-IDF),41,0.3,1.0,0.4615384615384615,0.7777777777777778,1.0,0.8844912478533464
stemming,BM25,41,0.3,1.0,0.4615384615384615,0.8333333333333334,1.0,0.9119982885888461
stemming,Vetorial (TF-IDF),42,0.3,0.6,0.4,0.20243271221532094,0.2,0.3693719200986434
stemming,BM25,42,0.3,0.6,0.4,0.17473752859922592,0.16666666666666666,0.3555224429376629
stemming,Vetorial (TF-IDF),43,0.5,0.8333333333333334,0.625,0.6826923076923076,1.0,0.7521153224715151
stemming,BM25,43,0.4,0.6666666666666666,0.5,0.6468102073365231,1.0,0.7211710614507058
stemming,Vetorial (TF-IDF),44,0.0,0.0,0.0,0.0017979689304132946,0.001336898395721925,0.0
stemming,BM25,44,0.0,0.0,0.0,0.0023833298685694503,0.001422475106685633,0.0
stemming,Vetorial (TF-IDF),45,0.2,0.16666666666666666,0.1818181818181818,0.2021382162430773,1.0,0.3796047002392273
stemming,BM25,45,0.1,0.08333333333333333,0.0909090909090909,0.1976826355945357,1.0,0.279901702223461
stemming,Vetorial (TF-IDF),46,0.4,0.26666666666666666,0.32,0.2930113401538544,1.0,0.4487491817732042
stemming,BM25,46,0.5,0.3333333333333333,0.4,0.36370817447441106,1.0,0.5597933324667422
stemming,Vetorial (TF-IDF),47,0.5,0.35714285714285715,0.41666666666666663,0.36340133818615017,0.3333333333333333,0.4296702122562011
stemming,BM25,47,0.5,0.35714285714285715,0.41666666666666663,0.3763627827518185,0.3333333333333333,0.41802105838172043
stemming,Vetorial (TF-IDF),48,0.3,0.2727272727272727,0.28571428571428564,0.2022352514837771,0.5,0.39957899626793536
stemming,BM25,48,0.3,0.2727272727272727,0.28571428571428564,0.1918524363005736,0.5,0.3711219827663348
stemming,Vetorial (TF-IDF),49,0.1,0.5,0.16666666666666669,0.19791666666666666,0.3333333333333333,0.38009376671593426
stemming,BM25,49,0.1,0.5,0.16666666666666669,0.12564102564102564,0.2,0.2940806813328203
stemming,Vetorial (TF-IDF),50,0.1,0.16666666666666666,0.125,0.18332662887188508,1.0,0.4568625914789285
stemming,BM25,50,0.1,0.16666666666666666,0.125,0.18367249085751725,1.0,0.4568625914789285
stemming,Vetorial (TF-IDF),51,0.4,0.4,0.4000000000000001,0.45689325657293445,1.0,0.4342719921974315
stemming,BM25,51,0.5,0.5,0.5,0.4796833672979003,1.0,0.4896383148957456
stemming,Vetorial (TF-IDF),52,0.4,1.0,0.5714285714285715,0.7708333333333333,1.0,0.7123434578012986
stemming,BM25,52,0.4,1.0,0.5714285714285715,0.5791666666666666,0.5,0.6287353114501973
stemming,Vetorial (TF-IDF),53,0.2,0.2,0.20000000000000004,0.30855918652650777,1.0,0.26414003318500273
stemming,BM25,53,0.1,0.1,0.10000000000000002,0.2538242725306271,1.0,0.16195671984435944
stemming,Vetorial (TF-IDF),54,0.1,0.1111111111111111,0.10526315789473685,0.1332481889310255,0.5,0.21285246057565374
stemming,BM25,54,0.1,0.1111111111111111,0.10526315789473685,0.14735591581740198,0.5,0.21285246057565374
stemming,Vetorial (TF-IDF),55,0.2,0.2,0.20000000000000004,0.35821577636155644,1.0,0.22606778258328503
stemming,BM25,55,0.5,0.5,0.5,0.3720487394405786,1.0,0.3549018983349131
stemming,Vetorial (TF-IDF),56,0.2,0.2,0.20000000000000004,0.17671665406767317,0.5,0.19444719406011945
stemming,BM25,56,0.2,0.2,0.20000000000000004,0.15156152030377723,0.5,0.18302656388775357
stemming,Vetorial (TF-IDF),57,0.1,0.07142857142857142,0.08333333333333333,0.07847499553707836,0.3333333333333333,0.18506716146503144
stemming,BM25,57,0.1,0.07142857142857142,0.08333333333333333,0.08052547618670503,0.3333333333333333,0.18506716146503144
stemming,Vetorial (TF-IDF),58,0.3,0.3333333333333333,0.3157894736842105,0.21709424834424837,0.14285714285714285,0.20681602105324043
stemming,BM25,58,0.2,0.2222222222222222,0.2105263157894737,0.14236194440776248,0.14285714285714285,0.1649242832764049
stemming,Vetorial (TF-IDF),59,0.1,0.25,0.14285714285714288,0.11716559215871268,0.3333333333333333,0.16331296355715133
stemming,BM25,59,0.1,0.25,0.14285714285714288,0.1885351345135869,0.5,0.20607801570427584
stemming,Vetorial (TF-IDF),60,0.3,0.6,0.4,0.37015098722415796,0.5,0.4069938497554078
stemming,BM25,60,0.3,0.6,0.4,0.44396742292030256,1.0,0.5270895216233566
stemming,Vetorial (TF-IDF),61,0.3,0.6,0.4,0.3540032679738562,0.5,0.5315616591032623
stemming,BM25,61,0.2,0.4,0.26666666666666666,0.5289044289044289,1.0,0.5451325985185265
stemming,Vetorial (TF-IDF),62,0.0,0.0,0.0,0.02977100118595239,0.05555555555555555,0.0
stemming,BM25,62,0.0,0.0,0.0,0.022996123289628422,0.05263157894736842,0.0
stemming,Vetorial (TF-IDF),63,0.0,0.0,0.0,0.02345885514953966,0.025,0.0
stemming,BM25,63,0.0,0.0,0.0,0.023343407021527637,0.021739130434782608,0.0
stemming,Vetorial (TF-IDF),64,0.1,0.5,0.16666666666666669,0.54,1.0,0.6787956981029196
stemming,BM25,64,0.1,0.5,0.16666666666666669,0.5083333333333333,1.0,0.6787956981029196
stemming,Vetorial (TF-IDF),65,0.5,0.3333333333333333,0.4,0.38329206196768245,1.0,0.6130914007660333
stemming,BM25,65,0.4,0.26666666666666666,0.32,0.22925940103559478,0.5,0.3762314647313493
stemming,Vetorial (TF-IDF),66,0.2,0.4,0.26666666666666666,0.20411725955204213,0.5,0.3666364866621491
stemming,BM25,66,0.1,0.2,0.13333333333333333,0.08440516379094773,0.1,0.11519819209319902
stemming,Vetorial (TF-IDF),67,0.7,0.5,0.5833333333333334,0.6109702730497337,1.0,0.7500888152656768
stemming,BM25,67,0.6,0.42857142857142855,0.5,0.5171545902605058,1.0,0.7230326964213867
stemming,Vetorial (TF-IDF),68,0.1,0.2,0.13333333333333333,0.07890171676656142,0.16666666666666666,0.15494189208647555
stemming,BM25,68,0.1,0.2,0.13333333333333333,0.09671752517797975,0.3333333333333333,0.2174884416909426
stemming,Vetorial (TF-IDF),69,0.0,0.0,0.0,0.04447674418604651,0.03571428571428571,0.0
stemming,BM25,69,0.0,0.0,0.0,0.04455215582343992,0.08333333333333333,0.0
stemming,Vetorial (TF-IDF),70,0.0,0.0,0.0,0.09011331969660606,0.09090909090909091,0.0
stemming,BM25,70,0.2,0.2,0.20000000000000004,0.10011020608030152,0.16666666666666666,0.1375079324744767
stemming,Vetorial (TF-IDF),71,0.0,0.0,0.0,0.03869314243957307,0.05555555555555555,0.0
stemming,BM25,71,0.1,0.125,0.11111111111111112,0.05461737339874692,0.14285714285714285,0.10854227526735447
stemming,Vetorial (TF-IDF),72,0.2,0.11764705882352941,0.14814814814814817,0.09142300004972083,0.16666666666666666,0.13023075647398266
stemming,BM25,72,0.1,0.058823529411764705,0.07407407407407408,0.07285776043024636,0.5,0.17809536346971203
stemming,Vetorial (TF-IDF),73,0.6,0.3,0.4,0.36570354609980776,1.0,0.6000679698414779
stemming,BM25,73,0.7,0.35,0.4666666666666667,0.3647395715988154,1.0,0.6571059893173206
stemming,Vetorial (TF-IDF),74,0.0,0.0,0.0,0.09805210671135983,0.058823529411764705,0.0
stemming,BM25,74,0.1,0.16666666666666666,0.125,0.13625798224004237,0.125,0.13392643788248648
stemming,Vetorial (TF-IDF),75,0.1,0.2,0.13333333333333333,0.22844774273345708,1.0,0.2899845889212568
stemming,BM25,75,0.0,0.0,0.0,0.03275543834361635,0.08333333333333333,0.0
stemming,Vetorial (TF-IDF),76,0.3,0.42857142857142855,0.3529411764705882,0.37265629065696765,1.0,0.48187536452772345
stemming,BM25,76,0.3,0.42857142857142855,0.3529411764705882,0.2464297912511999,0.5,0.37767444719777926
stemming,Vetorial (TF-IDF),77,0.4,0.6666666666666666,0.5,0.4512477718360071,0.5,0.40614784198766446
stemming,BM25,77,0.3,0.5,0.37499999999999994,0.4045977101141823,1.0,0.3042655903131374
stemming,Vetorial (TF-IDF),78,0.3,1.0,0.4615384615384615,0.6388888888888888,0.5,0.6754055627176532
stemming,BM25,78,0.3,1.0,0.4615384615384615,0.7555555555555555,1.0,0.8122044324192951
stemming,Vetorial (TF-IDF),79,0.1,0.2,0.13333333333333333,0.06075247000290995,0.1111111111111111,0.13147168936665232
stemming,BM25,79,0.1,0.2,0.13333333333333333,0.06230926169680277,0.16666666666666666,0.15556974829149336
stemming,Vetorial (TF-IDF),80,0.0,0.0,0.0,0.028800539042327978,0.043478260869565216,0.0
stemming,BM25,80,0.0,0.0,0.0,0.012355535716205516,0.018518518518518517,0.0
stemming,Vetorial (TF-IDF),81,0.2,1.0,0.33333333333333337,0.325,0.25,0.4555368256020691
stemming,BM25,81,0.2,1.0,0.33333333333333337,0.75,1.0,0.5879394370415081
stemming,Vetorial (TF-IDF),82,0.3,0.6,0.4,0.4153409090909091,1.0,0.5792692998804401
stemming,BM25,82,0.3,0.6,0.4,0.2683098894481008,0.3333333333333333,0.446522448383393
stemming,Vetorial (TF-IDF),83,0.1,0.25,0.14285714285714288,0.08129065598526482,0.2,0.15101961822780524
stemming,BM25,83,0.1,0.25,0.14285714285714288,0.1018451947841955,0.25,0.16812753627111748
stemming,Vetorial (TF-IDF),84,0.5,0.45454545454545453,0.47619047619047616,0.3741778147410806,1.0,0.4472304925199035
stemming,BM25,84,0.4,0.36363636363636365,0.380952380952381,0.4387728973779671,1.0,0.3941845533985164
stemming,Vetorial (TF-IDF),85,0.1,0.25,0.14285714285714288,0.0764116995948373,0.25,0.11108296369655492
stemming,BM25,85,0.1,0.25,0.14285714285714288,0.13631952781112444,0.5,0.16273360041832377
stemming,Vetorial (TF-IDF),86,0.2,1.0,0.33333333333333337,0.45,0.5,0.6240505200038379
stemming,BM25,86,0.2,1.0,0.33333333333333337,0.5833333333333333,0.5,0.6934264036172708
stemming,Vetorial (TF-IDF),87,0.0,0.0,0.0,0.012849537742704288,0.0136986301369863,0.0
stemming,BM25,87,0.0,0.0,0.0,0.012382025107819532,0.019230769230769232,0.0
stemming,Vetorial (TF-IDF),88,0.6,1.0,0.7499999999999999,0.7662698412698413,1.0,0.8985427446128996
stemming,BM25,88,0.6,1.0,0.7499999999999999,0.6968253968253969,0.5,0.7682029704933027
stemming,Vetorial (TF-IDF),89,0.1,0.16666666666666666,0.125,0.29095619125529393,1.0,0.4245367637978047
stemming,BM25,89,0.2,0.3333333333333333,0.25,0.2492063492063492,0.5,0.3571371676866306
stemming,Vetorial (TF-IDF),90,0.3,0.23076923076923078,0.2608695652173913,0.20692424766752165,0.3333333333333333,0.16657379096548008
stemming,BM25,90,0.3,0.23076923076923078,0.2608695652173913,0.2017868424102373,0.5,0.18132022134674636
stemming,Vetorial (TF-IDF),91,0.4,0.4444444444444444,0.4210526315789474,0.442908384728405,1.0,0.5479342213798893
stemming,BM25,91,0.5,0.5555555555555556,0.5263157894736842,0.4712847033206315,1.0,0.6547059690012266
stemming,Vetorial (TF-IDF),92,0.6,0.46153846153846156,0.5217391304347826,0.5304854643138814,0.5,0.35740005274454323
stemming,BM25,92,0.7,0.5384615384615384,0.608695652173913,0.5166524660516126,1.0,0.4242155004889724
stemming,Vetorial (TF-IDF),93,0.1,1.0,0.18181818181818182,0.5,0.5,0.6309297535714575
stemming,BM25,93,0.1,1.0,0.18181818181818182,0.5,0.5,0.6309297535714575
stemming,Vetorial (TF-IDF),94,0.4,0.3333333333333333,0.3636363636363636,0.5226939345748308,1.0,0.49436651292767886
stemming,BM25,94,0.6,0.5,0.5454545454545454,0.6131301673772426,1.0,0.5670107585712584
stemming,Vetorial (TF-IDF),95,0.2,1.0,0.33333333333333337,0.39285714285714285,0.5,0.42416171080762244
stemming,BM25,95,0.2,1.0,0.33333333333333337,0.41666666666666663,0.5,0.44391917204490255
stemming,Vetorial (TF-IDF),96,0.6,0.46153846153846156,0.5217391304347826,0.39126769884830215,0.5,0.41759757811773945
stemming,BM25,96,0.7,0.5384615384615384,0.608695652173913,0.4602237506623043,0.5,0.534363044660045
stemming,Vetorial (TF-IDF),97,0.2,0.2,0.20000000000000004,0.15811784552625935,0.3333333333333333,0.17486600805833882
stemming,BM25,97,0.3,0.3,0.3,0.180372730731506,0.5,0.2700047035420613
stemming,Vetorial (TF-IDF),98,0.0,0.0,0.0,0.017409567336055514,0.043478260869565216,0.0
stemming,BM25,98,0.0,0.0,0.0,0.023622366395338303,0.0625,0.0
stemming,Vetorial (TF-IDF),99,0.2,0.5,0.28571428571428575,0.2340779349714569,0.5,0.43845845361268365
stemming,BM25,99,0.2,0.5,0.28571428571428575,0.19463092800562554,0.3333333333333333,0.3939150632681898
stemming,Vetorial (TF-IDF),100,0.2,0.2222222222222222,0.2105263157894737,0.16554829107221977,0.3333333333333333,0.2522023061710375
stemming,BM25,100,0.3,0.3333333333333333,0.3157894736842105,0.2690100856004747,1.0,0.4587042971840831
stemming,Vetorial (TF-IDF),101,0.5,0.8333333333333334,0.625,0.7829545454545453,1.0,0.8502318785127562
stemming,BM25,101,0.5,0.8333333333333334,0.625,0.7652777777777776,1.0,0.8435486761968861
stemming,Vetorial (TF-IDF),102,0.2,0.5,0.28571428571428575,0.549074074074074,1.0,0.6177019359714346
stemming,BM25,102,0.2,0.5,0.28571428571428575,0.3770416227608009,1.0,0.44539833841715704
stemming,Vetorial (TF-IDF),103,0.0,0.0,0.0,0.02767264157680497,0.05263157894736842,0.0
stemming,BM25,103,0.0,0.0,0.0,0.030578625849406273,0.058823529411764705,0.0
stemming,Vetorial (TF-IDF),104,0.1,0.2,0.13333333333333333,0.07213089284296716,0.1,0.09803928583135704
stemming,BM25,104,0.1,0.2,0.13333333333333333,0.10877191227629275,0.25,0.14606834984270645
stemming,Vetorial (TF-IDF),105,0.3,0.6,0.4,0.47326984126984123,1.0,0.7233726122302209
stemming,BM25,105,0.3,0.6,0.4,0.5382661726107766,1.0,0.7422329748991158
stemming,Vetorial (TF-IDF),106,0.2,0.4,0.26666666666666666,0.3520192307692308,1.0,0.5410189897906517
stemming,BM25,106,0.3,0.6,0.4,0.43143532590341094,1.0,0.6667643013050207
stemming,Vetorial (TF-IDF),107,0.4,0.5714285714285714,0.47058823529411764,0.4301180301180301,1.0,0.5702014049030237
stemming,BM25,107,0.4,0.5714285714285714,0.47058823529411764,0.3568040368952223,0.5,0.4198600235980826
stemming,Vetorial (TF-IDF),108,0.7,1.0,0.8235294117647058,0.8273809523809524,1.0,0.8721335093146071
stemming,BM25,108,0.5,0.7142857142857143,0.588235294117647,0.8108320251177394,1.0,0.7827419656211998
stemming,Vetorial (TF-IDF),109,0.0,0.0,0.0,0.036641456549200216,0.029411764705882353,0.0
stemming,BM25,109,0.0,0.0,0.0,0.04111832998047131,0.02631578947368421,0.0
stemming,Vetorial (TF-IDF),110,0.1,0.25,0.14285714285714288,0.32104700854700857,1.0,0.5028666180369032
stemming,BM25,110,0.1,0.25,0.14285714285714288,0.15579148252310165,0.5,0.3172735113973356
stemming,Vetorial (TF-IDF),111,0.3,0.42857142857142855,0.3529411764705882,0.36203796203796207,0.5,0.3399276784666464
stemming,BM25,111,0.3,0.42857142857142855,0.3529411764705882,0.32660680474345066,0.5,0.28074417687026526
stemming,Vetorial (TF-IDF),112,0.1,0.5,0.16666666666666669,0.2696078431372549,0.5,0.23981246656813146
stemming,BM25,112,0.1,0.5,0.16666666666666669,0.2934782608695652,0.5,0.23981246656813146
stemming,Vetorial (TF-IDF),113,0.2,0.5,0.28571428571428575,0.2215723225714692,0.5,0.3853585682515056
stemming,BM25,113,0.1,0.25,0.14285714285714288,0.1341236691236691,0.3333333333333333,0.19519002499605084
stemming,Vetorial (TF-IDF),114,0.2,0.5,0.28571428571428575,0.14588417387203034,0.3333333333333333,0.374392143695342
stemming,BM25,114,0.1,0.25,0.14285714285714288,0.07466989241172814,0.125,0.16273360041832377
stemming,Vetorial (TF-IDF),115,0.1,0.25,0.14285714285714288,0.03215528028875909,0.1,0.13713911070367868
stemming,BM25,115,0.1,0.25,0.14285714285714288,0.04768379893105049,0.14285714285714285,0.15814112524003557
stemming,Vetorial (TF-IDF),116,0.1,0.2,0.13333333333333333,0.0784547614787531,0.3333333333333333,0.13315463217345028
stemming,BM25,116,0.1,0.2,0.13333333333333333,0.07781038322056319,0.3333333333333333,0.13315463217345028
stemming,Vetorial (TF-IDF),117,0.0,0.0,0.0,0.035624211853720056,0.038461538461538464,0.0
stemming,BM25,117,0.0,0.0,0.0,0.031818181818181815,0.030303030303030304,0.0
stemming,Vetorial (TF-IDF),118,0.2,0.6666666666666666,0.30769230769230765,0.16492537313432837,0.25,0.355417951451808
stemming,BM25,118,0.2,0.6666666666666666,0.30769230769230765,0.225,0.25,0.39258655345796484
stemming,Vetorial (TF-IDF),119,0.1,1.0,0.18181818181818182,1.0,1.0,1.0
stemming,BM25,119,0.1,1.0,0.18181818181818182,1.0,1.0,1.0
stemming,Vetorial (TF-IDF),120,0.6,0.6666666666666666,0.631578947368421,0.5663481446090143,0.5,0.6315824699284633
stemming,BM25,120,0.5,0.5555555555555556,0.5263157894736842,0.44687244932254,0.5,0.5024614293975009
stemming,Vetorial (TF-IDF),121,0.5,0.7142857142857143,0.588235294117647,0.7386363636363634,1.0,0.698596763177408
stemming,BM25,121,0.4,0.5714285714285714,0.47058823529411764,0.5128441451022095,0.5,0.5178516971509959
stemming,Vetorial (TF-IDF),122,0.3,0.3333333333333333,0.3157894736842105,0.22470166934175145,0.3333333333333333,0.1758491170614999
stemming,BM25,122,0.2,0.2222222222222222,0.2105263157894737,0.1566331235724616,0.16666666666666666,0.06813125048970954
stemming,Vetorial (TF-IDF),123,0.1,0.5,0.16666666666666669,0.08412698412698412,0.1111111111111111,0.2119004592897435
stemming,BM25,123,0.0,0.0,0.0,0.07196969696969696,0.08333333333333333,0.0
stemming,Vetorial (TF-IDF),124,0.0,0.0,0.0,0.004085059442867123,0.005405405405405406,0.0
stemming,BM25,124,0.0,0.0,0.0,0.003342075535885055,0.004166666666666667,0.0
stemming,Vetorial (TF-IDF),125,0.2,0.11764705882352941,0.14814814814814817,0.28124265688428335,1.0,0.3439261989517367
stemming,BM25,125,0.3,0.17647058823529413,0.22222222222222224,0.275999811942087,1.0,0.39916724164248263
stemming,Vetorial (TF-IDF),126,0.2,0.25,0.22222222222222224,0.16496700971994813,0.5,0.35571812677402137
stemming,BM25,126,0.2,0.25,0.22222222222222224,0.22308100515909288,1.0,0.4718040076989788
stemming,Vetorial (TF-IDF),127,0.1,0.2,0.13333333333333333,0.09416010952227732,0.3333333333333333,0.14902422012004707
stemming,BM25,127,0.1,0.2,0.13333333333333333,0.1149135301309214,0.25,0.1283624763817471
stemming,Vetorial (TF-IDF),128,0.0,0.0,0.0,0.018166089965397925,0.029411764705882353,0.0
stemming,BM25,128,0.0,0.0,0.0,0.025094835132769184,0.043478260869565216,0.0
stemming,Vetorial (TF-IDF),129,0.4,0.5714285714285714,0.47058823529411764,0.34560501581106523,0.5,0.5050950873544084
stemming,BM25,129,0.4,0.5714285714285714,0.47058823529411764,0.4195349641493259,0.5,0.5498798600548418
stemming,Vetorial (TF-IDF),130,0.3,0.6,0.4,0.4129271708683473,0.5,0.4962242281066515
stemming,BM25,130,0.4,0.8,0.5333333333333333,0.5563821138211382,1.0,0.7111343355049466
stemming,Vetorial (TF-IDF),131,0.2,0.25,0.22222222222222224,0.284169643762035,0.125,0.13396298931339115
stemming,BM25,131,0.2,0.25,0.22222222222222224,0.3105121304134462,0.16666666666666666,0.10703695270663816
stemming,Vetorial (TF-IDF),132,0.7,0.4666666666666667,0.56,0.6687332112332114,1.0,0.6400623266263783
stemming,BM25,132,0.8,0.5333333333333333,0.64,0.6898893698893699,0.5,0.5585159218199318
stemming,Vetorial (TF-IDF),133,0.1,0.14285714285714285,0.11764705882352941,0.2135170734960651,0.1111111111111111,0.1290515379594347
stemming,BM25,133,0.4,0.5714285714285714,0.47058823529411764,0.29677871148459384,0.16666666666666666,0.37497370503425104
stemming,Vetorial (TF-IDF),134,0.1,0.5,0.16666666666666669,0.1388888888888889,0.16666666666666666,0.16716045496620227
stemming,BM25,134,0.1,0.5,0.16666666666666669,0.29,0.5,0.2960819109658652
stemming,Vetorial (TF-IDF),135,0.4,0.5,0.4444444444444445,0.5346840659340659,1.0,0.44412667201417005
stemming,BM25,135,0.6,0.75,0.6666666666666665,0.7288690476190476,1.0,0.5926252128746972
stemming,Vetorial (TF-IDF),136,0.1,0.3333333333333333,0.15384615384615383,0.218974358974359,0.5,0.49186387954915173
stemming,BM25,136,0.2,0.6666666666666666,0.30769230769230765,0.42740740740740746,1.0,0.838255482385076
stemming,Vetorial (TF-IDF),137,0.2,0.5,0.28571428571428575,0.26513157894736844,0.25,0.26702628688687163
stemming,BM25,137,0.2,0.5,0.28571428571428575,0.22785482258870565,0.5,0.30911702355641374
stemming,Vetorial (TF-IDF),138,0.1,0.5,0.16666666666666669,0.10476190476190475,0.14285714285714285,0.20438239758848611
stemming,BM25,138,0.1,0.5,0.16666666666666669,0.16346153846153846,0.25,0.2640681225725909
stemming,Vetorial (TF-IDF),139,0.0,0.0,0.0,0.010623897363984435,0.017857142857142856,0.0
stemming,BM25,139,0.0,0.0,0.0,0.009955675828567689,0.010526315789473684,0.0
stemming,Vetorial (TF-IDF),140,0.2,0.3333333333333333,0.25,0.17080617964995207,0.5,0.3925462634010175
stemming,BM25,140,0.2,0.3333333333333333,0.25,0.16916171036238825,0.5,0.3925462634010175
stemming,Vetorial (TF-IDF),141,0.1,0.16666666666666666,0.125,0.1417155067155067,0.25,0.11961168135180034
stemming,BM25,141,0.2,0.3333333333333333,0.25,0.13923920578332344,0.25,0.22665420703192363
stemming,Vetorial (TF-IDF),142,0.0,0.0,0.0,0.07142857142857142,0.07142857142857142,0.0
stemming,BM25,142,0.0,0.0,0.0,0.07692307692307693,0.07692307692307693,0.0
stemming,Vetorial (TF-IDF),143,0.2,1.0,0.33333333333333337,0.41666666666666663,0.5,0.6052602440527057
stemming,BM25,143,0.1,0.5,0.16666666666666669,0.5909090909090909,1.0,0.6131471927654584
stemming,Vetorial (TF-IDF),144,0.5,0.8333333333333334,0.625,0.6648148148148149,1.0,0.7857799302993882
stemming,BM25,144,0.4,0.6666666666666666,0.5,0.423015873015873,0.5,0.5106941928324288
stemming,Vetorial (TF-IDF),145,0.4,0.5714285714285714,0.47058823529411764,0.47359843546284225,1.0,0.6166333494136583
stemming,BM25,145,0.4,0.5714285714285714,0.47058823529411764,0.3080536562451068,0.5,0.49457095505440585
stemming,Vetorial (TF-IDF),146,0.2,1.0,0.33333333333333337,0.8333333333333333,1.0,0.7601875334318685
stemming,BM25,146,0.2,1.0,0.33333333333333337,0.5833333333333333,0.5,0.6199062332840657
stemming,Vetorial (TF-IDF),147,0.3,0.3,0.3,0.2942729321723146,1.0,0.4108545207564257
stemming,BM25,147,0.3,0.3,0.3,0.24836516431756475,0.5,0.33025464306722735
stemming,Vetorial (TF-IDF),148,0.3,0.5,0.37499999999999994,0.4517397171859414,1.0,0.6413083956181767
stemming,BM25,148,0.2,0.3333333333333333,0.25,0.3213910563657565,1.0,0.5148586863637864
stemming,Vetorial (TF-IDF),149,0.3,0.2727272727272727,0.28571428571428564,0.3314432965555256,1.0,0.3932783996463063
stemming,BM25,149,0.4,0.36363636363636365,0.380952380952381,0.31653078056821377,1.0,0.4351098955930419
stemming,Vetorial (TF-IDF),150,0.2,1.0,0.33333333333333337,0.5833333333333333,0.5,0.6934264036172708
stemming,BM25,150,0.2,1.0,0.33333333333333337,0.5833333333333333,0.5,0.6934264036172708
stemming,Vetorial (TF-IDF),151,0.0,0.0,0.0,0.05800672620145236,0.09090909090909091,0.0
stemming,BM25,151,0.0,0.0,0.0,0.033923605146057696,0.05,0.0
stemming,Vetorial (TF-IDF),152,0.1,0.16666666666666666,0.125,0.03572187275507457,0.125,0.1528947449824173
stemming,BM25,152,0.0,0.0,0.0,0.012891375809363878,0.025,0.0
stemming,Vetorial (TF-IDF),153,0.3,0.42857142857142855,0.3529411764705882,0.30095512863197493,0.5,0.3465885302021158
stemming,BM25,153,0.3,0.42857142857142855,0.3529411764705882,0.3117635344684491,0.5,0.3536573263781091
stemming,Vetorial (TF-IDF),154,0.2,1.0,0.33333333333333337,0.5,0.5,0.5992429307166866
stemming,BM25,154,0.2,1.0,0.33333333333333337,0.75,1.0,0.7724397457735779
stemming,Vetorial (TF-IDF),155,0.3,0.5,0.37499999999999994,0.38222058143524107,1.0,0.35575628001212195
stemming,BM25,155,0.1,0.16666666666666666,0.125,0.1414372017982647,0.5,0.1420364328899563
stemming,Vetorial (TF-IDF),156,0.6,0.42857142857142855,0.5,0.5517583313462001,1.0,0.5393119345101176
stemming,BM25,156,0.7,0.5,0.5833333333333334,0.5368649311366411,1.0,0.5728198349525341
stemming,Vetorial (TF-IDF),157,0.7,0.1794871794871795,0.2857142857142857,0.40997183804978193,0.5,0.427912263200138
stemming,BM25,157,0.7,0.1794871794871795,0.2857142857142857,0.36940132807017767,0.5,0.5716530315155415
stemming,Vetorial (TF-IDF),158,0.3,0.375,0.33333333333333326,0.3812221293199554,1.0,0.6751549018979777
stemming,BM25,158,0.3,0.375,0.33333333333333326,0.36068014631948186,1.0,0.6396601408337269
stemming,Vetorial (TF-IDF),159,0.2,0.25,0.22222222222222224,0.10322660373683674,0.3333333333333333,0.17925138407585886
stemming,BM25,159,0.2,0.25,0.22222222222222224,0.08293081198094522,0.2,0.14807333134056339
stemming,Vetorial (TF-IDF),160,0.1,0.2,0.13333333333333333,0.04910963013417451,0.14285714285714285,0.13124938519326126
stemming,BM25,160,0.1,0.2,0.13333333333333333,0.11980136909370405,0.5,0.24842742676916893
stemming,Vetorial (TF-IDF),161,0.3,0.5,0.37499999999999994,0.5045548566247308,1.0,0.6566395281925979
stemming,BM25,161,0.3,0.5,0.37499999999999994,0.5339889579020013,1.0,0.7193068819147438
stemming,Vetorial (TF-IDF),162,0.2,0.25,0.22222222222222224,0.1862048793483858,0.5,0.1858286832974526
stemming,BM25,162,0.2,0.25,0.22222222222222224,0.23726883092520262,0.5,0.20052414662599183
stemming,Vetorial (TF-IDF),163,0.2,0.6666666666666666,0.30769230769230765,0.39453860640301314,0.5,0.5307212739772434
stemming,BM25,163,0.2,0.6666666666666666,0.30769230769230765,0.28888888888888886,0.3333333333333333,0.4367467095119258
stemming,Vetorial (TF-IDF),164,0.4,0.5,0.4444444444444445,0.34858972297052787,0.5,0.43209077392472894
stemming,BM25,164,0.4,0.5,0.4444444444444445,0.4340258771266281,1.0,0.5836009898419682
stemming,Vetorial (TF-IDF),165,0.2,1.0,0.33333333333333337,0.5,0.5,0.6509209298071326
stemming,BM25,165,0.2,1.0,0.33333333333333337,0.5833333333333333,0.5,0.6934264036172708
stemming,Vetorial (TF-IDF),166,0.0,0.0,0.0,0.03071809808696865,0.05,0.0
stemming,BM25,166,0.0,0.0,0.0,0.03376843448344857,0.0625,0.0
stemming,Vetorial (TF-IDF),167,0.1,0.5,0.16666666666666669,0.16233766233766234,0.14285714285714285,0.23463936301137822
stemming,BM25,167,0.2,1.0,0.33333333333333337,0.41666666666666663,0.3333333333333333,0.5540663910176149
stemming,Vetorial (TF-IDF),168,0.2,1.0,0.33333333333333337,0.225,0.2,0.430624116386567
stemming,BM25,168,0.1,0.5,0.16666666666666669,0.10476190476190475,0.14285714285714285,0.20438239758848611
stemming,Vetorial (TF-IDF),169,0.3,0.75,0.4285714285714285,0.26793546365914783,0.3333333333333333,0.4573973988771914
stemming,BM25,169,0.2,0.5,0.28571428571428575,0.2773584905660378,0.5,0.4144299250118475
stemming,Vetorial (TF-IDF),170,0.5,0.8333333333333334,0.625,0.6237362899380067,1.0,0.8062686170168545
stemming,BM25,170,0.4,0.6666666666666666,0.5,0.5789682539682539,1.0,0.7407757680700243
stemming,Vetorial (TF-IDF),171,0.3,1.0,0.4615384615384615,0.42063492063492064,0.5,0.6096316050431627
stemming,BM25,171,0.3,1.0,0.4615384615384615,0.6388888888888888,0.5,0.6757709465491791
stemming,Vetorial (TF-IDF),172,0.4,1.0,0.5714285714285715,0.8875,1.0,0.925248016143815
stemming,BM25,172,0.4,1.0,0.5714285714285715,0.8041666666666667,1.0,0.8940187669412318
stemming,Vetorial (TF-IDF),173,0.2,1.0,0.33333333333333337,0.5833333333333333,0.5,0.6934264036172708
stemming,BM25,173,0.2,1.0,0.33333333333333337,1.0,1.0,1.0
stemming,Vetorial (TF-IDF),174,0.1,0.2,0.13333333333333333,0.14959984310530802,0.5,0.24736034386322436
stemming,BM25,174,0.1,0.2,0.13333333333333333,0.07902762616800393,0.2,0.1516683004412345
stemming,Vetorial (TF-IDF),175,0.0,0.0,0.0,0.04759434629462884,0.07142857142857142,0.0
stemming,BM25,175,0.0,0.0,0.0,0.04038916625402222,0.05555555555555555,0.0
stemming,Vetorial (TF-IDF),176,0.0,0.0,0.0,0.04869578642654769,0.07142857142857142,0.0
stemming,BM25,176,0.0,0.0,0.0,0.050202833601251204,0.08333333333333333,0.0
stemming,Vetorial (TF-IDF),177,0.5,1.0,0.6666666666666666,0.8711111111111111,1.0,0.8078082561040012
stemming,BM25,177,0.3,0.6,0.4,0.656060606060606,1.0,0.735051111575158
stemming,Vetorial (TF-IDF),178,0.2,0.5,0.28571428571428575,0.5348484848484848,1.0,0.807423638286933
stemming,BM25,178,0.3,0.75,0.4285714285714285,0.4888888888888888,1.0,0.8056332245823165
stemming,Vetorial (TF-IDF),179,0.2,0.5,0.28571428571428575,0.2396301849075462,0.3333333333333333,0.36331756126716835
stemming,BM25,179,0.2,0.5,0.28571428571428575,0.3194677871148459,0.5,0.44149241373678083
stemming,Vetorial (TF-IDF),180,0.3,0.42857142857142855,0.3529411764705882,0.3587331350489245,0.5,0.33654056128817356
stemming,BM25,180,0.3,0.42857142857142855,0.3529411764705882,0.3968706404337633,0.5,0.39216949344416374
stemming,Vetorial (TF-IDF),181,0.2,0.4,0.26666666666666666,0.2858771663119489,1.0,0.3670217265622339
stemming,BM25,181,0.2,0.4,0.26666666666666666,0.269859975415531,1.0,0.3571560500460547
stemming,Vetorial (TF-IDF),182,0.2,1.0,0.33333333333333337,0.5833333333333333,0.5,0.66967181649423
stemming,BM25,182,0.2,1.0,0.33333333333333337,0.5833333333333333,0.5,0.66967181649423
stemming,Vetorial (TF-IDF),183,0.7,0.5384615384615384,0.608695652173913,0.555235862130788,1.0,0.6170819422329891
stemming,BM25,183,0.5,0.38461538461538464,0.4347826086956522,0.4399393378655056,1.0,0.5852487607611395
stemming,Vetorial (TF-IDF),184,0.3,0.42857142857142855,0.3529411764705882,0.17686550737398193,0.25,0.3099525686458893
stemming,BM25,184,0.3,0.42857142857142855,0.3529411764705882,0.253768985304792,0.5,0.3764684625239823
stemming,Vetorial (TF-IDF),185,0.6,0.6666666666666666,0.631578947368421,0.6865411821294174,1.0,0.5843768424379142
stemming,BM25,185,0.6,0.6666666666666666,0.631578947368421,0.8246031746031746,1.0,0.8261838682270954
stemming,Vetorial (TF-IDF),186,0.4,0.25,0.3076923076923077,0.26236197654123894,1.0,0.5224955967919311
stemming,BM25,186,0.4,0.25,0.3076923076923077,0.17426840792492193,0.5,0.37326895379685443
stemming,Vetorial (TF-IDF),187,0.1,0.16666666666666666,0.125,0.12666185623707313,0.3333333333333333,0.15992002911428893
stemming,BM25,187,0.1,0.16666666666666666,0.125,0.13370934509119192,0.5,0.20179660912043726
stemming,Vetorial (TF-IDF),188,0.4,0.36363636363636365,0.380952380952381,0.48278825322955954,1.0,0.5777410768766771
stemming,BM25,188,0.4,0.36363636363636365,0.380952380952381,0.4683151617084341,1.0,0.5676604666844975
stemming,Vetorial (TF-IDF),189,0.1,0.1111111111111111,0.10526315789473685,0.15176141552880182,0.25,0.08331196266395255
stemming,BM25,189,0.3,0.3333333333333333,0.3157894736842105,0.17577493296011815,0.2,0.1708049951447355
stemming,Vetorial (TF-IDF),190,0.5,1.0,0.6666666666666666,0.6926190476190476,1.0,0.741343544191356
stemming,BM25,190,0.2,0.4,0.26666666666666666,0.4179085941381023,1.0,0.4141310738940405
stemming,Vetorial (TF-IDF),191,0.5,0.38461538461538464,0.4347826086956522,0.496222288239724,0.5,0.2984890589050974
stemming,BM25,191,0.4,0.3076923076923077,0.34782608695652173,0.367239471834285,0.2,0.2391517812687305
stemming,Vetorial (TF-IDF),192,0.3,0.75,0.4285714285714285,0.5162037037037037,0.5,0.6096199500078984
stemming,BM25,192,0.3,0.75,0.4285714285714285,0.508578431372549,0.5,0.6096199500078984
stemming,Vetorial (TF-IDF),193,0.7,0.7777777777777778,0.7368421052631577,0.7374640304464866,1.0,0.704340843622561
stemming,BM25,193,0.8,0.8888888888888888,0.8421052631578948,0.8217760738947179,1.0,0.8804078319969554
stemming,Vetorial (TF-IDF),194,0.1,0.16666666666666666,0.125,0.14345238095238094,0.16666666666666666,0.08082087980796286
stemming,BM25,194,0.3,0.5,0.37499999999999994,0.24958282458282458,0.3333333333333333,0.32527302754744153
stemming,Vetorial (TF-IDF),195,0.0,0.0,0.0,0.06472754298841256,0.07692307692307693,0.0
stemming,BM25,195,0.1,0.3333333333333333,0.15384615384615383,0.12492401215805471,0.2,0.18154179253735267
stemming,Vetorial (TF-IDF),196,0.2,0.16666666666666666,0.1818181818181818,0.24074175070624462,1.0,0.32344016440269563
stemming,BM25,196,0.3,0.25,0.2727272727272727,0.15504847952657555,0.5,0.2952819749811217
stemming,Vetorial (TF-IDF),197,0.3,1.0,0.4615384615384615,0.7666666666666666,1.0,0.8496842052283847
stemming,BM25,197,0.2,0.6666666666666666,0.30769230769230765,0.6180555555555555,1.0,0.6651640917528849
stemming,Vetorial (TF-IDF),198,0.3,0.75,0.4285714285714285,0.4644683026584867,1.0,0.6746613743285526
stemming,BM25,198,0.3,0.75,0.4285714285714285,0.4939708141321044,1.0,0.7000317044829032
stemming,Vetorial (TF-IDF),199,0.3,0.375,0.33333333333333326,0.12451488554223186,0.25,0.22698397122664646
stemming,BM25,199,0.2,0.25,0.22222222222222224,0.08904347120810537,0.14285714285714285,0.1442701050744509
stemming,Vetorial (TF-IDF),200,0.2,0.6666666666666666,0.30769230769230765,0.2913165266106443,0.5,0.45250815297345076
stemming,BM25,200,0.2,0.6666666666666666,0.30769230769230765,0.34347826086956523,0.5,0.4776237035032179
stemming,Vetorial (TF-IDF),201,0.4,0.25,0.3076923076923077,0.26861822699680366,1.0,0.4129865265677973
stemming,BM25,201,0.5,0.3125,0.38461538461538464,0.3226359295753417,1.0,0.5782441006315759
stemming,Vetorial (TF-IDF),202,0.2,0.14285714285714285,0.16666666666666666,0.17800671864300763,0.3333333333333333,0.0825504200459564
stemming,BM25,202,0.3,0.21428571428571427,0.25,0.21473872975928196,0.5,0.21329730238906844
stemming,Vetorial (TF-IDF),203,0.3,0.21428571428571427,0.25,0.108910325672562,0.2,0.2523051715474649
stemming,BM25,203,0.3,0.21428571428571427,0.25,0.15173482744566216,0.5,0.3535743332905057
stemming,Vetorial (TF-IDF),204,0.1,0.07142857142857142,0.08333333333333333,0.055952169435955997,0.25,0.14789555454390252
stemming,BM25,204,0.0,0.0,0.0,0.03922247918528802,0.0625,0.0
stemming,Vetorial (TF-IDF),205,0.2,1.0,0.33333333333333337,0.5,0.5,0.6509209298071326
stemming,BM25,205,0.2,1.0,0.33333333333333337,0.75,1.0,0.8772153153380493
stemming,Vetorial (TF-IDF),206,0.2,0.6666666666666666,0.30769230769230765,0.2457331042382589,0.3333333333333333,0.4514939028009785
stemming,BM25,206,0.2,0.6666666666666666,0.30769230769230765,0.27961939840392874,0.5,0.5025482315787808
stemming,Vetorial (TF-IDF),207,0.3,0.6,0.4,0.2126737651582372,0.25,0.30281257108628074
stemming,BM25,207,0.2,0.4,0.26666666666666666,0.19148642456180545,0.5,0.3460188460641082
stemming,Vetorial (TF-IDF),208,0.5,0.8333333333333334,0.625,0.5356753812636165,0.5,0.6843080270203691
stemming,BM25,208,0.6,1.0,0.7499999999999999,0.7027777777777778,0.5,0.7711046000160218
stemming,Vetorial (TF-IDF),209,0.2,0.16666666666666666,0.1818181818181818,0.1543021761430804,0.3333333333333333,0.08725688360841177
stemming,BM25,209,0.2,0.16666666666666666,0.1818181818181818,0.14549794801112922,0.3333333333333333,0.13406026879118524
stemming,Vetorial (TF-IDF),210,0.2,0.3333333333333333,0.25,0.39792656449553004,1.0,0.5367050799050339
stemming,BM25,210,0.2,0.3333333333333333,0.25,0.34665279314402114,1.0,0.48255059646431975
stemming,Vetorial (TF-IDF),211,0.2,0.18181818181818182,0.1904761904761905,0.23431270735056742,1.0,0.18268948022101741
stemming,BM25,211,0.1,0.09090909090909091,0.09523809523809525,0.16608313028416302,0.3333333333333333,0.054806844066305226
stemming,Vetorial (TF-IDF),212,0.5,0.35714285714285715,0.41666666666666663,0.48314764240288793,1.0,0.5753581483249247
stemming,BM25,212,0.6,0.42857142857142855,0.5,0.4937470086350203,1.0,0.5990459684376467
stemming,Vetorial (TF-IDF),213,0.5,0.45454545454545453,0.47619047619047616,0.4772198546134717,0.5,0.5065319764997506
stemming,BM25,213,0.5,0.45454545454545453,0.47619047619047616,0.5784343580692465,1.0,0.5882174287776927
stemming,Vetorial (TF-IDF),214,0.1,0.25,0.14285714285714288,0.17078311202821528,0.5,0.24630238874073
stemming,BM25,214,0.1,0.25,0.14285714285714288,0.1564350396279557,0.5,0.24630238874073
stemming,Vetorial (TF-IDF),215,0.0,0.0,0.0,0.05541069100391134,0.07692307692307693,0.0
stemming,BM25,215,0.0,0.0,0.0,0.04390681003584229,0.05555555555555555,0.0
stemming,Vetorial (TF-IDF),216,0.0,0.0,0.0,0.0014641288433382138,0.0014641288433382138,0.0
stemming,BM25,216,0.0,0.0,0.0,0.0016420361247947454,0.0016420361247947454,0.0
stemming,Vetorial (TF-IDF),217,0.5,0.3333333333333333,0.4,0.31392493860690657,0.5,0.41400671393090355
stemming,BM25,217,0.3,0.2,0.24,0.2821228048555812,1.0,0.3633594916076798
stemming,Vetorial (TF-IDF),218,0.3,0.2,0.24,0.19496755265647456,0.5,0.23899849390263336
stemming,BM25,218,0.5,0.3333333333333333,0.4,0.25816767078208624,0.3333333333333333,0.3555712397618239
stemming,Vetorial (TF-IDF),219,0.0,0.0,0.0,0.042041212675894314,0.05555555555555555,0.0
stemming,BM25,219,0.0,0.0,0.0,0.037145791247787975,0.02,0.0
stemming,Vetorial (TF-IDF),220,0.3,0.15789473684210525,0.20689655172413793,0.14693961941837624,0.16666666666666666,0.12565512388200745
stemming,BM25,220,0.3,0.15789473684210525,0.20689655172413793,0.22426815990326604,1.0,0.2749002908196806
stemming,Vetorial (TF-IDF),221,0.3,0.16666666666666666,0.21428571428571427,0.19109379618878883,1.0,0.2682111981911562
stemming,BM25,221,0.4,0.2222222222222222,0.2857142857142857,0.2344372385258131,1.0,0.36997682515423536
stemming,Vetorial (TF-IDF),222,0.6,0.6666666666666666,0.631578947368421,0.6104111930923142,1.0,0.718222379094406
stemming,BM25,222,0.6,0.6666666666666666,0.631578947368421,0.7048164181497514,1.0,0.7398217775088498
stemming,Vetorial (TF-IDF),223,0.2,0.5,0.28571428571428575,0.4752770673486786,1.0,0.5855700749881525
stemming,BM25,223,0.3,0.75,0.4285714285714285,0.5009057971014492,0.5,0.6096199500078984
stemming,Vetorial (TF-IDF),224,0.1,0.125,0.11111111111111112,0.1026031501893854,0.1,0.07615522391981054
stemming,BM25,224,0.1,0.125,0.11111111111111112,0.12845181060641586,0.14285714285714285,0.08781792985086533
stemming,Vetorial (TF-IDF),225,0.3,0.125,0.17647058823529413,0.10057140680982106,0.5,0.21072466510326426
stemming,BM25,225,0.3,0.125,0.17647058823529413,0.09613139052374936,0.5,0.19653126457253
both,Vetorial (TF-IDF),1,0.5,0.17857142857142858,0.2631578947368421,0.287339797875003,1.0,0.5043028586926324
both,BM25,1,0.4,0.14285714285714285,0.21052631578947364,0.23388176552346168,1.0,0.3600040790944101
both,Vetorial (TF-IDF),2,0.4,0.16666666666666666,0.23529411764705882,0.23271584313513874,1.0,0.6049211728888212
both,BM25,2,0.4,0.16666666666666666,0.23529411764705882,0.2154632210670113,1.0,0.5869866805081211
both,Vetorial (TF-IDF),3,0.7,0.875,0.7777777777777777,0.6775268440709618,0.5,0.7434060993872782
both,BM25,3,0.7,0.875,0.7777777777777777,0.6708423520923521,0.5,0.7434060993872782
both,Vetorial (TF-IDF),4,0.1,0.5,0.16666666666666669,0.5555555555555556,1.0,0.6131471927654584
both,BM25,4,0.1,0.5,0.16666666666666669,0.5344827586206896,1.0,0.6131471927654584
both,Vetorial (TF-IDF),5,0.3,0.75,0.4285714285714285,0.34289554531490013,0.5,0.5522621499320756
both,BM25,5,0.3,0.75,0.4285714285714285,0.41515151515151516,0.5,0.5882457875906547
both,Vetorial (TF-IDF),6,0.1,0.25,0.14285714285714288,0.08867751355861495,0.2,0.12635615681975276
both,BM25,6,0.1,0.25,0.14285714285714288,0.1762945914844649,0.5,0.20607801570427584
both,Vetorial (TF-IDF),7,0.2,0.4,0.26666666666666666,0.16461422297224204,0.25,0.25115857099522293
both,BM25,7,0.2,0.4,0.26666666666666666,0.17883547338540057,0.3333333333333333,0.2724558813422326
both,Vetorial (TF-IDF),8,0.1,0.09090909090909091,0.09523809523809525,0.14943786823512034,0.5,0.16842717545221192
both,BM25,8,0.1,0.09090909090909091,0.09523809523809525,0.11971239777009396,0.5,0.16842717545221192
both,Vetorial (TF-IDF),9,0.3,1.0,0.4615384615384615,1.0,1.0,1.0
both,BM25,9,0.3,1.0,0.4615384615384615,0.9166666666666666,1.0,0.9674679834891694
both,Vetorial (TF-IDF),10,0.2,0.25,0.22222222222222224,0.21745373883231775,1.0,0.3089157321922826
both,BM25,10,0.1,0.125,0.11111111111111112,0.150758153444285,0.5,0.1323000828051301
both,Vetorial (TF-IDF),11,0.2,0.2857142857142857,0.23529411764705882,0.2187522198183179,0.5,0.19888195389375996
both,BM25,11,0.2,0.2857142857142857,0.23529411764705882,0.2296918105811981,0.5,0.21668217922435443
both,Vetorial (TF-IDF),12,0.3,0.6,0.4,0.23814961206265553,0.3333333333333333,0.35552134039297395
both,BM25,12,0.2,0.4,0.26666666666666666,0.27849129593810446,0.5,0.28785434950844296
both,Vetorial (TF-IDF),13,0.0,0.0,0.0,0.0,0.0,0.0
both,BM25,13,0.0,0.0,0.0,0.0,0.0,0.0
both,Vetorial (TF-IDF),14,0.2,1.0,0.33333333333333337,0.6111111111111112,1.0,0.9287616579255922
both,BM25,14,0.1,0.5,0.16666666666666669,0.5833333333333334,1.0,0.8637574337885663
both,Vetorial (TF-IDF),15,0.2,1.0,0.33333333333333337,0.75,1.0,0.7074887171046738
both,BM25,15,0.2,1.0,0.33333333333333337,1.0,1.0,0.8597186998521972
both,Vetorial (TF-IDF),16,0.1,0.3333333333333333,0.15384615384615383,0.35524425287356326,1.0,0.38009376671593426
both,BM25,16,0.1,0.3333333333333333,0.15384615384615383,0.19877344877344874,0.5,0.23981246656813146
both,Vetorial (TF-IDF),17,0.1,0.5,0.16666666666666669,0.5079365079365079,1.0,0.7039180890341347
both,BM25,17,0.1,0.5,0.16666666666666669,0.10694444444444445,0.2,0.272312688806029
both,Vetorial (TF-IDF),18,0.1,0.3333333333333333,0.15384615384615383,0.10590253946465339,0.25,0.20210734650054762
both,BM25,18,0.1,0.3333333333333333,0.15384615384615383,0.19550601556970984,0.5,0.2960819109658653
both,Vetorial (TF-IDF),19,0.1,0.1111111111111111,0.10526315789473685,0.1336416864638973,1.0,0.29929892505139594
both,BM25,19,0.1,0.1111111111111111,0.10526315789473685,0.07681530021153814,0.5,0.18883659702687935
both,Vetorial (TF-IDF),20,0.6,0.6666666666666666,0.631578947368421,0.6286121286121286,0.5,0.6032706592454551
both,BM25,20,0.6,0.6666666666666666,0.631578947368421,0.5846034874490159,0.5,0.5966758057480421
both,Vetorial (TF-IDF),21,0.3,0.75,0.4285714285714285,0.2045662100456621,0.25,0.42842674382716245
both,BM25,21,0.0,0.0,0.0,0.07080275313583641,0.09090909090909091,0.0
both,Vetorial (TF-IDF),22,0.0,0.0,0.0,0.0,0.0,0.0
both,BM25,22,0.0,0.0,0.0,0.0,0.0,0.0
both,Vetorial (TF-IDF),23,0.6,0.1875,0.2857142857142857,0.28389765926762905,0.5,0.49621324789759225
both,BM25,23,0.5,0.15625,0.23809523809523808,0.24256194971693104,0.5,0.3952495742814944
both,Vetorial (TF-IDF),24,0.2,0.6666666666666666,0.30769230769230765,0.32083333333333336,0.5,0.518149817909464
both,BM25,24,0.2,0.6666666666666666,0.30769230769230765,0.3645833333333333,0.5,0.540460348067574
both,Vetorial (TF-IDF),25,0.5,0.5555555555555556,0.5263157894736842,0.6184147454695399,1.0,0.6347220621109205
both,BM25,25,0.6,0.6666666666666666,0.631578947368421,0.6901241123449106,1.0,0.7271751793430841
both,Vetorial (TF-IDF),26,0.3,0.5,0.37499999999999994,0.18669732132826167,0.25,0.35085751354230704
both,BM25,26,0.2,0.3333333333333333,0.25,0.2381745825805046,0.5,0.3918360297400495
both,Vetorial (TF-IDF),27,0.0,0.0,0.0,0.08110119047619048,0.07142857142857142,0.0
both,BM25,27,0.1,0.3333333333333333,0.15384615384615383,0.120415982484948,0.14285714285714285,0.12669792223864473
both,Vetorial (TF-IDF),28,0.0,0.0,0.0,0.006082179959507451,0.004132231404958678,0.0
both,BM25,28,0.0,0.0,0.0,0.005160256410256411,0.004166666666666667,0.0
both,Vetorial (TF-IDF),29,0.4,0.4444444444444444,0.4210526315789474,0.5341260394451885,1.0,0.5616984228813139
both,BM25,29,0.4,0.4444444444444444,0.4210526315789474,0.43631315243187396,1.0,0.5027196907974661
both,Vetorial (TF-IDF),30,0.0,0.0,0.0,0.06472365779156238,0.058823529411764705,0.0
both,BM25,30,0.1,0.14285714285714285,0.11764705882352941,0.07424948597503186,0.14285714285714285,0.11020989177680433
both,Vetorial (TF-IDF),31,0.0,0.0,0.0,0.0009025270758122744,0.0009025270758122744,0.0
both,BM25,31,0.0,0.0,0.0,0.0009149130832570906,0.0009149130832570906,0.0
both,Vetorial (TF-IDF),32,0.2,0.3333333333333333,0.25,0.16406845501759396,0.3333333333333333,0.13554319933109843
both,BM25,32,0.2,0.3333333333333333,0.25,0.13254820398578626,0.3333333333333333,0.1291607334315776
both,Vetorial (TF-IDF),33,0.3,1.0,0.4615384615384615,0.5888888888888889,0.5,0.6740190899733329
both,BM25,33,0.3,1.0,0.4615384615384615,0.6388888888888888,0.5,0.6973180732318199
both,Vetorial (TF-IDF),34,0.3,0.5,0.37499999999999994,0.2874048337283632,0.2,0.24590172521758002
both,BM25,34,0.3,0.5,0.37499999999999994,0.32804768331084116,0.3333333333333333,0.3560639641845067
both,Vetorial (TF-IDF),35,0.0,0.0,0.0,0.03627450980392157,0.058823529411764705,0.0
both,BM25,35,0.0,0.0,0.0,0.03341013824884793,0.03571428571428571,0.0
both,Vetorial (TF-IDF),36,0.1,0.5,0.16666666666666669,0.2518939393939394,0.5,0.2960819109658652
both,BM25,36,0.1,0.5,0.16666666666666669,0.502375296912114,1.0,0.46927872602275644
both,Vetorial (TF-IDF),37,0.2,0.2222222222222222,0.2105263157894737,0.17155958887048645,0.3333333333333333,0.18356686646723408
both,BM25,37,0.1,0.1111111111111111,0.10526315789473685,0.0947992496607924,0.1111111111111111,0.05937522820073476
both,Vetorial (TF-IDF),38,0.0,0.0,0.0,0.03404499629666792,0.034482758620689655,0.0
both,BM25,38,0.0,0.0,0.0,0.04899378661617591,0.09090909090909091,0.0
both,Vetorial (TF-IDF),39,0.2,0.15384615384615385,0.17391304347826086,0.14187552408196236,0.25,0.15924869111469558
both,BM25,39,0.2,0.15384615384615385,0.17391304347826086,0.15488046860135307,0.5,0.245451881836334
both,Vetorial (TF-IDF),40,0.1,0.08333333333333333,0.0909090909090909,0.043526741964497406,0.1,0.045432163246112496
both,BM25,40,0.2,0.16666666666666666,0.1818181818181818,0.10257212676188603,0.3333333333333333,0.1393861786187838
both,Vetorial (TF-IDF),41,0.3,1.0,0.4615384615384615,0.8333333333333334,1.0,0.9119982885888461
both,BM25,41,0.3,1.0,0.4615384615384615,0.8666666666666667,1.0,0.9272758027051587
both,Vetorial (TF-IDF),42,0.3,0.6,0.4,0.20266161535905697,0.2,0.3666271770943989
both,BM25,42,0.3,0.6,0.4,0.18834041625803638,0.16666666666666666,0.3634706911650262
both,Vetorial (TF-IDF),43,0.4,0.6666666666666666,0.5,0.60505698005698,1.0,0.7532463443169256
both,BM25,43,0.4,0.6666666666666666,0.5,0.5584905339723327,1.0,0.7873362959749128
both,Vetorial (TF-IDF),44,0.0,0.0,0.0,0.0,0.0,0.0
both,BM25,44,0.0,0.0,0.0,0.0,0.0,0.0
both,Vetorial (TF-IDF),45,0.2,0.16666666666666666,0.1818181818181818,0.21753465667013114,1.0,0.38818246147833363
both,BM25,45,0.1,0.08333333333333333,0.0909090909090909,0.2072463320436803,1.0,0.279901702223461
both,Vetorial (TF-IDF),46,0.4,0.26666666666666666,0.32,0.310780959362001,1.0,0.4520869177940609
both,BM25,46,0.6,0.4,0.48,0.3824062743107925,1.0,0.5966431453790035
both,Vetorial (TF-IDF),47,0.6,0.42857142857142855,0.5,0.3813246550738279,0.3333333333333333,0.4435906031898436
both,BM25,47,0.6,0.42857142857142855,0.5,0.40463474488737294,0.5,0.440519172880186
both,Vetorial (TF-IDF),48,0.3,0.2727272727272727,0.28571428571428564,0.19329089542878727,0.5,0.3926520435975911
both,BM25,48,0.3,0.2727272727272727,0.28571428571428564,0.2065592842309828,0.5,0.39957899626793536
both,Vetorial (TF-IDF),49,0.1,0.5,0.16666666666666669,0.20238095238095238,0.3333333333333333,0.38009376671593426
both,BM25,49,0.1,0.5,0.16666666666666669,0.13448275862068965,0.2,0.2940806813328203
both,Vetorial (TF-IDF),50,0.1,0.16666666666666666,0.125,0.1855080815225291,1.0,0.4568625914789285
both,BM25,50,0.1,0.16666666666666666,0.125,0.10073756608528694,0.5,0.2882482022578178
both,Vetorial (TF-IDF),51,0.6,0.6,0.6,0.48690698269927435,1.0,0.48188333036571024
both,BM25,51,0.6,0.6,0.6,0.504439100952423,1.0,0.4836973088156431
both,Vetorial (TF-IDF),52,0.4,1.0,0.5714285714285715,0.7708333333333333,1.0,0.7123434578012986
both,BM25,52,0.4,1.0,0.5714285714285715,0.5902777777777777,0.5,0.6339959090689976
both,Vetorial (TF-IDF),53,0.2,0.2,0.20000000000000004,0.32045928515282174,1.0,0.26414003318500273
both,BM25,53,0.2,0.2,0.20000000000000004,0.27758485737832317,1.0,0.2130483765146811
both,Vetorial (TF-IDF),54,0.1,0.1111111111111111,0.10526315789473685,0.12506235192472823,0.5,0.21285246057565374
both,BM25,54,0.1,0.1111111111111111,0.10526315789473685,0.1418398800726387,0.5,0.21285246057565374
both,Vetorial (TF-IDF),55,0.3,0.3,0.3,0.36937663778940977,1.0,0.34325040179315
both,BM25,55,0.4,0.4,0.4000000000000001,0.3993635071289303,1.0,0.3417898878078204
both,Vetorial (TF-IDF),56,0.2,0.2,0.20000000000000004,0.1381773975350346,0.25,0.1569332053453995
both,BM25,56,0.2,0.2,0.20000000000000004,0.12880805153512911,0.3333333333333333,0.15797981595069657
both,Vetorial (TF-IDF),57,0.1,0.07142857142857142,0.08333333333333333,0.08143112764555145,0.3333333333333333,0.18506716146503144
both,BM25,57,0.1,0.07142857142857142,0.08333333333333333,0.07887808940332416,0.3333333333333333,0.18506716146503144
both,Vetorial (TF-IDF),58,0.2,0.2222222222222222,0.2105263157894737,0.19563387064087934,0.16666666666666666,0.16111577915261666
both,BM25,58,0.1,0.1111111111111111,0.10526315789473685,0.154599856030062,0.125,0.12108270501347645
both,Vetorial (TF-IDF),59,0.1,0.25,0.14285714285714288,0.11763888888888888,0.3333333333333333,0.16331296355715133
both,BM25,59,0.1,0.25,0.14285714285714288,0.3105293828978039,1.0,0.32662592711430266
both,Vetorial (TF-IDF),60,0.3,0.6,0.4,0.3866228070175438,0.5,0.4069938497554078
both,BM25,60,0.3,0.6,0.4,0.36036281179138324,0.5,0.40567263115233965
both,Vetorial (TF-IDF),61,0.3,0.6,0.4,0.3639455782312925,0.5,0.5315616591032623
both,BM25,61,0.3,0.6,0.4,0.5473304473304473,1.0,0.6294429748465851
both,Vetorial (TF-IDF),62,0.0,0.0,0.0,0.04156756291193053,0.09090909090909091,0.0
both,BM25,62,0.0,0.0,0.0,0.03368186062303709,0.08333333333333333,0.0
both,Vetorial (TF-IDF),63,0.0,0.0,0.0,0.037727205116763356,0.037037037037037035,0.0
both,BM25,63,0.0,0.0,0.0,0.050262876743139895,0.05263157894736842,0.0
both,Vetorial (TF-IDF),64,0.2,1.0,0.33333333333333337,0.6666666666666666,1.0,0.86013962778462
both,BM25,64,0.1,0.5,0.16666666666666669,0.5434782608695652,1.0,0.6787956981029196
both,Vetorial (TF-IDF),65,0.5,0.3333333333333333,0.4,0.3671833962270606,1.0,0.5595349078157884
both,BM25,65,0.5,0.3333333333333333,0.4,0.2652404545946399,0.5,0.4319302016491222
both,Vetorial (TF-IDF),66,0.2,0.4,0.26666666666666666,0.15149435970331493,0.25,0.29159989199306674
both,BM25,66,0.1,0.2,0.13333333333333333,0.10607601224949223,0.2,0.15416868446868615
both,Vetorial (TF-IDF),67,0.8,0.5714285714285714,0.6666666666666666,0.6077840897184027,1.0,0.8132693563886886
both,BM25,67,0.6,0.42857142857142855,0.5,0.5349469651105387,1.0,0.6667691030526519
both,Vetorial (TF-IDF),68,0.1,0.2,0.13333333333333333,0.0733828509633171,0.16666666666666666,0.15494189208647555
both,BM25,68,0.1,0.2,0.13333333333333333,0.06056543651851569,0.16666666666666666,0.15494189208647555
both,Vetorial (TF-IDF),69,0.0,0.0,0.0,0.050651945404238986,0.05555555555555555,0.0
both,BM25,69,0.0,0.0,0.0,0.042877217815755396,0.06666666666666667,0.0
both,Vetorial (TF-IDF),70,0.1,0.1,0.10000000000000002,0.09595654975592226,0.1,0.07016329475260931
both,BM25,70,0.2,0.2,0.20000000000000004,0.09897889769313399,0.16666666666666666,0.1375079324744767
both,Vetorial (TF-IDF),71,0.0,0.0,0.0,0.03629877081255944,0.05555555555555555,0.0
both,BM25,71,0.0,0.0,0.0,0.04529576027420855,0.09090909090909091,0.0
both,Vetorial (TF-IDF),72,0.3,0.17647058823529413,0.22222222222222224,0.133418250644661,0.3333333333333333,0.24026445430052007
both,BM25,72,0.2,0.11764705882352941,0.14814814814814817,0.13721611411587287,1.0,0.31363830294644224
both,Vetorial (TF-IDF),73,0.6,0.3,0.4,0.36131325074180665,1.0,0.5976692680313036
both,BM25,73,0.7,0.35,0.4666666666666667,0.36316265181361046,1.0,0.6551176893703071
both,Vetorial (TF-IDF),74,0.1,0.16666666666666666,0.125,0.12473544973544971,0.1,0.12271864589277058
both,BM25,74,0.1,0.16666666666666666,0.125,0.154349871261636,0.125,0.13392643788248648
both,Vetorial (TF-IDF),75,0.1,0.2,0.13333333333333333,0.22625553735135898,1.0,0.2899845889212568
both,BM25,75,0.0,0.0,0.0,0.03235643397012054,0.07692307692307693,0.0
both,Vetorial (TF-IDF),76,0.3,0.42857142857142855,0.3529411764705882,0.3613960019123396,1.0,0.48187536452772345
both,BM25,76,0.2,0.2857142857142857,0.23529411764705882,0.20858745238718096,0.5,0.324779646301465
both,Vetorial (TF-IDF),77,0.4,0.6666666666666666,0.5,0.4319444444444444,0.5,0.4444021890660977
both,BM25,77,0.3,0.5,0.37499999999999994,0.3863239830345093,1.0,0.39615383721310166
both,Vetorial (TF-IDF),78,0.3,1.0,0.4615384615384615,0.6388888888888888,0.5,0.6754055627176532
both,BM25,78,0.3,1.0,0.4615384615384615,0.7555555555555555,1.0,0.8122044324192951
both,Vetorial (TF-IDF),79,0.0,0.0,0.0,0.06339834970408219,0.06666666666666667,0.0
both,BM25,79,0.0,0.0,0.0,0.06089530668308076,0.0625,0.0
both,Vetorial (TF-IDF),80,0.0,0.0,0.0,0.03036361283643892,0.043478260869565216,0.0
both,BM25,80,0.0,0.0,0.0,0.01709273788896628,0.02564102564102564,0.0
both,Vetorial (TF-IDF),81,0.2,1.0,0.33333333333333337,0.325,0.25,0.4555368256020691
both,BM25,81,0.2,1.0,0.33333333333333337,0.75,1.0,0.5879394370415081
both,Vetorial (TF-IDF),82,0.2,0.4,0.26666666666666666,0.4625418060200669,1.0,0.5171184733269939
both,BM25,82,0.3,0.6,0.4,0.28290321736171103,0.5,0.4546343035603415
both,Vetorial (TF-IDF),83,0.1,0.25,0.14285714285714288,0.08472398813307905,0.2,0.15101961822780524
both,BM25,83,0.1,0.25,0.14285714285714288,0.10496363987021533,0.25,0.16812753627111748
both,Vetorial (TF-IDF),84,0.4,0.36363636363636365,0.380952380952381,0.3262855110934501,1.0,0.34148614251383314
both,BM25,84,0.4,0.36363636363636365,0.380952380952381,0.4315948699540051,1.0,0.38553053452440805
both,Vetorial (TF-IDF),85,0.1,0.25,0.14285714285714288,0.09966863873336436,0.3333333333333333,0.1289633271351919
both,BM25,85,0.1,0.25,0.14285714285714288,0.26279995578062715,1.0,0.2579266542703838
both,Vetorial (TF-IDF),86,0.2,1.0,0.33333333333333337,0.5,0.5,0.6509209298071326
both,BM25,86,0.2,1.0,0.33333333333333337,0.5833333333333333,0.5,0.6934264036172708
both,Vetorial (TF-IDF),87,0.0,0.0,0.0,0.011787281827073321,0.012345679012345678,0.0
both,BM25,87,0.0,0.0,0.0,0.011400327053261538,0.01694915254237288,0.0
both,Vetorial (TF-IDF),88,0.6,1.0,0.7499999999999999,0.7662698412698413,1.0,0.8850472236081661
both,BM25,88,0.6,1.0,0.7499999999999999,0.6496031746031746,0.5,0.7280606648311084
both,Vetorial (TF-IDF),89,0.1,0.16666666666666666,0.125,0.16612807390796006,0.3333333333333333,0.21226838189890235
both,BM25,89,0.2,0.3333333333333333,0.25,0.22389683959451404,0.3333333333333333,0.3217572077985345
both,Vetorial (TF-IDF),90,0.3,0.23076923076923078,0.2608695652173913,0.20357159082956247,0.3333333333333333,0.16131216445123775
both,BM25,90,0.3,0.23076923076923078,0.2608695652173913,0.20003036320807097,0.5,0.18132022134674636
both,Vetorial (TF-IDF),91,0.4,0.4444444444444444,0.4210526315789474,0.43199531463304314,1.0,0.5447928201043065
both,BM25,91,0.5,0.5555555555555556,0.5263157894736842,0.4559797966383242,1.0,0.6477727225341792
both,Vetorial (TF-IDF),92,0.7,0.5384615384615384,0.608695652173913,0.5413967496161111,0.5,0.4117235955277859
both,BM25,92,0.6,0.46153846153846156,0.5217391304347826,0.508381098071117,1.0,0.36529776121957863
both,Vetorial (TF-IDF),93,0.1,1.0,0.18181818181818182,0.5,0.5,0.6309297535714575
both,BM25,93,0.1,1.0,0.18181818181818182,0.5,0.5,0.6309297535714575
both,Vetorial (TF-IDF),94,0.5,0.4166666666666667,0.45454545454545453,0.5465911967087967,1.0,0.5276012646526039
both,BM25,94,0.6,0.5,0.5454545454545454,0.591919742535251,1.0,0.5605113814718418
both,Vetorial (TF-IDF),95,0.2,1.0,0.33333333333333337,0.3333333333333333,0.3333333333333333,0.4156462850570397
both,BM25,95,0.2,1.0,0.33333333333333337,0.45,0.5,0.4703895542422443
both,Vetorial (TF-IDF),96,0.5,0.38461538461538464,0.4347826086956522,0.35937171749979624,0.5,0.3272975653536029
both,BM25,96,0.7,0.5384615384615384,0.608695652173913,0.45653138934687204,0.5,0.5315890359440729
both,Vetorial (TF-IDF),97,0.2,0.2,0.20000000000000004,0.15708947831829184,0.3333333333333333,0.17486600805833882
both,BM25,97,0.3,0.3,0.3,0.18791412053326031,0.5,0.2889326477995364
both,Vetorial (TF-IDF),98,0.0,0.0,0.0,0.019891286320803843,0.045454545454545456,0.0
both,BM25,98,0.0,0.0,0.0,0.02739172390608575,0.058823529411764705,0.0
both,Vetorial (TF-IDF),99,0.2,0.5,0.28571428571428575,0.24642857142857144,0.5,0.42829853137604923
both,BM25,99,0.2,0.5,0.28571428571428575,0.271875,0.5,0.4520703757857374
both,Vetorial (TF-IDF),100,0.2,0.2222222222222222,0.2105263157894737,0.20862922202833814,0.5,0.30646854645034693
both,BM25,100,0.3,0.3333333333333333,0.3157894736842105,0.2202452625925339,0.5,0.3586906388610686
both,Vetorial (TF-IDF),101,0.5,0.8333333333333334,0.625,0.7875,1.0,0.8502318785127562
both,BM25,101,0.5,0.8333333333333334,0.625,0.811204481792717,1.0,0.8541286347110959
both,Vetorial (TF-IDF),102,0.2,0.5,0.28571428571428575,0.475438596491228,1.0,0.5461894817257589
both,BM25,102,0.3,0.75,0.4285714285714285,0.4356303418803419,1.0,0.5968790579421086
both,Vetorial (TF-IDF),103,0.0,0.0,0.0,0.03125,0.0625,0.0
both,BM25,103,0.0,0.0,0.0,0.03333333333333333,0.06666666666666667,0.0
both,Vetorial (TF-IDF),104,0.1,0.2,0.13333333333333333,0.09350944975691425,0.14285714285714285,0.11305340175787204
both,BM25,104,0.1,0.2,0.13333333333333333,0.1693533964216069,0.5,0.21398626473452756
both,Vetorial (TF-IDF),105,0.3,0.6,0.4,0.48852223816355805,1.0,0.7233726122302209
both,BM25,105,0.3,0.6,0.4,0.5580645161290323,1.0,0.7422329748991158
both,Vetorial (TF-IDF),106,0.2,0.4,0.26666666666666666,0.3649059829059829,1.0,0.5429871431029549
both,BM25,106,0.3,0.6,0.4,0.4571633531461365,1.0,0.6739728796273322
both,Vetorial (TF-IDF),107,0.4,0.5714285714285714,0.47058823529411764,0.40672422815279957,0.5,0.44595370916215116
both,BM25,107,0.4,0.5714285714285714,0.47058823529411764,0.35205193120174033,0.5,0.4198600235980826
both,Vetorial (TF-IDF),108,0.6,0.8571428571428571,0.7058823529411764,0.8310451453308597,1.0,0.8467790611040147
both,BM25,108,0.5,0.7142857142857143,0.588235294117647,0.8061533704390846,1.0,0.751755835313366
both,Vetorial (TF-IDF),109,0.0,0.0,0.0,0.03724647323274081,0.03333333333333333,0.0
both,BM25,109,0.0,0.0,0.0,0.0397064733191974,0.02564102564102564,0.0
both,Vetorial (TF-IDF),110,0.1,0.25,0.14285714285714288,0.31899932386747804,1.0,0.5028666180369032
both,BM25,110,0.1,0.25,0.14285714285714288,0.2822620623874396,1.0,0.5028666180369032
both,Vetorial (TF-IDF),111,0.3,0.42857142857142855,0.3529411764705882,0.36348651348651345,0.3333333333333333,0.32186411636455375
both,BM25,111,0.3,0.42857142857142855,0.3529411764705882,0.32798171900339085,0.5,0.26267009189595986
both,Vetorial (TF-IDF),112,0.1,0.5,0.16666666666666669,0.27439024390243905,0.5,0.23981246656813146
both,BM25,112,0.1,0.5,0.16666666666666669,0.3125,0.5,0.23981246656813146
both,Vetorial (TF-IDF),113,0.2,0.5,0.28571428571428575,0.22151001919043153,0.5,0.3853585682515056
both,BM25,113,0.1,0.25,0.14285714285714288,0.14298985956993293,0.3333333333333333,0.19519002499605084
both,Vetorial (TF-IDF),114,0.1,0.25,0.14285714285714288,0.11776852726604733,0.3333333333333333,0.2579266542703838
both,BM25,114,0.1,0.25,0.14285714285714288,0.08795952353292127,0.25,0.22216592739310984
both,Vetorial (TF-IDF),115,0.0,0.0,0.0,0.02275254938064908,0.07142857142857142,0.0
both,BM25,115,0.1,0.25,0.14285714285714288,0.04875554530616665,0.16666666666666666,0.16899301616355156
both,Vetorial (TF-IDF),116,0.1,0.2,0.13333333333333333,0.07672255261098938,0.3333333333333333,0.13315463217345028
both,BM25,116,0.1,0.2,0.13333333333333333,0.060795423704157726,0.25,0.11469315735198049
both,Vetorial (TF-IDF),117,0.0,0.0,0.0,0.03835227272727273,0.03125,0.0
both,BM25,117,0.0,0.0,0.0,0.03740562800274537,0.03225806451612903,0.0
both,Vetorial (TF-IDF),118,0.2,0.6666666666666666,0.30769230769230765,0.19111111111111112,0.3333333333333333,0.39494206369720397
both,BM25,118,0.2,0.6666666666666666,0.30769230769230765,0.2246031746031746,0.25,0.39258655345796484
both,Vetorial (TF-IDF),119,0.1,1.0,0.18181818181818182,1.0,1.0,1.0
both,BM25,119,0.1,1.0,0.18181818181818182,1.0,1.0,1.0
both,Vetorial (TF-IDF),120,0.6,0.6666666666666666,0.631578947368421,0.5568619528619528,0.5,0.6266797557268122
both,BM25,120,0.5,0.5555555555555556,0.5263157894736842,0.46173339331234065,0.5,0.5067092988432153
both,Vetorial (TF-IDF),121,0.5,0.7142857142857143,0.588235294117647,0.7041125541125541,1.0,0.6911698915120219
both,BM25,121,0.4,0.5714285714285714,0.47058823529411764,0.5366046234467288,0.5,0.503767871957562
both,Vetorial (TF-IDF),122,0.4,0.4444444444444444,0.4210526315789474,0.3279219895028719,0.3333333333333333,0.22438410214447418
both,BM25,122,0.5,0.5555555555555556,0.5263157894736842,0.36438795230306775,0.3333333333333333,0.29289089862130974
both,Vetorial (TF-IDF),123,0.1,0.5,0.16666666666666669,0.11904761904761904,0.14285714285714285,0.23463936301137822
both,BM25,123,0.1,0.5,0.16666666666666669,0.12698412698412698,0.1111111111111111,0.2119004592897435
both,Vetorial (TF-IDF),124,0.0,0.0,0.0,0.005631544165270164,0.008771929824561403,0.0
both,BM25,124,0.0,0.0,0.0,0.004814247891059228,0.008,0.0
both,Vetorial (TF-IDF),125,0.2,0.11764705882352941,0.14814814814814817,0.2765694185384327,1.0,0.3141427378152049
both,BM25,125,0.3,0.17647058823529413,0.22222222222222224,0.24320866456784335,0.5,0.3063222330898936
both,Vetorial (TF-IDF),126,0.2,0.25,0.22222222222222224,0.16221483174923193,0.5,0.35571812677402137
both,BM25,126,0.2,0.25,0.22222222222222224,0.22017169218322127,1.0,0.4718040076989788
both,Vetorial (TF-IDF),127,0.1,0.2,0.13333333333333333,0.0975681656836009,0.3333333333333333,0.14902422012004707
both,BM25,127,0.1,0.2,0.13333333333333333,0.12407364787111622,0.25,0.1283624763817471
both,Vetorial (TF-IDF),128,0.0,0.0,0.0,0.015331890331890332,0.022727272727272728,0.0
both,BM25,128,0.0,0.0,0.0,0.017466082683473987,0.02702702702702703,0.0
both,Vetorial (TF-IDF),129,0.4,0.5714285714285714,0.47058823529411764,0.36707229574836236,0.5,0.5198494686351337
both,BM25,129,0.4,0.5714285714285714,0.47058823529411764,0.3852979318817828,0.5,0.5311527789860895
both,Vetorial (TF-IDF),130,0.3,0.6,0.4,0.37246305418719217,0.5,0.47612149829695777
both,BM25,130,0.4,0.8,0.5333333333333333,0.5023370927318295,1.0,0.6879589050840057
both,Vetorial (TF-IDF),131,0.3,0.375,0.33333333333333326,0.28444742153981284,0.125,0.19352018192650916
both,BM25,131,0.3,0.375,0.33333333333333326,0.3092957928087238,0.16666666666666666,0.16972454318915595
both,Vetorial (TF-IDF),132,0.7,0.4666666666666667,0.56,0.660908535908536,0.5,0.5816164664899315
both,BM25,132,0.8,0.5333333333333333,0.64,0.7170732970732971,1.0,0.5733344106370996
both,Vetorial (TF-IDF),133,0.1,0.14285714285714285,0.11764705882352941,0.21854303124758676,0.1111111111111111,0.1290515379594347
both,BM25,133,0.3,0.42857142857142855,0.3529411764705882,0.27065642107658916,0.16666666666666666,0.3352402212090092
both,Vetorial (TF-IDF),134,0.1,0.5,0.16666666666666669,0.12681159420289856,0.16666666666666666,0.16716045496620227
both,BM25,134,0.1,0.5,0.16666666666666669,0.27702702702702703,0.5,0.2960819109658652
both,Vetorial (TF-IDF),135,0.4,0.5,0.4444444444444445,0.5442640692640692,1.0,0.45206188061647645
both,BM25,135,0.5,0.625,0.5555555555555556,0.7200854700854701,1.0,0.530851479113075
both,Vetorial (TF-IDF),136,0.1,0.3333333333333333,0.15384615384615383,0.39814814814814814,1.0,0.7795858045446329
both,BM25,136,0.2,0.6666666666666666,0.30769230769230765,0.43225806451612897,1.0,0.8359235133422792
both,Vetorial (TF-IDF),137,0.2,0.5,0.28571428571428575,0.24163306451612904,0.25,0.26702628688687163
both,BM25,137,0.2,0.5,0.28571428571428575,0.20862470862470864,0.3333333333333333,0.27965946629108696
both,Vetorial (TF-IDF),138,0.1,0.5,0.16666666666666669,0.1119047619047619,0.16666666666666666,0.21840743681816419
both,BM25,138,0.1,0.5,0.16666666666666669,0.15357142857142858,0.25,0.2640681225725909
both,Vetorial (TF-IDF),139,0.0,0.0,0.0,0.010436469413636976,0.017241379310344827,0.0
both,BM25,139,0.0,0.0,0.0,0.010497436077338631,0.012195121951219513,0.0
both,Vetorial (TF-IDF),140,0.2,0.3333333333333333,0.25,0.18459680129907163,0.5,0.3925462634010175
both,BM25,140,0.2,0.3333333333333333,0.25,0.18457388805436345,0.5,0.3925462634010175
both,Vetorial (TF-IDF),141,0.1,0.16666666666666666,0.125,0.1526175063326766,0.3333333333333333,0.13886486170372997
both,BM25,141,0.2,0.3333333333333333,0.25,0.14530389284398637,0.2,0.21448304883277194
both,Vetorial (TF-IDF),142,0.0,0.0,0.0,0.0625,0.0625,0.0
both,BM25,142,0.0,0.0,0.0,0.07692307692307693,0.07692307692307693,0.0
both,Vetorial (TF-IDF),143,0.2,1.0,0.33333333333333337,0.35,0.5,0.5640920940185894
both,BM25,143,0.2,1.0,0.33333333333333337,0.6666666666666666,1.0,0.8315546295836225
both,Vetorial (TF-IDF),144,0.5,0.8333333333333334,0.625,0.6898148148148148,1.0,0.8017346713846059
both,BM25,144,0.4,0.6666666666666666,0.5,0.4461279461279461,0.5,0.5137665365073921
both,Vetorial (TF-IDF),145,0.4,0.5714285714285714,0.47058823529411764,0.5047811837285521,1.0,0.6263065635108556
both,BM25,145,0.4,0.5714285714285714,0.47058823529411764,0.30949216238544414,0.5,0.49457095505440585
both,Vetorial (TF-IDF),146,0.2,1.0,0.33333333333333337,0.8333333333333333,1.0,0.7601875334318685
both,BM25,146,0.2,1.0,0.33333333333333337,0.5833333333333333,0.5,0.6199062332840657
both,Vetorial (TF-IDF),147,0.3,0.3,0.3,0.29235227954028725,1.0,0.4108545207564257
both,BM25,147,0.3,0.3,0.3,0.2595815921874819,0.5,0.3384355145646856
both,Vetorial (TF-IDF),148,0.3,0.5,0.37499999999999994,0.4511152689118791,1.0,0.6413083956181767
both,BM25,148,0.2,0.3333333333333333,0.25,0.3214281857326448,1.0,0.5148586863637864
both,Vetorial (TF-IDF),149,0.3,0.2727272727272727,0.28571428571428564,0.377454245758457,1.0,0.40002324830925196
both,BM25,149,0.4,0.36363636363636365,0.380952380952381,0.38226521302211863,1.0,0.45449827622138
both,Vetorial (TF-IDF),150,0.2,1.0,0.33333333333333337,0.5833333333333333,0.5,0.6934264036172708
both,BM25,150,0.2,1.0,0.33333333333333337,0.8333333333333333,1.0,0.9197207891481876
both,Vetorial (TF-IDF),151,0.1,0.2,0.13333333333333333,0.05114905149051491,0.1,0.08615532061232019
both,BM25,151,0.0,0.0,0.0,0.033192384148916794,0.045454545454545456,0.0
both,Vetorial (TF-IDF),152,0.1,0.16666666666666666,0.125,0.06859290433342073,0.25,0.20873380005870612
both,BM25,152,0.0,0.0,0.0,0.02312696179392559,0.045454545454545456,0.0
both,Vetorial (TF-IDF),153,0.3,0.42857142857142855,0.3529411764705882,0.31315463984636915,0.5,0.3465885302021158
both,BM25,153,0.3,0.42857142857142855,0.3529411764705882,0.32301587301587303,0.5,0.3536573263781091
both,Vetorial (TF-IDF),154,0.2,1.0,0.33333333333333337,0.5,0.5,0.5992429307166866
both,BM25,154,0.2,1.0,0.33333333333333337,0.8333333333333333,1.0,0.8212377705398237
both,Vetorial (TF-IDF),155,0.3,0.5,0.37499999999999994,0.4352326685660019,1.0,0.38523150296868935
both,BM25,155,0.2,0.3333333333333333,0.25,0.1781659413585535,0.5,0.17955683620108592
both,Vetorial (TF-IDF),156,0.7,0.5,0.5833333333333334,0.5797657175208195,1.0,0.5798381894420388
both,BM25,156,0.7,0.5,0.5833333333333334,0.5443018681996454,1.0,0.5728198349525341
both,Vetorial (TF-IDF),157,0.6,0.15384615384615385,0.2448979591836735,0.4049898991362615,0.3333333333333333,0.37914059545946804
both,BM25,157,0.6,0.15384615384615385,0.2448979591836735,0.3676829906345067,1.0,0.5435804161199637
both,Vetorial (TF-IDF),158,0.3,0.375,0.33333333333333326,0.32642926356589147,1.0,0.6135994048200958
both,BM25,158,0.3,0.375,0.33333333333333326,0.37218326885880076,1.0,0.6396601408337269
both,Vetorial (TF-IDF),159,0.2,0.25,0.22222222222222224,0.10289458826678885,0.3333333333333333,0.17925138407585886
both,BM25,159,0.2,0.25,0.22222222222222224,0.08862245960184259,0.25,0.16014909903145455
both,Vetorial (TF-IDF),160,0.1,0.2,0.13333333333333333,0.05043313815129372,0.14285714285714285,0.13124938519326126
both,BM25,160,0.1,0.2,0.13333333333333333,0.12093789008760672,0.5,0.24842742676916893
both,Vetorial (TF-IDF),161,0.3,0.5,0.37499999999999994,0.5469934219934219,1.0,0.6843792523567235
both,BM25,161,0.3,0.5,0.37499999999999994,0.5379656928437416,1.0,0.7193068819147438
both,Vetorial (TF-IDF),162,0.2,0.25,0.22222222222222224,0.19538973890065758,0.5,0.1858286832974526
both,BM25,162,0.2,0.25,0.22222222222222224,0.25945892110762797,0.5,0.21003026995882845
both,Vetorial (TF-IDF),163,0.2,0.6666666666666666,0.30769230769230765,0.39878987898789875,0.5,0.5307212739772434
both,BM25,163,0.2,0.6666666666666666,0.30769230769230765,0.2959595959595959,0.3333333333333333,0.4367467095119258
both,Vetorial (TF-IDF),164,0.4,0.5,0.4444444444444445,0.41094595127827294,1.0,0.56375704932811
both,BM25,164,0.4,0.5,0.4444444444444445,0.45075913669663675,1.0,0.5808311313512923
both,Vetorial (TF-IDF),165,0.2,1.0,0.33333333333333337,0.5833333333333333,0.5,0.6934264036172708
both,BM25,165,0.2,1.0,0.33333333333333337,0.5833333333333333,0.5,0.6934264036172708
both,Vetorial (TF-IDF),166,0.0,0.0,0.0,0.03077722821464199,0.05,0.0
both,BM25,166,0.1,0.125,0.11111111111111112,0.040073636672378156,0.1,0.07311683844390994
both,Vetorial (TF-IDF),167,0.2,1.0,0.33333333333333337,0.17142857142857143,0.14285714285714285,0.370291336443826
both,BM25,167,0.2,1.0,0.33333333333333337,0.41666666666666663,0.3333333333333333,0.5540663910176149
both,Vetorial (TF-IDF),168,0.2,1.0,0.33333333333333337,0.26666666666666666,0.2,0.45560514958746035
both,BM25,168,0.1,0.5,0.16666666666666669,0.12333333333333332,0.16666666666666666,0.21840743681816419
both,Vetorial (TF-IDF),169,0.3,0.75,0.4285714285714285,0.26085758377425045,0.3333333333333333,0.44846790269711634
both,BM25,169,0.2,0.5,0.28571428571428575,0.3042194092827004,0.5,0.4144299250118475
both,Vetorial (TF-IDF),170,0.5,0.8333333333333334,0.625,0.628065134099617,1.0,0.8009503699884485
both,BM25,170,0.4,0.6666666666666666,0.5,0.6340909090909091,1.0,0.751412262126836
both,Vetorial (TF-IDF),171,0.3,1.0,0.4615384615384615,0.4666666666666666,0.5,0.6303409093283879
both,BM25,171,0.3,1.0,0.4615384615384615,0.6388888888888888,0.5,0.6757709465491791
both,Vetorial (TF-IDF),172,0.4,1.0,0.5714285714285715,0.8875,1.0,0.925248016143815
both,BM25,172,0.4,1.0,0.5714285714285715,0.8875,1.0,0.925248016143815
both,Vetorial (TF-IDF),173,0.2,1.0,0.33333333333333337,0.5833333333333333,0.5,0.6934264036172708
both,BM25,173,0.2,1.0,0.33333333333333337,1.0,1.0,1.0
both,Vetorial (TF-IDF),174,0.2,0.4,0.26666666666666666,0.16563862960262338,0.5,0.37104051579483655
both,BM25,174,0.1,0.2,0.13333333333333333,0.10870216885292261,0.3333333333333333,0.19602843459435057
both,Vetorial (TF-IDF),175,0.0,0.0,0.0,0.05653856041951035,0.08333333333333333,0.0
both,BM25,175,0.0,0.0,0.0,0.04996412585521444,0.06666666666666667,0.0
both,Vetorial (TF-IDF),176,0.1,0.14285714285714285,0.11764705882352941,0.0678099746438322,0.1111111111111111,0.0997954666798749
both,BM25,176,0.1,0.14285714285714285,0.11764705882352941,0.08656994725573432,0.2,0.12824687569501922
both,Vetorial (TF-IDF),177,0.5,1.0,0.6666666666666666,0.8711111111111111,1.0,0.9111748701161573
both,BM25,177,0.4,0.8,0.5333333333333333,0.7222222222222222,1.0,0.8297899182613868
both,Vetorial (TF-IDF),178,0.3,0.75,0.4285714285714285,0.5541666666666667,1.0,0.8541031930402069
both,BM25,178,0.3,0.75,0.4285714285714285,0.6435897435897435,1.0,0.8698944585066984
both,Vetorial (TF-IDF),179,0.2,0.5,0.28571428571428575,0.2525239986759351,0.3333333333333333,0.36331756126716835
both,BM25,179,0.2,0.5,0.28571428571428575,0.34228698501872656,0.5,0.44149241373678083
both,Vetorial (TF-IDF),180,0.3,0.42857142857142855,0.3529411764705882,0.4051120448179271,0.5,0.33654056128817356
both,BM25,180,0.3,0.42857142857142855,0.3529411764705882,0.4362672868884049,0.5,0.3557981268823876
both,Vetorial (TF-IDF),181,0.2,0.4,0.26666666666666666,0.28954156613292387,1.0,0.3670217265622339
both,BM25,181,0.2,0.4,0.26666666666666666,0.27047145604380385,1.0,0.3571560500460547
both,Vetorial (TF-IDF),182,0.2,1.0,0.33333333333333337,0.5833333333333333,0.5,0.66967181649423
both,BM25,182,0.2,1.0,0.33333333333333337,0.5833333333333333,0.5,0.66967181649423
both,Vetorial (TF-IDF),183,0.7,0.5384615384615384,0.608695652173913,0.5965122107656045,1.0,0.6077992638952276
both,BM25,183,0.6,0.46153846153846156,0.5217391304347826,0.6244265125337999,1.0,0.6003711013090012
both,Vetorial (TF-IDF),184,0.1,0.14285714285714285,0.11764705882352941,0.16120936170401495,0.3333333333333333,0.14403688840535353
both,BM25,184,0.3,0.42857142857142855,0.3529411764705882,0.33643667272244154,1.0,0.42953694833433737
both,Vetorial (TF-IDF),185,0.5,0.5555555555555556,0.5263157894736842,0.7075857784191117,1.0,0.5774099829460708
both,BM25,185,0.6,0.6666666666666666,0.631578947368421,0.7838624338624337,1.0,0.8071376348433057
both,Vetorial (TF-IDF),186,0.4,0.25,0.3076923076923077,0.27915291132178266,1.0,0.5321408435198608
both,BM25,186,0.4,0.25,0.3076923076923077,0.17409969846291462,0.5,0.3600558568883671
both,Vetorial (TF-IDF),187,0.2,0.3333333333333333,0.25,0.15019921598868965,0.3333333333333333,0.20614728455496242
both,BM25,187,0.2,0.3333333333333333,0.25,0.16224637681159418,0.5,0.2522457614005466
both,Vetorial (TF-IDF),188,0.4,0.36363636363636365,0.380952380952381,0.48484288981246376,1.0,0.556641054565232
both,BM25,188,0.5,0.45454545454545453,0.47619047619047616,0.41183261534427235,1.0,0.5681584916867225
both,Vetorial (TF-IDF),189,0.1,0.1111111111111111,0.10526315789473685,0.13358033877433603,0.2,0.07483450405786199
both,BM25,189,0.2,0.2222222222222222,0.2105263157894737,0.1558760278482266,0.25,0.15814646672181454
both,Vetorial (TF-IDF),190,0.5,1.0,0.6666666666666666,0.6392857142857142,1.0,0.701793219941837
both,BM25,190,0.3,0.6,0.4,0.4609469696969697,1.0,0.5338418008420618
both,Vetorial (TF-IDF),191,0.5,0.38461538461538464,0.4347826086956522,0.5625638527504354,1.0,0.35380743097013984
both,BM25,191,0.4,0.3076923076923077,0.34782608695652173,0.3908399379379184,0.2,0.24512769449225036
both,Vetorial (TF-IDF),192,0.3,0.75,0.4285714285714285,0.5148809523809523,0.5,0.6096199500078984
both,BM25,192,0.3,0.75,0.4285714285714285,0.5077380952380952,0.5,0.6096199500078984
both,Vetorial (TF-IDF),193,0.7,0.7777777777777778,0.7368421052631577,0.7424865394856162,1.0,0.7611091798019349
both,BM25,193,0.8,0.8888888888888888,0.8421052631578948,0.831885975001917,1.0,0.8839186865620725
both,Vetorial (TF-IDF),194,0.1,0.16666666666666666,0.125,0.1481516769939419,0.16666666666666666,0.08082087980796286
both,BM25,194,0.2,0.3333333333333333,0.25,0.23611111111111113,0.3333333333333333,0.23467776707889956
both,Vetorial (TF-IDF),195,0.1,0.3333333333333333,0.15384615384615383,0.07469474969474969,0.1,0.13565197343244778
both,BM25,195,0.1,0.3333333333333333,0.15384615384615383,0.13286052009456265,0.2,0.18154179253735267
both,Vetorial (TF-IDF),196,0.2,0.16666666666666666,0.1818181818181818,0.21659879786406722,1.0,0.2908044848031902
both,BM25,196,0.3,0.25,0.2727272727272727,0.15828711526365413,0.5,0.2952819749811217
both,Vetorial (TF-IDF),197,0.3,1.0,0.4615384615384615,0.7666666666666666,1.0,0.8496842052283847
both,BM25,197,0.2,0.6666666666666666,0.30769230769230765,0.6180555555555555,1.0,0.6651640917528849
both,Vetorial (TF-IDF),198,0.2,0.5,0.28571428571428575,0.3255892255892256,0.5,0.43903452254994363
both,BM25,198,0.3,0.75,0.4285714285714285,0.5141760651629073,1.0,0.7073103183000377
both,Vetorial (TF-IDF),199,0.2,0.25,0.22222222222222224,0.11963343613758991,0.2,0.156170970401807
both,BM25,199,0.1,0.125,0.11111111111111112,0.1159229930781655,0.25,0.09576745329637855
both,Vetorial (TF-IDF),200,0.2,0.6666666666666666,0.30769230769230765,0.3122605363984674,0.5,0.4632423659320676
both,BM25,200,0.2,0.6666666666666666,0.30769230769230765,0.2566137566137566,0.3333333333333333,0.3759063358712073
both,Vetorial (TF-IDF),201,0.3,0.1875,0.23076923076923075,0.247182776527417,1.0,0.4104791581238239
both,BM25,201,0.4,0.25,0.3076923076923077,0.30910712874117674,1.0,0.5487379204458991
both,Vetorial (TF-IDF),202,0.3,0.21428571428571427,0.25,0.1856006057320477,0.5,0.1575453806841089
both,BM25,202,0.3,0.21428571428571427,0.25,0.20660293962870166,0.5,0.21329730238906844
both,Vetorial (TF-IDF),203,0.2,0.14285714285714285,0.16666666666666666,0.11052161105900195,0.25,0.17886726863615138
both,BM25,203,0.3,0.21428571428571427,0.25,0.1363737147163963,0.5,0.30637875169839035
both,Vetorial (TF-IDF),204,0.1,0.07142857142857142,0.08333333333333333,0.07884436693227684,0.5,0.2166630712387111
both,BM25,204,0.0,0.0,0.0,0.04283099151601932,0.06666666666666667,0.0
both,Vetorial (TF-IDF),205,0.2,1.0,0.33333333333333337,0.5,0.5,0.6509209298071326
both,BM25,205,0.2,1.0,0.33333333333333337,0.8333333333333333,1.0,0.9197207891481876
both,Vetorial (TF-IDF),206,0.2,0.6666666666666666,0.30769230769230765,0.2793600562587904,0.3333333333333333,0.47380443295908853
both,BM25,206,0.2,0.6666666666666666,0.30769230769230765,0.22431427243142724,0.3333333333333333,0.4358923164702953
both,Vetorial (TF-IDF),207,0.2,0.4,0.26666666666666666,0.20115522220785378,0.25,0.2531506743668105
both,BM25,207,0.2,0.4,0.26666666666666666,0.20692268575563774,0.5,0.3534127876050964
both,Vetorial (TF-IDF),208,0.6,1.0,0.7499999999999999,0.6496031746031746,0.5,0.759941695133205
both,BM25,208,0.6,1.0,0.7499999999999999,0.7027777777777778,0.5,0.7711046000160218
both,Vetorial (TF-IDF),209,0.2,0.16666666666666666,0.1818181818181818,0.17029610301433692,0.3333333333333333,0.09038000771756498
both,BM25,209,0.1,0.08333333333333333,0.0909090909090909,0.1486072792377557,0.3333333333333333,0.1019109450635844
both,Vetorial (TF-IDF),210,0.2,0.3333333333333333,0.25,0.39562109571209264,1.0,0.5367050799050339
both,BM25,210,0.2,0.3333333333333333,0.25,0.34724270391143536,1.0,0.48255059646431975
both,Vetorial (TF-IDF),211,0.1,0.09090909090909091,0.09523809523809525,0.14947613130397686,0.16666666666666666,0.03904518351825316
both,BM25,211,0.1,0.09090909090909091,0.09523809523809525,0.1535376372362343,0.1111111111111111,0.03299700806327271
both,Vetorial (TF-IDF),212,0.5,0.35714285714285715,0.41666666666666663,0.4821674023473164,1.0,0.5753581483249247
both,BM25,212,0.5,0.35714285714285715,0.41666666666666663,0.48922707429089546,1.0,0.5687197948330739
both,Vetorial (TF-IDF),213,0.5,0.45454545454545453,0.47619047619047616,0.45719963184078016,0.5,0.4915559070437773
both,BM25,213,0.5,0.45454545454545453,0.47619047619047616,0.5806244745452089,1.0,0.6087994651344372
both,Vetorial (TF-IDF),214,0.1,0.25,0.14285714285714288,0.1685222600091376,0.5,0.24630238874073
both,BM25,214,0.1,0.25,0.14285714285714288,0.16806617129818463,0.5,0.24630238874073
both,Vetorial (TF-IDF),215,0.0,0.0,0.0,0.04943181818181818,0.0625,0.0
both,BM25,215,0.0,0.0,0.0,0.047379032258064516,0.0625,0.0
both,Vetorial (TF-IDF),216,0.0,0.0,0.0,0.002403846153846154,0.002403846153846154,0.0
both,BM25,216,0.0,0.0,0.0,0.002770083102493075,0.002770083102493075,0.0
both,Vetorial (TF-IDF),217,0.6,0.4,0.48,0.42397803275991236,1.0,0.5772262253490589
both,BM25,217,0.4,0.26666666666666666,0.32,0.36541366969290145,1.0,0.4644389235458954
both,Vetorial (TF-IDF),218,0.3,0.2,0.24,0.22578502832222885,0.5,0.2535828648414812
both,BM25,218,0.5,0.3333333333333333,0.4,0.31040129724998244,1.0,0.44613264264760744
both,Vetorial (TF-IDF),219,0.1,0.05555555555555555,0.07142857142857142,0.06460484978079307,0.14285714285714285,0.07467264456021759
both,BM25,219,0.0,0.0,0.0,0.043788376238101896,0.043478260869565216,0.0
both,Vetorial (TF-IDF),220,0.2,0.10526315789473684,0.13793103448275862,0.15896790049029283,0.2,0.10328736197252186
both,BM25,220,0.3,0.15789473684210525,0.20689655172413793,0.25234473144825814,1.0,0.27870157149025604
both,Vetorial (TF-IDF),221,0.3,0.16666666666666666,0.21428571428571427,0.19351370009378363,1.0,0.27291790820995643
both,BM25,221,0.4,0.2222222222222222,0.2857142857142857,0.25876650480495494,1.0,0.39567287731660133
both,Vetorial (TF-IDF),222,0.6,0.6666666666666666,0.631578947368421,0.6493300559090032,1.0,0.674413854326926
both,BM25,222,0.6,0.6666666666666666,0.631578947368421,0.7338684463684464,1.0,0.7487912473474161
both,Vetorial (TF-IDF),223,0.2,0.5,0.28571428571428575,0.4291795665634675,1.0,0.5585075862632192
both,BM25,223,0.3,0.75,0.4285714285714285,0.5866666666666667,1.0,0.7365896932159578
both,Vetorial (TF-IDF),224,0.1,0.125,0.11111111111111112,0.10622779004205968,0.1111111111111111,0.07930749312667738
both,BM25,224,0.1,0.125,0.11111111111111112,0.13978071459082664,0.16666666666666666,0.09384413330947906
both,Vetorial (TF-IDF),225,0.3,0.125,0.17647058823529413,0.09544605619222624,0.5,0.21072466510326426
both,BM25,225,0.3,0.125,0.17647058823529413,0.096101383809579,0.5,0.20199489228254294
