k1,b,query_id,ap,precision_at_10,ndcg_at_10
0.5,0.0,1,0.15077162027037777,0.4,0.27013658584871253
0.5,0.0,2,0.23237581843469254,0.4,0.5115157104836705
0.5,0.0,3,0.5946035395763657,0.5,0.6582450939840574
0.5,0.0,4,0.5192307692307693,0.1,0.6131471927654584
0.5,0.0,5,0.5592105263157894,0.3,0.6469626813039951
0.5,0.0,6,0.11964285714285713,0.1,0.16331296355715133
0.5,0.0,7,0.13483523410131082,0.2,0.24174372856281692
0.5,0.0,8,0.13899210144262547,0.1,0.2669507571941387
0.5,0.0,9,0.5888888888888889,0.3,0.7122630665145961
0.5,0.0,10,0.11017609318760817,0.1,0.1323000828051301
0.5,0.0,11,0.1370961285174434,0.1,0.11491284766333976
0.5,0.0,12,0.23735862227616353,0.2,0.2824250218253186
0.5,0.0,13,0.0,0.0,0.0
0.5,0.0,14,0.5588235294117647,0.1,0.8637574337885663
0.5,0.0,15,0.75,0.2,0.7074887171046738
0.5,0.0,16,0.13782928268683942,0.1,0.19004688335796713
0.5,0.0,17,0.03742283950617284,0.0,0.0
0.5,0.0,18,0.3535045478865704,0.1,0.4692787260227565
0.5,0.0,19,0.05471173341231531,0.1,0.14964946252569797
0.5,0.0,20,0.4004767947891887,0.5,0.5091406296930572
0.5,0.0,21,0.03037276562628543,0.0,0.0
0.5,0.0,22,0.0,0.0,0.0
0.5,0.0,23,0.17488349055182162,0.3,0.2163805501817991
0.5,0.0,24,0.35507246376811596,0.2,0.540460348067574
0.5,0.0,25,0.6759019263743304,0.6,0.7916559765390343
0.5,0.0,26,0.1517130874239954,0.2,0.3072700862747648
0.5,0.0,27,0.24825870646766168,0.2,0.4046200745585114
0.5,0.0,28,0.004063110752407403,0.0,0.0
0.5,0.0,29,0.3555555751288806,0.4,0.3811654134828034
0.5,0.0,30,0.2215904543635636,0.2,0.409144786413003
0.5,0.0,31,0.0008976660682226212,0.0,0.0
0.5,0.0,32,0.04849267172131282,0.1,0.04854647519781679
0.5,0.0,33,0.6388888888888888,0.3,0.715746045301212
0.5,0.0,34,0.2649305555555556,0.2,0.23643704028587598
0.5,0.0,35,0.03886152162014231,0.0,0.0
0.5,0.0,36,0.5025906735751295,0.1,0.46927872602275644
0.5,0.0,37,0.052397237753780725,0.0,0.0
0.5,0.0,38,0.05970439846287284,0.1,0.08240610333670606
0.5,0.0,39,0.15568904416657992,0.2,0.3325222645885648
0.5,0.0,40,0.1330160578175551,0.2,0.15996433755220654
0.5,0.0,41,0.7666666666666666,0.3,0.8785263483723003
0.5,0.0,42,0.11969084224598932,0.1,0.08880550569047355
0.5,0.0,43,0.3791234769958174,0.2,0.5519173917871053
0.5,0.0,44,0.0,0.0,0.0
0.5,0.0,45,0.19392789701330182,0.2,0.35208887506004277
0.5,0.0,46,0.4315011831308774,0.6,0.6310016761646706
0.5,0.0,47,0.40739327056410773,0.5,0.5176607840068188
0.5,0.0,48,0.3274942622589327,0.4,0.43546521550337414
0.5,0.0,49,0.059343434343434344,0.0,0.0
0.5,0.0,50,0.028127135678136597,0.0,0.0
0.5,0.0,51,0.31457664003523134,0.4,0.3015557542098532
0.5,0.0,52,0.22976190476190475,0.3,0.33255085229022124
0.5,0.0,53,0.3033109399577269,0.2,0.2872635432889367
0.5,0.0,54,0.1476673543149002,0.1,0.16868158409931971
0.5,0.0,55,0.16060124978225943,0.2,0.13216722102548303
0.5,0.0,56,0.12261029538345913,0.2,0.17504020290384825
0.5,0.0,57,0.07149928502935854,0.1,0.11676437857730142
0.5,0.0,58,0.084169597179878,0.1,0.12108270501347645
0.5,0.0,59,0.12205329297376627,0.2,0.21938551058607356
0.5,0.0,60,0.31680288638539134,0.3,0.4078403047440142
0.5,0.0,61,0.41116797110174585,0.2,0.46100432633705324
0.5,0.0,62,0.02172210471115475,0.0,0.0
0.5,0.0,63,0.04744832041343669,0.0,0.0
0.5,0.0,64,0.5144927536231884,0.1,0.6787956981029196
0.5,0.0,65,0.09717853691613643,0.1,0.09642731254500748
0.5,0.0,66,0.05440843521215286,0.1,0.12571914728447503
0.5,0.0,67,0.1668870938490467,0.2,0.17580953239526728
0.5,0.0,68,0.06574767915581378,0.1,0.1449922944606284
0.5,0.0,69,0.03906105963583414,0.1,0.12143888304042887
0.5,0.0,70,0.11091254454945117,0.2,0.17241006028698228
0.5,0.0,71,0.10272741272660163,0.1,0.20544765295955178
0.5,0.0,72,0.07404074358050361,0.1,0.141137236325899
0.5,0.0,73,0.36982914399407624,0.7,0.756116321280994
0.5,0.0,74,0.17848361158662665,0.1,0.26785287576497296
0.5,0.0,75,0.01870281807830909,0.0,0.0
0.5,0.0,76,0.13641015725347416,0.2,0.25527379933599564
0.5,0.0,77,0.31457193205920864,0.2,0.2583214668631552
0.5,0.0,78,0.8095238095238094,0.3,0.8665103888067762
0.5,0.0,79,0.043613369881853145,0.1,0.06888798605498088
0.5,0.0,80,0.0075653305359413,0.0,0.0
0.5,0.0,81,0.7,0.2,0.5500863464779522
0.5,0.0,82,0.13777365491651206,0.2,0.20375825167921363
0.5,0.0,83,0.1652712724434036,0.1,0.24630238874072996
0.5,0.0,84,0.3779613779142382,0.3,0.3091374501528729
0.5,0.0,85,0.13607983969364768,0.1,0.16273360041832377
0.5,0.0,86,0.45,0.2,0.6240505200038379
0.5,0.0,87,0.010341713422168396,0.0,0.0
0.5,0.0,88,0.6496031746031746,0.6,0.7097158896509913
0.5,0.0,89,0.15639611347724916,0.2,0.23728712606488594
0.5,0.0,90,0.21647102360020612,0.3,0.23461707163287784
0.5,0.0,91,0.4195371212887136,0.4,0.616587489666471
0.5,0.0,92,0.4027200247122792,0.5,0.2844946463943971
0.5,0.0,93,0.5,0.1,0.6309297535714575
0.5,0.0,94,0.536477618778128,0.5,0.48418702874182523
0.5,0.0,95,0.39285714285714285,0.2,0.42416171080762244
0.5,0.0,96,0.4924279681529281,0.7,0.5819895845435762
0.5,0.0,97,0.21342978459666967,0.3,0.2939091895175743
0.5,0.0,98,0.02031650917933234,0.0,0.0
0.5,0.0,99,0.2857142857142857,0.2,0.471535652823272
0.5,0.0,100,0.25019749232329547,0.3,0.37082049434891856
0.5,0.0,101,0.5556489262371616,0.5,0.6208538542035211
0.5,0.0,102,0.0976761933157282,0.1,0.08220970865780867
0.5,0.0,103,0.08333333333333333,0.1,0.21840743681816419
0.5,0.0,104,0.1492053264604811,0.1,0.21398626473452756
0.5,0.0,105,0.45162855162855164,0.3,0.5552890378762663
0.5,0.0,106,0.37893719806763293,0.3,0.5094544037628329
0.5,0.0,107,0.26306699760685126,0.2,0.2911221088779503
0.5,0.0,108,0.7412698412698413,0.5,0.763082478867569
0.5,0.0,109,0.03766211648978841,0.0,0.0
0.5,0.0,110,0.042698058416445854,0.0,0.0
0.5,0.0,111,0.23809217098690785,0.1,0.13414149323565872
0.5,0.0,112,0.3125,0.1,0.23981246656813146
0.5,0.0,113,0.04811411639528443,0.0,0.0
0.5,0.0,114,0.04640627817298589,0.1,0.16273360041832377
0.5,0.0,115,0.03978087157096961,0.1,0.13713911070367868
0.5,0.0,116,0.06082028845861759,0.1,0.0801670766916255
0.5,0.0,117,0.02690501986276634,0.0,0.0
0.5,0.0,118,0.2837301587301587,0.2,0.44876780023132046
0.5,0.0,119,0.5,0.1,0.6309297535714575
0.5,0.0,120,0.32665948856863536,0.3,0.35762683824083114
0.5,0.0,121,0.5066246415083624,0.5,0.6056196918142899
0.5,0.0,122,0.2157391960469728,0.3,0.13790051683820093
0.5,0.0,123,0.07333333333333333,0.0,0.0
0.5,0.0,124,0.0038223004152283073,0.0,0.0
0.5,0.0,125,0.19885442314257346,0.3,0.30141875782089467
0.5,0.0,126,0.2617524507552796,0.2,0.5129861293403476
0.5,0.0,127,0.13173471181771435,0.2,0.25759545730022737
0.5,0.0,128,0.014016676250718804,0.0,0.0
0.5,0.0,129,0.3808161630258252,0.4,0.5329860905668825
0.5,0.0,130,0.35196681580909767,0.2,0.44492648100773236
0.5,0.0,131,0.2644262566137566,0.2,0.11423492471659061
0.5,0.0,132,0.6892234960888212,0.6,0.4486914609218335
0.5,0.0,133,0.44808358308358304,0.3,0.4698643868838092
0.5,0.0,134,0.5112359550561798,0.1,0.46927872602275644
0.5,0.0,135,0.5005952380952381,0.6,0.44258604790774153
0.5,0.0,136,0.4879432624113475,0.2,0.8549820437867054
0.5,0.0,137,0.18757683526519142,0.1,0.20607801570427584
0.5,0.0,138,0.27325581395348836,0.1,0.38685280723454163
0.5,0.0,139,0.009572898383802878,0.0,0.0
0.5,0.0,140,0.12088190472925514,0.2,0.29548628183357994
0.5,0.0,141,0.13391714713079564,0.1,0.13886486170372997
0.5,0.0,142,0.058823529411764705,0.0,0.0
0.5,0.0,143,0.5833333333333334,0.1,0.6131471927654584
0.5,0.0,144,0.22225389373276694,0.2,0.20225893214701973
0.5,0.0,145,0.13792888766351835,0.1,0.11243591644192413
0.5,0.0,146,0.3666666666666667,0.2,0.4841275646907874
0.5,0.0,147,0.3207259639585221,0.4,0.4534049478481434
0.5,0.0,148,0.17757772776527467,0.2,0.31944460674615827
0.5,0.0,149,0.28242747042980126,0.3,0.3557772116892465
0.5,0.0,150,1.0,0.2,1.0
0.5,0.0,151,0.023216605004761238,0.0,0.0
0.5,0.0,152,0.013948137447645566,0.0,0.0
0.5,0.0,153,0.24376479273880095,0.3,0.27908175918060774
0.5,0.0,154,0.7,0.2,0.7415914148287854
0.5,0.0,155,0.13094541910331386,0.1,0.1420364328899563
0.5,0.0,156,0.5036135396792242,0.8,0.5895515010562131
0.5,0.0,157,0.2538521884342931,0.3,0.35502151000905185
0.5,0.0,158,0.3127867746288799,0.2,0.5347363368441794
0.5,0.0,159,0.05577835425173373,0.0,0.0
0.5,0.0,160,0.21984568713806688,0.1,0.3937481555797838
0.5,0.0,161,0.438427650199942,0.3,0.700127352568667
0.5,0.0,162,0.23589405296449573,0.1,0.14520951996825487
0.5,0.0,163,0.21444444444444444,0.2,0.36926780146674987
0.5,0.0,164,0.6146336638394179,0.5,0.7764804878668322
0.5,0.0,165,0.45,0.2,0.6240505200038379
0.5,0.0,166,0.03450811268244828,0.0,0.0
0.5,0.0,167,1.0,0.2,1.0
0.5,0.0,168,0.052655677655677656,0.0,0.0
0.5,0.0,169,0.22294812233836622,0.2,0.36331756126716835
0.5,0.0,170,0.45600896393579315,0.4,0.5852682504806995
0.5,0.0,171,0.5555555555555555,0.3,0.6947781070780835
0.5,0.0,172,0.6791666666666667,0.4,0.6867288992072725
0.5,0.0,173,1.0,0.2,1.0
0.5,0.0,174,0.03981376258053982,0.0,0.0
0.5,0.0,175,0.040859551032356875,0.0,0.0
0.5,0.0,176,0.04571871973533794,0.0,0.0
0.5,0.0,177,0.649047619047619,0.4,0.8128071924219484
0.5,0.0,178,0.5571428571428572,0.4,0.8555970829083218
0.5,0.0,179,0.4480190861769809,0.2,0.5855700749881525
0.5,0.0,180,0.3924722620374795,0.3,0.39216949344416374
0.5,0.0,181,0.2466656158049601,0.1,0.24913276910075044
0.5,0.0,182,0.5833333333333333,0.2,0.66967181649423
0.5,0.0,183,0.5929421061206404,0.7,0.5663370171834575
0.5,0.0,184,0.32215896885069817,0.2,0.3501070881447261
0.5,0.0,185,0.7887311762311762,0.6,0.8198864894195136
0.5,0.0,186,0.11637225442270667,0.1,0.08514311764162098
0.5,0.0,187,0.14502871230218617,0.2,0.2499373347912954
0.5,0.0,188,0.37143459364591674,0.5,0.5555706127543532
0.5,0.0,189,0.0898461091413372,0.1,0.06448146224987947
0.5,0.0,190,0.33999999999999997,0.2,0.36727330544598524
0.5,0.0,191,0.25976602519416725,0.3,0.17657615746207975
0.5,0.0,192,0.7050438596491229,0.3,0.8048099750039491
0.5,0.0,193,0.7925160122528543,0.7,0.8317013608960324
0.5,0.0,194,0.23149676890496965,0.3,0.3185290069434502
0.5,0.0,195,0.20264116575591987,0.1,0.2960819109658652
0.5,0.0,196,0.06353362848761131,0.1,0.0715672426213396
0.5,0.0,197,0.54,0.2,0.625639979507489
0.5,0.0,198,0.38988663484486874,0.3,0.6200766401929161
0.5,0.0,199,0.10492356923513951,0.1,0.11118257019233733
0.5,0.0,200,0.19610741561961073,0.1,0.23463936301137825
0.5,0.0,201,0.29400467898286803,0.4,0.5419497038985958
0.5,0.0,202,0.18645823435517875,0.3,0.24437518523786075
0.5,0.0,203,0.16623129175776732,0.2,0.36667828323227813
0.5,0.0,204,0.036216472839390855,0.0,0.0
0.5,0.0,205,0.8333333333333333,0.2,0.9197207891481876
0.5,0.0,206,0.3018796992481203,0.2,0.518149817909464
0.5,0.0,207,0.07636503281664572,0.1,0.14964602744783836
0.5,0.0,208,0.6246031746031746,0.6,0.7244320367953142
0.5,0.0,209,0.1146764778916704,0.1,0.1285972949104033
0.5,0.0,210,0.3693254453964368,0.2,0.48255059646431975
0.5,0.0,211,0.14636439810494234,0.1,0.10961368813261045
0.5,0.0,212,0.4525025436433978,0.5,0.4733723661547149
0.5,0.0,213,0.5271418717630588,0.5,0.5812253982491186
0.5,0.0,214,0.11339744690594766,0.1,0.19519002499605084
0.5,0.0,215,0.036309523809523805,0.0,0.0
0.5,0.0,216,0.002577319587628866,0.0,0.0
0.5,0.0,217,0.21696202455617905,0.3,0.22868622299091532
0.5,0.0,218,0.26250865568469567,0.3,0.27497414422435307
0.5,0.0,219,0.03744952253676326,0.0,0.0
0.5,0.0,220,0.15155314458888353,0.2,0.1538257944236774
0.5,0.0,221,0.20352330939953933,0.3,0.3236685753595891
0.5,0.0,222,0.8103581603581602,0.6,0.7685569666098717
0.5,0.0,223,0.550595238095238,0.3,0.6096199500078984
0.5,0.0,224,0.1095553745752828,0.1,0.083110417259943
0.5,0.0,225,0.07417790759948188,0.2,0.12521209699146182
0.5,0.75,1,0.16984041283494955,0.4,0.2817106255343429
0.5,0.75,2,0.23998688826978842,0.4,0.5431456199673088
0.5,0.75,3,0.6104610874200427,0.6,0.6569572885799752
0.5,0.75,4,0.5232558139534884,0.1,0.6131471927654584
0.5,0.75,5,0.546031746031746,0.3,0.6360509784974464
0.5,0.75,6,0.1609144088669951,0.1,0.20607801570427584
0.5,0.75,7,0.1376931169371145,0.2,0.24174372856281692
0.5,0.75,8,0.14483345493013436,0.1,0.2669507571941387
0.5,0.75,9,0.6388888888888888,0.3,0.7328286204777912
0.5,0.75,10,0.13880606150289557,0.1,0.1323000828051301
0.5,0.75,11,0.15176852174113645,0.1,0.10753371616511083
0.5,0.75,12,0.2515419881471542,0.2,0.2824250218253186
0.5,0.75,13,0.0,0.0,0.0
0.5,0.75,14,0.6,0.2,0.9261779069332854
0.5,0.75,15,1.0,0.2,0.8597186998521972
0.5,0.75,16,0.1918181818181818,0.1,0.23981246656813146
0.5,0.75,17,0.09027777777777778,0.1,0.2507406824493034
0.5,0.75,18,0.3573800401386608,0.1,0.4692787260227565
0.5,0.75,19,0.04619189604806981,0.1,0.12890103087620167
0.5,0.75,20,0.48361467236467237,0.4,0.4579766441086708
0.5,0.75,21,0.04410284185038868,0.0,0.0
0.5,0.75,22,0.0,0.0,0.0
0.5,0.75,23,0.199828469409697,0.4,0.30632042813405114
0.5,0.75,24,0.3546099290780142,0.2,0.540460348067574
0.5,0.75,25,0.6709488305232987,0.6,0.7501558157323049
0.5,0.75,26,0.19977598566308244,0.2,0.36781736530341685
0.5,0.75,27,0.2804232804232804,0.2,0.4298593499260986
0.5,0.75,28,0.004302050689977459,0.0,0.0
0.5,0.75,29,0.4579715638173983,0.4,0.4637809759244366
0.5,0.75,30,0.15104595197762902,0.2,0.28711921066221846
0.5,0.75,31,0.0009174311926605505,0.0,0.0
0.5,0.75,32,0.08151244709725337,0.2,0.10228514408483456
0.5,0.75,33,0.6388888888888888,0.3,0.6625135428332626
0.5,0.75,34,0.22799339456441323,0.2,0.18608410936518321
0.5,0.75,35,0.03299962921764924,0.0,0.0
0.5,0.75,36,0.5026178010471204,0.1,0.46927872602275644
0.5,0.75,37,0.0621739141629895,0.0,0.0
0.5,0.75,38,0.06123448389661653,0.1,0.0880609388103032
0.5,0.75,39,0.1213551717218413,0.2,0.1956855203162666
0.5,0.75,40,0.1035625884986896,0.2,0.12367409491558115
0.5,0.75,41,0.7916666666666666,0.3,0.8916873528495691
0.5,0.75,42,0.13395942835144287,0.2,0.24241379283782283
0.5,0.75,43,0.5098595848595848,0.4,0.777490186493122
0.5,0.75,44,0.0,0.0,0.0
0.5,0.75,45,0.20328583968340744,0.2,0.33876780622615427
0.5,0.75,46,0.4007309715093691,0.5,0.5574825989318319
0.5,0.75,47,0.3916328890598983,0.5,0.4326404490674409
0.5,0.75,48,0.25529168231731386,0.3,0.40164992669943544
0.5,0.75,49,0.08290816326530612,0.1,0.23981246656813146
0.5,0.75,50,0.05799389175678927,0.1,0.19676000841063562
0.5,0.75,51,0.46207897831378003,0.6,0.4703481438971982
0.5,0.75,52,0.4026315789473684,0.3,0.41915791953175885
0.5,0.75,53,0.31463055333799017,0.3,0.3134499544708128
0.5,0.75,54,0.15486389399432876,0.1,0.21285246057565374
0.5,0.75,55,0.1968501998759254,0.3,0.21513634598527634
0.5,0.75,56,0.13417114299604568,0.2,0.18302656388775357
0.5,0.75,57,0.0664689041738883,0.1,0.13184450602305003
0.5,0.75,58,0.1146597493058798,0.0,0.0
0.5,0.75,59,0.2259328162666387,0.2,0.32242451843821146
0.5,0.75,60,0.34711864406779663,0.3,0.40567263115233965
0.5,0.75,61,0.4728395061728395,0.3,0.5744381400037909
0.5,0.75,62,0.025477071827454158,0.0,0.0
0.5,0.75,63,0.04455836712933874,0.0,0.0
0.5,0.75,64,0.5196078431372549,0.1,0.6787956981029196
0.5,0.75,65,0.157783084137833,0.2,0.22931875699409868
0.5,0.75,66,0.07051802539197496,0.1,0.14195578371863898
0.5,0.75,67,0.32913210891466255,0.5,0.4790190708389341
0.5,0.75,68,0.05705345379258422,0.1,0.1372199289207067
0.5,0.75,69,0.039954015900673594,0.1,0.12143888304042887
0.5,0.75,70,0.09010320568596111,0.2,0.1319558735644914
0.5,0.75,71,0.06512823521963418,0.1,0.140239840552797
0.5,0.75,72,0.12096626517419959,0.1,0.282274472651798
0.5,0.75,73,0.3689129692276029,0.7,0.7275866923435964
0.5,0.75,74,0.15371338116765512,0.2,0.2237442475056458
0.5,0.75,75,0.02095561269108916,0.0,0.0
0.5,0.75,76,0.1485925656341567,0.2,0.25733108077214784
0.5,0.75,77,0.34518853102906516,0.2,0.2583214668631552
0.5,0.75,78,0.7222222222222222,0.3,0.8005562232320607
0.5,0.75,79,0.03974561386326093,0.0,0.0
0.5,0.75,80,0.010175700892374736,0.0,0.0
0.5,0.75,81,0.75,0.2,0.5879394370415081
0.5,0.75,82,0.2039009661835749,0.3,0.38378910149772333
0.5,0.75,83,0.1583252953942609,0.1,0.24630238874072996
0.5,0.75,84,0.3993980720446752,0.4,0.36622002329898773
0.5,0.75,85,0.2618432092646812,0.1,0.2579266542703838
0.5,0.75,86,0.5833333333333333,0.2,0.6934264036172708
0.5,0.75,87,0.011225996857711648,0.0,0.0
0.5,0.75,88,0.6496031746031746,0.6,0.7097158896509913
0.5,0.75,89,0.20152270210409742,0.2,0.28612526032148533
0.5,0.75,90,0.17339453767172447,0.2,0.1083259763160482
0.5,0.75,91,0.4030198662274134,0.4,0.5918856540709533
0.5,0.75,92,0.42237464358523813,0.6,0.3418017883465677
0.5,0.75,93,0.5,0.1,0.6309297535714575
0.5,0.75,94,0.5568537568731068,0.6,0.5280981838915715
0.5,0.75,95,0.3666666666666667,0.2,0.44211666725438137
0.5,0.75,96,0.4477745147296682,0.7,0.5592958824855743
0.5,0.75,97,0.19588450136403224,0.3,0.2764582536639236
0.5,0.75,98,0.020966123733154117,0.0,0.0
0.5,0.75,99,0.29411764705882354,0.2,0.471535652823272
0.5,0.75,100,0.2567564435673656,0.3,0.37635689400921835
0.5,0.75,101,0.6646825396825397,0.5,0.7730534630646193
0.5,0.75,102,0.18584656084656084,0.2,0.24093006600948313
0.5,0.75,103,0.05555555555555555,0.1,0.18457569677956817
0.5,0.75,104,0.1739683433181885,0.1,0.21398626473452756
0.5,0.75,105,0.5434234234234234,0.3,0.7422329748991158
0.5,0.75,106,0.541311612364244,0.3,0.7173999241783239
0.5,0.75,107,0.29405007195185767,0.3,0.3649522623246429
0.5,0.75,108,0.8090659340659341,0.5,0.7765927192533882
0.5,0.75,109,0.04198071041495259,0.0,0.0
0.5,0.75,110,0.08607655502392343,0.1,0.21657286422614114
0.5,0.75,111,0.2797924297924298,0.2,0.20121223985348807
0.5,0.75,112,0.3,0.1,0.23981246656813146
0.5,0.75,113,0.07466902030008826,0.0,0.0
0.5,0.75,114,0.066871620443049,0.1,0.19955930053022208
0.5,0.75,115,0.05152017545340694,0.1,0.16899301616355156
0.5,0.75,116,0.04695872381900484,0.1,0.08876975478230018
0.5,0.75,117,0.03398617511520737,0.0,0.0
0.5,0.75,118,0.2528478057889823,0.2,0.4321106657033608
0.5,0.75,119,1.0,0.1,1.0
0.5,0.75,120,0.35321895206537685,0.3,0.3769377685544826
0.5,0.75,121,0.5126941533918278,0.5,0.5976620396026832
0.5,0.75,122,0.29725274725274725,0.5,0.2791877113120418
0.5,0.75,123,0.07941176470588235,0.0,0.0
0.5,0.75,124,0.004057166770071575,0.0,0.0
0.5,0.75,125,0.24317385332137031,0.3,0.4090307868171935
0.5,0.75,126,0.15668537237569288,0.2,0.35571812677402137
0.5,0.75,127,0.11336984679150322,0.1,0.1283624763817471
0.5,0.75,128,0.014098505484797172,0.0,0.0
0.5,0.75,129,0.39338550294168045,0.4,0.5311527789860895
0.5,0.75,130,0.38373134328358205,0.2,0.45825661733967094
0.5,0.75,131,0.2805746336996337,0.2,0.1046347043286389
0.5,0.75,132,0.6890208550566607,0.6,0.4485379408925873
0.5,0.75,133,0.445419659705374,0.3,0.49572319896963557
0.5,0.75,134,0.26515151515151514,0.1,0.2960819109658652
0.5,0.75,135,0.5219433344433344,0.4,0.38703827668949514
0.5,0.75,136,0.46883468834688347,0.2,0.8490093211811799
0.5,0.75,137,0.2053030303030303,0.2,0.30049408259649085
0.5,0.75,138,0.15,0.1,0.2640681225725909
0.5,0.75,139,0.010181264923896129,0.0,0.0
0.5,0.75,140,0.19292356235009508,0.2,0.40473284377758784
0.5,0.75,141,0.17867596859532342,0.1,0.17522794594893776
0.5,0.75,142,0.07692307692307693,0.0,0.0
0.5,0.75,143,0.6428571428571428,0.2,0.8175295903539445
0.5,0.75,144,0.29133454106280193,0.4,0.41325664711838583
0.5,0.75,145,0.17612595737595735,0.2,0.18545537894730593
0.5,0.75,146,0.8333333333333333,0.2,0.7601875334318685
0.5,0.75,147,0.28755771715190925,0.4,0.43352529288116637
0.5,0.75,148,0.17863684728836318,0.2,0.31944460674615827
0.5,0.75,149,0.33230152094147924,0.3,0.3647442587311445
0.5,0.75,150,0.8333333333333333,0.2,0.9197207891481876
0.5,0.75,151,0.02712936240903151,0.0,0.0
0.5,0.75,152,0.01615912182916009,0.0,0.0
0.5,0.75,153,0.3252226210177165,0.3,0.3325382819409276
0.5,0.75,154,0.6666666666666666,0.2,0.7200194084720598
0.5,0.75,155,0.13698752228163993,0.1,0.1420364328899563
0.5,0.75,156,0.49496882810425086,0.7,0.5323811137191929
0.5,0.75,157,0.30739817284844145,0.3,0.37073340571389557
0.5,0.75,158,0.35412196499153015,0.2,0.5347363368441794
0.5,0.75,159,0.06565663316944534,0.1,0.04346365262877979
0.5,0.75,160,0.1202781232672537,0.1,0.24842742676916893
0.5,0.75,161,0.5257351174361719,0.3,0.7193068819147438
0.5,0.75,162,0.308187314399444,0.2,0.254116659944446
0.5,0.75,163,0.26883468834688345,0.2,0.41618115554873086
0.5,0.75,164,0.5268452131898863,0.4,0.6607483066294534
0.5,0.75,165,0.5833333333333333,0.2,0.6934264036172708
0.5,0.75,166,0.0408309791742846,0.1,0.07614334071738352
0.5,0.75,167,1.0,0.2,1.0
0.5,0.75,168,0.0825,0.1,0.19342640361727081
0.5,0.75,169,0.23344093735054997,0.2,0.36331756126716835
0.5,0.75,170,0.5532276626909395,0.4,0.7196342075544735
0.5,0.75,171,0.6388888888888888,0.3,0.705380662620796
0.5,0.75,172,0.8875,0.4,0.925248016143815
0.5,0.75,173,1.0,0.2,1.0
0.5,0.75,174,0.05439974851876846,0.1,0.13068562306290035
0.5,0.75,175,0.04741088313843732,0.1,0.10802328094530432
0.5,0.75,176,0.059824453642563516,0.1,0.0997954666798749
0.5,0.75,177,0.6888888888888889,0.5,0.9003207432635024
0.5,0.75,178,0.4640151515151515,0.2,0.7609829518290319
0.5,0.75,179,0.45353535353535346,0.2,0.5855700749881525
0.5,0.75,180,0.4255571793934965,0.3,0.33654056128817356
0.5,0.75,181,0.2571475680930357,0.1,0.24913276910075044
0.5,0.75,182,0.5833333333333333,0.2,0.66967181649423
0.5,0.75,183,0.5817460598667415,0.6,0.6002897335294108
0.5,0.75,184,0.35963507851245907,0.2,0.3501070881447261
0.5,0.75,185,0.7476851851851851,0.6,0.7865887650668608
0.5,0.75,186,0.12170993745751844,0.2,0.1487639058405727
0.5,0.75,187,0.17100109486473122,0.2,0.2587612728534711
0.5,0.75,188,0.3884991554374814,0.5,0.5622025504472932
0.5,0.75,189,0.08939757664202162,0.1,0.06448146224987947
0.5,0.75,190,0.47609649122807013,0.2,0.46835315334527033
0.5,0.75,191,0.27462625665658763,0.3,0.18341597643189303
0.5,0.75,192,0.5009057971014492,0.3,0.6096199500078984
0.5,0.75,193,0.806023881023881,0.7,0.8250951888703539
0.5,0.75,194,0.21200912319682205,0.2,0.2208115559881409
0.5,0.75,195,0.12377501725327812,0.1,0.20210734650054757
0.5,0.75,196,0.10320056633117668,0.3,0.2382265752236204
0.5,0.75,197,0.6081871345029239,0.2,0.6651640917528849
0.5,0.75,198,0.4429211782512516,0.3,0.6527702355408795
0.5,0.75,199,0.09858401994123167,0.1,0.09576745329637855
0.5,0.75,200,0.20833333333333334,0.1,0.23463936301137825
0.5,0.75,201,0.32741049763214314,0.4,0.5659098008888342
0.5,0.75,202,0.19237640254538202,0.3,0.23844055664440297
0.5,0.75,203,0.13248085639773508,0.2,0.2764582536639236
0.5,0.75,204,0.03955240748289538,0.0,0.0
0.5,0.75,205,0.8333333333333333,0.2,0.9197207891481876
0.5,0.75,206,0.2640369580668088,0.2,0.4909032264228103
0.5,0.75,207,0.11399092387172824,0.1,0.180931318522349
0.5,0.75,208,0.6496031746031746,0.6,0.7456018731597586
0.5,0.75,209,0.13236685753724628,0.1,0.1285972949104033
0.5,0.75,210,0.27971735076998233,0.2,0.3807819864349902
0.5,0.75,211,0.15070526435432707,0.1,0.10373780586234975
0.5,0.75,212,0.47650257384134337,0.5,0.4775387074826021
0.5,0.75,213,0.5169290676433901,0.5,0.5777179103539619
0.5,0.75,214,0.16213599085132446,0.1,0.24630238874073
0.5,0.75,215,0.047619047619047616,0.0,0.0
0.5,0.75,216,0.0025188916876574307,0.0,0.0
0.5,0.75,217,0.30632541051593515,0.4,0.41848890091361585
0.5,0.75,218,0.25427063408844786,0.4,0.2679106837672248
0.5,0.75,219,0.0367060276568055,0.0,0.0
0.5,0.75,220,0.19907686791494428,0.2,0.22678350205313533
0.5,0.75,221,0.22201661383567817,0.3,0.33639591040291184
0.5,0.75,222,0.7591197691197692,0.6,0.7561215875999213
0.5,0.75,223,0.4666666666666666,0.3,0.5805485932475565
0.5,0.75,224,0.11480711895707703,0.1,0.08781792985086533
0.5,0.75,225,0.07708668586308735,0.2,0.12521209699146182
0.5,1.0,1,0.16758989913888794,0.3,0.25082943085303605
0.5,1.0,2,0.228267518278377,0.5,0.6042759736469553
0.5,1.0,3,0.6334388971684055,0.6,0.6627430629764571
0.5,1.0,4,0.5238095238095238,0.1,0.6131471927654584
0.5,1.0,5,0.421031746031746,0.3,0.5792499184343415
0.5,1.0,6,0.15940921823274765,0.1,0.20607801570427584
0.5,1.0,7,0.15569717133546918,0.2,0.26304103890982655
0.5,1.0,8,0.14745213420133652,0.1,0.2669507571941387
0.5,1.0,9,0.8055555555555555,0.3,0.9060254355346824
0.5,1.0,10,0.15252200372496688,0.1,0.1323000828051301
0.5,1.0,11,0.14736650538364127,0.1,0.11491284766333976
0.5,1.0,12,0.24198652433946552,0.2,0.27862833371591295
0.5,1.0,13,0.0,0.0,0.0
0.5,1.0,14,0.6111111111111112,0.2,0.9287616579255922
0.5,1.0,15,1.0,0.2,0.8597186998521972
0.5,1.0,16,0.19116034218030267,0.1,0.23981246656813146
0.5,1.0,17,0.09042553191489361,0.1,0.2507406824493034
0.5,1.0,18,0.35818778922227196,0.1,0.4692787260227565
0.5,1.0,19,0.04084857082213328,0.1,0.11578462935841319
0.5,1.0,20,0.4935747022703544,0.4,0.4579766441086708
0.5,1.0,21,0.047196803220577045,0.0,0.0
0.5,1.0,22,0.0,0.0,0.0
0.5,1.0,23,0.20297247692147882,0.3,0.251764246221212
0.5,1.0,24,0.3525641025641026,0.2,0.540460348067574
0.5,1.0,25,0.6721460017842128,0.6,0.7363867648639822
0.5,1.0,26,0.2297798282456032,0.2,0.3918360297400495
0.5,1.0,27,0.2807726864330638,0.2,0.4298593499260986
0.5,1.0,28,0.004493940979910625,0.0,0.0
0.5,1.0,29,0.4567642275128485,0.4,0.4637809759244366
0.5,1.0,30,0.108403193570184,0.2,0.21586771175276195
0.5,1.0,31,0.0009233610341643582,0.0,0.0
0.5,1.0,32,0.08172896582118523,0.2,0.10228514408483456
0.5,1.0,33,0.6388888888888888,0.3,0.6625135428332626
0.5,1.0,34,0.20316008517228026,0.2,0.1570197514758083
0.5,1.0,35,0.029800307219662054,0.0,0.0
0.5,1.0,36,0.5026455026455027,0.1,0.46927872602275644
0.5,1.0,37,0.06243191354222528,0.0,0.0
0.5,1.0,38,0.05871645845734732,0.1,0.08240610333670606
0.5,1.0,39,0.12146417426692466,0.2,0.1956855203162666
0.5,1.0,40,0.09843126924561396,0.2,0.1167863395718088
0.5,1.0,41,0.7777777777777778,0.3,0.8844912478533464
0.5,1.0,42,0.16090735930735928,0.2,0.2665546524086155
0.5,1.0,43,0.5352407872092911,0.4,0.7882729536869474
0.5,1.0,44,0.0,0.0,0.0
0.5,1.0,45,0.21028270949767924,0.2,0.33876780622615427
0.5,1.0,46,0.3822167126189739,0.4,0.5451056311678559
0.5,1.0,47,0.39466416639853147,0.5,0.4334717647233883
0.5,1.0,48,0.24194835592430533,0.3,0.40164992669943544
0.5,1.0,49,0.09365079365079365,0.1,0.25339584447728947
0.5,1.0,50,0.07237439827777768,0.1,0.22843129573946425
0.5,1.0,51,0.46260965280235056,0.6,0.4703481438971982
0.5,1.0,52,0.5347222222222222,0.3,0.501645280960717
0.5,1.0,53,0.3196807494758057,0.3,0.3134499544708128
0.5,1.0,54,0.14759201067074545,0.1,0.21285246057565374
0.5,1.0,55,0.22360620257259453,0.4,0.24729623245022284
0.5,1.0,56,0.13592593181727083,0.2,0.18302656388775357
0.5,1.0,57,0.06498086830068371,0.1,0.1431875018793512
0.5,1.0,58,0.11977742940834799,0.0,0.0
0.5,1.0,59,0.2429463839508817,0.2,0.3324341725240286
0.5,1.0,60,0.31852346778850116,0.3,0.3625993037773548
0.5,1.0,61,0.4342657342657342,0.3,0.5453147026651118
0.5,1.0,62,0.02498137515514017,0.0,0.0
0.5,1.0,63,0.04399045699858708,0.0,0.0
0.5,1.0,64,0.5208333333333334,0.1,0.6787956981029196
0.5,1.0,65,0.16973401388124626,0.3,0.2803362628529601
0.5,1.0,66,0.0881201472201874,0.1,0.17163333740375722
0.5,1.0,67,0.44177506981535286,0.6,0.6821539285185497
0.5,1.0,68,0.052145351181080844,0.1,0.13094108931838097
0.5,1.0,69,0.03644984963777376,0.0,0.0
0.5,1.0,70,0.08907799968383515,0.2,0.1319558735644914
0.5,1.0,71,0.050243234532544485,0.1,0.10854227526735447
0.5,1.0,72,0.12620936367983587,0.1,0.282274472651798
0.5,1.0,73,0.37190431078855574,0.7,0.7021646125377583
0.5,1.0,74,0.15510683273841167,0.2,0.2254374655964735
0.5,1.0,75,0.02134170885977328,0.0,0.0
0.5,1.0,76,0.19736820943316938,0.2,0.31007988243246654
0.5,1.0,77,0.27386877828054296,0.2,0.20457028816966913
0.5,1.0,78,0.7222222222222222,0.3,0.8005562232320607
0.5,1.0,79,0.04379148504039228,0.0,0.0
0.5,1.0,80,0.010765765420947072,0.0,0.0
0.5,1.0,81,0.8333333333333333,0.2,0.6478180753414247
0.5,1.0,82,0.2037156960686372,0.3,0.38378910149772333
0.5,1.0,83,0.11613911354182062,0.1,0.19519002499605084
0.5,1.0,84,0.4039591535710229,0.4,0.36622002329898773
0.5,1.0,85,0.2627669794394575,0.1,0.2579266542703838
0.5,1.0,86,0.5833333333333333,0.2,0.6934264036172708
0.5,1.0,87,0.01122987362924924,0.0,0.0
0.5,1.0,88,0.6496031746031746,0.6,0.7097158896509913
0.5,1.0,89,0.2017112815499912,0.2,0.28612526032148533
0.5,1.0,90,0.16796818544718248,0.2,0.10584761389666944
0.5,1.0,91,0.4030757711220279,0.4,0.5918856540709533
0.5,1.0,92,0.445287724572905,0.6,0.3542475140141767
0.5,1.0,93,0.5,0.1,0.6309297535714575
0.5,1.0,94,0.5575217749189684,0.6,0.5280981838915715
0.5,1.0,95,0.325,0.2,0.4271470076794022
0.5,1.0,96,0.4402273105185486,0.6,0.48212980822182194
0.5,1.0,97,0.19050010015745683,0.3,0.2764582536639236
0.5,1.0,98,0.021319672312563077,0.0,0.0
0.5,1.0,99,0.29411764705882354,0.2,0.471535652823272
0.5,1.0,100,0.25446299878214773,0.3,0.37635689400921835
0.5,1.0,101,0.6646825396825397,0.5,0.7730534630646193
0.5,1.0,102,0.2540849673202614,0.2,0.2956181605409906
0.5,1.0,103,0.038461538461538464,0.0,0.0
0.5,1.0,104,0.184294676350866,0.1,0.21398626473452756
0.5,1.0,105,0.5433780760626398,0.3,0.7422329748991158
0.5,1.0,106,0.5402824858757063,0.3,0.7173999241783239
0.5,1.0,107,0.29555822692567996,0.3,0.3610386577792013
0.5,1.0,108,0.8219696969696969,0.5,0.7765927192533882
0.5,1.0,109,0.04209994462901439,0.0,0.0
0.5,1.0,110,0.1085664913991225,0.1,0.2514333090184516
0.5,1.0,111,0.27987958401751506,0.2,0.20121223985348807
0.5,1.0,112,0.2976190476190476,0.1,0.23981246656813146
0.5,1.0,113,0.09043004798818752,0.1,0.11284514134893527
0.5,1.0,114,0.08015951971860666,0.1,0.22216592739310984
0.5,1.0,115,0.04448105280252836,0.1,0.15814112524003557
0.5,1.0,116,0.044664957608602236,0.1,0.08876975478230018
0.5,1.0,117,0.03542319749216301,0.0,0.0
0.5,1.0,118,0.2538784067085954,0.2,0.4321106657033608
0.5,1.0,119,1.0,0.1,1.0
0.5,1.0,120,0.3691164499988029,0.4,0.4328416023998972
0.5,1.0,121,0.5138262322472849,0.5,0.5976620396026832
0.5,1.0,122,0.3284224700891367,0.5,0.29723707133129773
0.5,1.0,123,0.08888888888888888,0.0,0.0
0.5,1.0,124,0.004110038940997202,0.0,0.0
0.5,1.0,125,0.2351472110566718,0.3,0.3978421740343884
0.5,1.0,126,0.15644030290591812,0.2,0.35571812677402137
0.5,1.0,127,0.10504770762413732,0.1,0.1283624763817471
0.5,1.0,128,0.014016676250718804,0.0,0.0
0.5,1.0,129,0.40487394957983186,0.4,0.5391566041878113
0.5,1.0,130,0.39736559139784944,0.3,0.5420809621710582
0.5,1.0,131,0.2913284632034632,0.2,0.1046347043286389
0.5,1.0,132,0.6530172092555995,0.6,0.4538202765673086
0.5,1.0,133,0.4575428340672653,0.3,0.5014591476435348
0.5,1.0,134,0.2653846153846154,0.1,0.2960819109658652
0.5,1.0,135,0.5997535450660452,0.4,0.33175511024475374
0.5,1.0,136,0.47301587301587295,0.2,0.8490093211811799
0.5,1.0,137,0.21165565149415486,0.2,0.3044022171272382
0.5,1.0,138,0.15,0.1,0.2640681225725909
0.5,1.0,139,0.01053195691954912,0.0,0.0
0.5,1.0,140,0.19231531284868505,0.2,0.40473284377758784
0.5,1.0,141,0.1854825364693786,0.2,0.282270471629061
0.5,1.0,142,0.08333333333333333,0.0,0.0
0.5,1.0,143,0.7,0.2,0.8503449055347546
0.5,1.0,144,0.29884259259259255,0.4,0.4185118976728227
0.5,1.0,145,0.20816392041122503,0.3,0.2918287317262391
0.5,1.0,146,0.8333333333333333,0.2,0.7601875334318685
0.5,1.0,147,0.2867408367315316,0.4,0.43352529288116637
0.5,1.0,148,0.17875035212050336,0.2,0.31944460674615827
0.5,1.0,149,0.3396822705166969,0.3,0.3647442587311445
0.5,1.0,150,0.8333333333333333,0.2,0.9197207891481876
0.5,1.0,151,0.028161553828778794,0.0,0.0
0.5,1.0,152,0.016806917861000182,0.0,0.0
0.5,1.0,153,0.3268734620944307,0.3,0.3325382819409276
0.5,1.0,154,0.6666666666666666,0.2,0.7200194084720598
0.5,1.0,155,0.14026027077497663,0.1,0.1420364328899563
0.5,1.0,156,0.48179094601589295,0.7,0.5274879205399315
0.5,1.0,157,0.3206949845210473,0.3,0.37073340571389557
0.5,1.0,158,0.3804945054945055,0.3,0.6557285785338937
0.5,1.0,159,0.07140109567821819,0.2,0.12641338253655166
0.5,1.0,160,0.12012032536280826,0.1,0.24842742676916893
0.5,1.0,161,0.5260858098201194,0.3,0.7193068819147438
0.5,1.0,162,0.31504738962327405,0.2,0.254116659944446
0.5,1.0,163,0.27008547008547007,0.2,0.41618115554873086
0.5,1.0,164,0.4918054776021248,0.4,0.6427129006593434
0.5,1.0,165,0.5833333333333333,0.2,0.6934264036172708
0.5,1.0,166,0.03858128822245017,0.0,0.0
0.5,1.0,167,0.8333333333333333,0.2,0.9385574520455129
0.5,1.0,168,0.09774436090225563,0.1,0.20438239758848611
0.5,1.0,169,0.23832417582417578,0.2,0.36331756126716835
0.5,1.0,170,0.6176325106737477,0.4,0.751412262126836
0.5,1.0,171,0.6388888888888888,0.3,0.6757709465491791
0.5,1.0,172,0.8875,0.4,0.925248016143815
0.5,1.0,173,1.0,0.2,1.0
0.5,1.0,174,0.0607453720482619,0.1,0.13965347456008503
0.5,1.0,175,0.04770235074372581,0.1,0.10802328094530432
0.5,1.0,176,0.06628328133813856,0.1,0.10458082268679351
0.5,1.0,177,0.7,0.5,0.904363563836718
0.5,1.0,178,0.44658119658119655,0.2,0.7609829518290319
0.5,1.0,179,0.3286730276526194,0.2,0.44149241373678083
0.5,1.0,180,0.44497645211930925,0.3,0.33654056128817356
0.5,1.0,181,0.2591052016544429,0.1,0.24913276910075044
0.5,1.0,182,0.5833333333333333,0.2,0.66967181649423
0.5,1.0,183,0.5935666030983756,0.6,0.6032940473605599
0.5,1.0,184,0.3455764786591854,0.2,0.3437948514356465
0.5,1.0,185,0.75413377472201,0.6,0.7197431046892112
0.5,1.0,186,0.12049113323027183,0.2,0.1584091525685025
0.5,1.0,187,0.1667938542938543,0.2,0.2551032854918669
0.5,1.0,188,0.3989012937608019,0.5,0.5695953186160334
0.5,1.0,189,0.09157920280266084,0.1,0.06890628086592505
0.5,1.0,190,0.4821505875077303,0.2,0.46835315334527033
0.5,1.0,191,0.27542853133084333,0.3,0.18676340864064134
0.5,1.0,192,0.5048076923076923,0.3,0.6096199500078984
0.5,1.0,193,0.7988534840993857,0.6,0.7402769522254775
0.5,1.0,194,0.2055521638854972,0.2,0.2208115559881409
0.5,1.0,195,0.1259259259259259,0.1,0.20210734650054757
0.5,1.0,196,0.11521717247426204,0.3,0.2469105845119223
0.5,1.0,197,0.6081871345029239,0.2,0.6651640917528849
0.5,1.0,198,0.459575947167188,0.3,0.6654439405225756
0.5,1.0,199,0.10148632968443358,0.1,0.09576745329637855
0.5,1.0,200,0.21666666666666667,0.1,0.23463936301137825
0.5,1.0,201,0.32927455491633073,0.4,0.5659098008888342
0.5,1.0,202,0.19273925640670905,0.3,0.23844055664440297
0.5,1.0,203,0.10806557361044673,0.2,0.22750592170591827
0.5,1.0,204,0.040703700244937316,0.0,0.0
0.5,1.0,205,0.8333333333333333,0.2,0.9197207891481876
0.5,1.0,206,0.2640929457122017,0.2,0.4909032264228103
0.5,1.0,207,0.11386113886113887,0.1,0.180931318522349
0.5,1.0,208,0.6208333333333332,0.6,0.7439944668032381
0.5,1.0,209,0.13429232658448434,0.1,0.1285972949104033
0.5,1.0,210,0.2800949894405685,0.2,0.3807819864349902
0.5,1.0,211,0.15274427738329333,0.1,0.10373780586234975
0.5,1.0,212,0.4766272691253088,0.5,0.4775387074826021
0.5,1.0,213,0.5161872966957712,0.5,0.5777179103539619
0.5,1.0,214,0.16370449123534903,0.1,0.24630238874073
0.5,1.0,215,0.049999999999999996,0.0,0.0
0.5,1.0,216,0.0024630541871921183,0.0,0.0
0.5,1.0,217,0.3268160127759407,0.4,0.4542532433040197
0.5,1.0,218,0.2333727425678162,0.4,0.25409729753868154
0.5,1.0,219,0.03599750173370744,0.0,0.0
0.5,1.0,220,0.20141874891123895,0.2,0.22678350205313533
0.5,1.0,221,0.2201681248934878,0.3,0.33639591040291184
0.5,1.0,222,0.7431938431938432,0.6,0.7339363113911481
0.5,1.0,223,0.44892473118279563,0.3,0.5805485932475565
0.5,1.0,224,0.11547896235184943,0.1,0.08781792985086533
0.5,1.0,225,0.08063113741765618,0.3,0.17888096774900045
1.2,0.0,1,0.1690149460589188,0.4,0.28424917463608373
1.2,0.0,2,0.2347723983567327,0.4,0.5157850776492133
1.2,0.0,3,0.6475656288156287,0.6,0.7436332141041977
1.2,0.0,4,0.525,0.1,0.6131471927654584
1.2,0.0,5,0.637987012987013,0.3,0.7094211797091614
1.2,0.0,6,0.13069661792738188,0.1,0.16331296355715133
1.2,0.0,7,0.1930050964146276,0.2,0.28591926394768896
1.2,0.0,8,0.1483724254591887,0.1,0.2669507571941387
1.2,0.0,9,0.5888888888888889,0.3,0.7122630665145961
1.2,0.0,10,0.10831726674968593,0.1,0.1323000828051301
1.2,0.0,11,0.15635959278816422,0.1,0.1247991599125066
1.2,0.0,12,0.2172362278244631,0.2,0.22201468685328482
1.2,0.0,13,0.0,0.0,0.0
1.2,0.0,14,0.5476190476190477,0.1,0.8637574337885663
1.2,0.0,15,0.75,0.2,0.7074887171046738
1.2,0.0,16,0.1416531823085221,0.1,0.19004688335796713
1.2,0.0,17,0.04491315136476427,0.0,0.0
1.2,0.0,18,0.3535045478865704,0.1,0.4692787260227565
1.2,0.0,19,0.05576404927469658,0.1,0.14964946252569797
1.2,0.0,20,0.4642619798517673,0.5,0.5287324048297514
1.2,0.0,21,0.041986361032886256,0.0,0.0
1.2,0.0,22,0.0,0.0,0.0
1.2,0.0,23,0.1900447497962864,0.3,0.21700559878472023
1.2,0.0,24,0.32564102564102565,0.2,0.518149817909464
1.2,0.0,25,0.6939256299035171,0.6,0.7566014263120735
1.2,0.0,26,0.1994112591962851,0.2,0.36781736530341685
1.2,0.0,27,0.13588235294117648,0.1,0.16369747519436975
1.2,0.0,28,0.004094251336898396,0.0,0.0
1.2,0.0,29,0.3145293380098013,0.3,0.31906474496842435
1.2,0.0,30,0.14144129076763806,0.2,0.27813879943950465
1.2,0.0,31,0.0008928571428571428,0.0,0.0
1.2,0.0,32,0.059247050659093504,0.1,0.056341020634852426
1.2,0.0,33,0.6388888888888888,0.3,0.715746045301212
1.2,0.0,34,0.4089372623855383,0.3,0.4872255073111797
1.2,0.0,35,0.042328042328042326,0.0,0.0
1.2,0.0,36,0.5022222222222222,0.1,0.46927872602275644
1.2,0.0,37,0.06755988286997099,0.0,0.0
1.2,0.0,38,0.05481810883502085,0.1,0.047641411897117715
1.2,0.0,39,0.1501656237687473,0.2,0.32257691889100853
1.2,0.0,40,0.12247943045264793,0.2,0.15996433755220654
1.2,0.0,41,0.8095238095238094,0.3,0.9005951705414852
1.2,0.0,42,0.13350135643651004,0.2,0.2426410102981876
1.2,0.0,43,0.38742166785700477,0.3,0.5817914129673962
1.2,0.0,44,0.0,0.0,0.0
1.2,0.0,45,0.20104531970271133,0.2,0.35208887506004277
1.2,0.0,46,0.48344725378326536,0.7,0.6990270782041772
1.2,0.0,47,0.403289526711749,0.4,0.44951253913765
1.2,0.0,48,0.28371511367164587,0.4,0.42446377536658986
1.2,0.0,49,0.06470588235294118,0.1,0.21974347732050664
1.2,0.0,50,0.028200976653657384,0.0,0.0
1.2,0.0,51,0.3757656423371166,0.5,0.40424188477163
1.2,0.0,52,0.2630952380952381,0.3,0.3460244832603389
1.2,0.0,53,0.30785035197535193,0.2,0.3239134396887189
1.2,0.0,54,0.14928668533478595,0.1,0.16868158409931971
1.2,0.0,55,0.2322330832345853,0.3,0.23739623013358743
1.2,0.0,56,0.13734846081707638,0.2,0.18302656388775357
1.2,0.0,57,0.08637875890895688,0.2,0.18032801308826035
1.2,0.0,58,0.09820769259146656,0.1,0.12794103128816114
1.2,0.0,59,0.13741067884080985,0.2,0.23508619695933383
1.2,0.0,60,0.33530183727034124,0.3,0.4128812094746512
1.2,0.0,61,0.5252073732718894,0.3,0.6665714815589554
1.2,0.0,62,0.026859026291369055,0.0,0.0
1.2,0.0,63,0.053971970545318805,0.0,0.0
1.2,0.0,64,0.5208333333333334,0.1,0.6787956981029196
1.2,0.0,65,0.11297680718338476,0.2,0.17146234637303945
1.2,0.0,66,0.0498485412981559,0.0,0.0
1.2,0.0,67,0.20670137694141166,0.3,0.2879593374487766
1.2,0.0,68,0.09158284977433914,0.1,0.18733434697640203
1.2,0.0,69,0.045618603527019366,0.1,0.12143888304042887
1.2,0.0,70,0.1264821530074875,0.2,0.17900284840411712
1.2,0.0,71,0.11065031965662075,0.1,0.20544765295955178
1.2,0.0,72,0.07055951102119709,0.1,0.12156899831365849
1.2,0.0,73,0.361675998924651,0.7,0.7258793434916629
1.2,0.0,74,0.19912302638605595,0.1,0.26785287576497296
1.2,0.0,75,0.020201119626718098,0.0,0.0
1.2,0.0,76,0.23521915310890887,0.2,0.4168007133311226
1.2,0.0,77,0.34562935643749,0.2,0.27108639866219686
1.2,0.0,78,0.8095238095238094,0.3,0.8665103888067762
1.2,0.0,79,0.046869697014360744,0.1,0.06888798605498088
1.2,0.0,80,0.008879198966408269,0.0,0.0
1.2,0.0,81,0.6666666666666666,0.2,0.5236159642806104
1.2,0.0,82,0.17045062612951994,0.2,0.24880587361444545
1.2,0.0,83,0.13982997081588633,0.1,0.19519002499605084
1.2,0.0,84,0.3628202589353799,0.3,0.3022926871719832
1.2,0.0,85,0.13649056704612259,0.1,0.16273360041832377
1.2,0.0,86,0.5,0.2,0.6509209298071326
1.2,0.0,87,0.010433690940304101,0.0,0.0
1.2,0.0,88,0.594047619047619,0.6,0.6671729158076682
1.2,0.0,89,0.1909817947646895,0.2,0.269310554764522
1.2,0.0,90,0.21240203753554787,0.3,0.2325627404749867
1.2,0.0,91,0.45037042277045003,0.4,0.6204761252373433
1.2,0.0,92,0.47216605498252046,0.7,0.42105420804240185
1.2,0.0,93,0.5,0.1,0.6309297535714575
1.2,0.0,94,0.5646982152340455,0.5,0.488803934096311
1.2,0.0,95,0.41666666666666663,0.2,0.44391917204490255
1.2,0.0,96,0.4926891171587411,0.7,0.5858429869890341
1.2,0.0,97,0.21331778042563904,0.3,0.2939091895175743
1.2,0.0,98,0.02318453170727785,0.0,0.0
1.2,0.0,99,0.2826086956521739,0.2,0.471535652823272
1.2,0.0,100,0.25107552020280205,0.3,0.37082049434891856
1.2,0.0,101,0.6389822595704949,0.5,0.7343114994171702
1.2,0.0,102,0.1149187306501548,0.1,0.1056474671437946
1.2,0.0,103,0.1,0.1,0.23719771276929622
1.2,0.0,104,0.14413618627076935,0.1,0.21398626473452756
1.2,0.0,105,0.47173669467787105,0.4,0.6284985653437628
1.2,0.0,106,0.3486549707602339,0.3,0.44484441270035574
1.2,0.0,107,0.281437839733949,0.2,0.29671862902579405
1.2,0.0,108,0.7524743230625583,0.5,0.7665979376641038
1.2,0.0,109,0.03696705643170983,0.0,0.0
1.2,0.0,110,0.03949978452613134,0.0,0.0
1.2,0.0,111,0.22119095552541368,0.1,0.09156581422026053
1.2,0.0,112,0.3611111111111111,0.2,0.46865171646093934
1.2,0.0,113,0.07292067779725471,0.1,0.15101961822780524
1.2,0.0,114,0.05019358020353726,0.1,0.16273360041832377
1.2,0.0,115,0.04000558375917251,0.1,0.14281566673591506
1.2,0.0,116,0.057531694298999084,0.1,0.09486127395381615
1.2,0.0,117,0.028205128205128206,0.0,0.0
1.2,0.0,118,0.22131782945736433,0.2,0.39258655345796484
1.2,0.0,119,0.5,0.1,0.6309297535714575
1.2,0.0,120,0.3683377286825562,0.3,0.3769377685544826
1.2,0.0,121,0.5111678004535147,0.5,0.6032145901149428
1.2,0.0,122,0.23401053571846328,0.3,0.10933896388258549
1.2,0.0,123,0.09545454545454546,0.0,0.0
1.2,0.0,124,0.0040544339904733774,0.0,0.0
1.2,0.0,125,0.23332413230587795,0.4,0.3500041708339938
1.2,0.0,126,0.2617523299485325,0.2,0.5129861293403476
1.2,0.0,127,0.15282394557289367,0.2,0.25759545730022737
1.2,0.0,128,0.01613212982523526,0.0,0.0
1.2,0.0,129,0.38047285754016075,0.4,0.5329860905668825
1.2,0.0,130,0.4500438981562773,0.3,0.5947670901577867
1.2,0.0,131,0.27712657712657707,0.2,0.1295419021642974
1.2,0.0,132,0.7117861458573532,0.7,0.5085474782496097
1.2,0.0,133,0.4101556706598723,0.2,0.428699929635869
1.2,0.0,134,0.5172413793103449,0.1,0.46927872602275644
1.2,0.0,135,0.5245535714285714,0.5,0.43331009056708675
1.2,0.0,136,0.24444444444444444,0.2,0.4592164189088635
1.2,0.0,137,0.19556010928961748,0.1,0.20607801570427584
1.2,0.0,138,0.5222222222222223,0.1,0.6131471927654584
1.2,0.0,139,0.00934970336498776,0.0,0.0
1.2,0.0,140,0.12307171915295484,0.2,0.29548628183357994
1.2,0.0,141,0.12435164732970995,0.1,0.11961168135180034
1.2,0.0,142,0.05,0.0,0.0
1.2,0.0,143,0.5909090909090909,0.1,0.6131471927654584
1.2,0.0,144,0.27836912542794895,0.2,0.2470267366877767
1.2,0.0,145,0.15249678916364767,0.1,0.13594198895922546
1.2,0.0,146,0.3333333333333333,0.2,0.5154858981951099
1.2,0.0,147,0.3114278023202972,0.4,0.44522407635068506
1.2,0.0,148,0.19241408449684785,0.2,0.3493427948403648
1.2,0.0,149,0.3081079896875658,0.3,0.35970991185182927
1.2,0.0,150,1.0,0.2,1.0
1.2,0.0,151,0.02659647621442543,0.0,0.0
1.2,0.0,152,0.01712386495922853,0.0,0.0
1.2,0.0,153,0.2699727759320783,0.3,0.296036867605768
1.2,0.0,154,0.8333333333333333,0.2,0.8212377705398237
1.2,0.0,155,0.14252747252747253,0.1,0.1420364328899563
1.2,0.0,156,0.5488632672169991,0.8,0.6299902222895541
1.2,0.0,157,0.28355818763944124,0.4,0.485853362228676
1.2,0.0,158,0.30804585550776414,0.2,0.5347363368441794
1.2,0.0,159,0.06331339022066232,0.0,0.0
1.2,0.0,160,0.22031041199762683,0.1,0.3937481555797838
1.2,0.0,161,0.4619025301374425,0.3,0.7042149599999706
1.2,0.0,162,0.23349814948162903,0.1,0.14520951996825487
1.2,0.0,163,0.20873015873015868,0.2,0.36926780146674987
1.2,0.0,164,0.5523490878132717,0.4,0.7100783003803337
1.2,0.0,165,0.3611111111111111,0.2,0.5714285040141098
1.2,0.0,166,0.040817316843217655,0.0,0.0
1.2,0.0,167,1.0,0.2,0.9134015924715543
1.2,0.0,168,0.0642857142857143,0.1,0.17723928678404774
1.2,0.0,169,0.2252775728189452,0.2,0.36331756126716835
1.2,0.0,170,0.4628582202111613,0.4,0.5609664519924193
1.2,0.0,171,0.5888888888888889,0.3,0.6991412685405778
1.2,0.0,172,0.6791666666666667,0.4,0.6867288992072725
1.2,0.0,173,1.0,0.2,1.0
1.2,0.0,174,0.051656719401249704,0.1,0.12368017193161218
1.2,0.0,175,0.04031396748335716,0.0,0.0
1.2,0.0,176,0.046048298266615995,0.0,0.0
1.2,0.0,177,0.6417748917748918,0.3,0.7318479370616626
1.2,0.0,178,0.6575757575757576,0.3,0.7891520946780052
1.2,0.0,179,0.4247159090909091,0.2,0.5585075862632192
1.2,0.0,180,0.38371212121212117,0.3,0.39216949344416374
1.2,0.0,181,0.15358174061582175,0.1,0.15718527661531131
1.2,0.0,182,0.5833333333333333,0.2,0.66967181649423
1.2,0.0,183,0.6308243968079802,0.7,0.5717217406686486
1.2,0.0,184,0.24933714756271647,0.2,0.24378762834759754
1.2,0.0,185,0.802116402116402,0.6,0.8216520133485932
1.2,0.0,186,0.14101432023878271,0.3,0.23680742154717782
1.2,0.0,187,0.14838655100283007,0.2,0.2522457614005466
1.2,0.0,188,0.3772470008123879,0.5,0.5555706127543532
1.2,0.0,189,0.14489819482290864,0.2,0.14374078492378703
1.2,0.0,190,0.33821249430004563,0.2,0.3377093451461453
1.2,0.0,191,0.33016508924437316,0.3,0.18527227252897363
1.2,0.0,192,0.6217105263157894,0.3,0.75369761125927
1.2,0.0,193,0.8226056526689437,0.8,0.8767319862956872
1.2,0.0,194,0.270503458003458,0.3,0.3263138792884392
1.2,0.0,195,0.22028542303771662,0.1,0.2960819109658652
1.2,0.0,196,0.06847858743478967,0.1,0.08308699565805434
1.2,0.0,197,0.6143790849673202,0.2,0.6651640917528849
1.2,0.0,198,0.39887284701114484,0.3,0.627014798633336
1.2,0.0,199,0.10954774392274391,0.1,0.11118257019233733
1.2,0.0,200,0.2851605758582503,0.2,0.45250815297345076
1.2,0.0,201,0.2892565120963924,0.4,0.545219624907901
1.2,0.0,202,0.22827220894418238,0.3,0.25988892464169183
1.2,0.0,203,0.20876985739003057,0.2,0.398684348074683
1.2,0.0,204,0.03647797924370435,0.0,0.0
1.2,0.0,205,1.0,0.2,1.0
1.2,0.0,206,0.33510011778563015,0.2,0.540460348067574
1.2,0.0,207,0.12171999795207863,0.2,0.24347979931589597
1.2,0.0,208,0.6246031746031746,0.6,0.7244320367953142
1.2,0.0,209,0.1252731951456034,0.1,0.1285972949104033
1.2,0.0,210,0.3599535131421416,0.2,0.48255059646431975
1.2,0.0,211,0.1439317034601406,0.1,0.1171355505547595
1.2,0.0,212,0.45113963400606905,0.4,0.5104383913037057
1.2,0.0,213,0.5703624963183231,0.5,0.6020761381356861
1.2,0.0,214,0.15525342563178607,0.1,0.24630238874073
1.2,0.0,215,0.03311965811965812,0.0,0.0
1.2,0.0,216,0.002976190476190476,0.0,0.0
1.2,0.0,217,0.2269756672376838,0.2,0.14368856365090527
1.2,0.0,218,0.2830016563552953,0.4,0.32484890955623513
1.2,0.0,219,0.042740917914085415,0.0,0.0
1.2,0.0,220,0.19206440338900221,0.2,0.22678350205313533
1.2,0.0,221,0.2425829649692295,0.3,0.3597386075558777
1.2,0.0,222,0.801308827624617,0.6,0.7685569666098717
1.2,0.0,223,0.75,0.3,0.8048099750039491
1.2,0.0,224,0.12379284889411016,0.1,0.07930749312667738
1.2,0.0,225,0.08613509922378715,0.2,0.1453844457692427
1.2,0.75,1,0.22573570350346192,0.3,0.3372879974713539
1.2,0.75,2,0.23021265279800165,0.5,0.6117990233892721
1.2,0.75,3,0.6588010204081634,0.7,0.7403795971138045
1.2,0.75,4,0.5303030303030303,0.1,0.6131471927654584
1.2,0.75,5,0.41724137931034483,0.3,0.5882457875906547
1.2,0.75,6,0.16925153335037055,0.1,0.20607801570427584
1.2,0.75,7,0.17892252307068252,0.2,0.2724558813422326
1.2,0.75,8,0.16032528603611854,0.1,0.2669507571941387
1.2,0.75,9,0.9166666666666666,0.3,0.9674679834891694
1.2,0.75,10,0.14880920200690895,0.1,0.1323000828051301
1.2,0.75,11,0.19225271717882553,0.2,0.18438122379558644
1.2,0.75,12,0.27956185567010305,0.2,0.28785434950844296
1.2,0.75,13,0.0,0.0,0.0
1.2,0.75,14,0.5833333333333334,0.1,0.8637574337885663
1.2,0.75,15,1.0,0.2,0.8597186998521972
1.2,0.75,16,0.19836293974225006,0.1,0.23981246656813146
1.2,0.75,17,0.10719424460431655,0.1,0.272312688806029
1.2,0.75,18,0.3600348043614215,0.1,0.4692787260227565
1.2,0.75,19,0.07629567835667815,0.1,0.18883659702687935
1.2,0.75,20,0.5639296529233636,0.6,0.5966758057480421
1.2,0.75,21,0.06278395051328706,0.0,0.0
1.2,0.75,22,0.0,0.0,0.0
1.2,0.75,23,0.23693492601959254,0.5,0.3952495742814944
1.2,0.75,24,0.3603603603603604,0.2,0.540460348067574
1.2,0.75,25,0.7020933266838237,0.6,0.7355420692129848
1.2,0.75,26,0.23598102903792226,0.2,0.3918360297400495
1.2,0.75,27,0.13893450100346652,0.2,0.2983273596582507
1.2,0.75,28,0.0049561570720548995,0.0,0.0
1.2,0.75,29,0.4341601030771458,0.4,0.44204986677887
1.2,0.75,30,0.0802284886597315,0.1,0.11020989177680433
1.2,0.75,31,0.0009165902841429881,0.0,0.0
1.2,0.75,32,0.10646351748969106,0.2,0.1146012966570443
1.2,0.75,33,0.6388888888888888,0.3,0.6973180732318199
1.2,0.75,34,0.3235042735042735,0.3,0.35050480187292365
1.2,0.75,35,0.03273809523809524,0.0,0.0
1.2,0.75,36,0.5024509803921569,0.1,0.46927872602275644
1.2,0.75,37,0.08837348257518446,0.0,0.0
1.2,0.75,38,0.05056929899486286,0.0,0.0
1.2,0.75,39,0.15067719516487157,0.2,0.245451881836334
1.2,0.75,40,0.1157621966178319,0.2,0.14627393396255614
1.2,0.75,41,0.8333333333333334,0.3,0.9119982885888461
1.2,0.75,42,0.18625992063492064,0.3,0.3634706911650262
1.2,0.75,43,0.5354385964912282,0.4,0.7816983457316039
1.2,0.75,44,0.0,0.0,0.0
1.2,0.75,45,0.20484641973341877,0.1,0.279901702223461
1.2,0.75,46,0.38076797069802554,0.6,0.5972376556400983
1.2,0.75,47,0.42769781475193397,0.6,0.47748317747376096
1.2,0.75,48,0.22642967649886508,0.3,0.409484654781107
1.2,0.75,49,0.12941176470588237,0.1,0.2940806813328203
1.2,0.75,50,0.10064876894752704,0.1,0.2882482022578178
1.2,0.75,51,0.4999208529565672,0.6,0.4818653817715984
1.2,0.75,52,0.5791666666666666,0.4,0.6287353114501973
1.2,0.75,53,0.28096671477665686,0.2,0.21071055051685958
1.2,0.75,54,0.14176535724523343,0.1,0.21285246057565374
1.2,0.75,55,0.3433302010393603,0.4,0.30841593091679353
1.2,0.75,56,0.14808241534753971,0.2,0.18302656388775357
1.2,0.75,57,0.07841958968461546,0.1,0.18506716146503144
1.2,0.75,58,0.1409803933376098,0.1,0.1155422642817613
1.2,0.75,59,0.32742459382286565,0.2,0.42495012853726505
1.2,0.75,60,0.3570657137184832,0.3,0.40567263115233965
1.2,0.75,61,0.5469696969696971,0.3,0.6294429748465851
1.2,0.75,62,0.031359580884437854,0.0,0.0
1.2,0.75,63,0.04866871479774706,0.0,0.0
1.2,0.75,64,0.5333333333333333,0.1,0.6787956981029196
1.2,0.75,65,0.2368230197991426,0.5,0.409399860562464
1.2,0.75,66,0.08877416579279933,0.1,0.13284008937902195
1.2,0.75,67,0.5183923843751739,0.6,0.6606503963792943
1.2,0.75,68,0.06224217580844558,0.1,0.15494189208647555
1.2,0.75,69,0.04117155158138765,0.0,0.0
1.2,0.75,70,0.09973784382594546,0.2,0.14039934798495474
1.2,0.75,71,0.04743233591560957,0.1,0.09802344195927111
1.2,0.75,72,0.13256186405124504,0.2,0.31195703323008334
1.2,0.75,73,0.3632103793972868,0.7,0.6576639418766975
1.2,0.75,74,0.15430805724923372,0.2,0.18241846989685842
1.2,0.75,75,0.029140509147135608,0.0,0.0
1.2,0.75,76,0.20490763418613142,0.2,0.324779646301465
1.2,0.75,77,0.3795674800745794,0.3,0.3898469738278585
1.2,0.75,78,0.7555555555555555,0.3,0.8122044324192951
1.2,0.75,79,0.05617151318024736,0.0,0.0
1.2,0.75,80,0.01517857142857143,0.0,0.0
1.2,0.75,81,0.75,0.2,0.5879394370415081
1.2,0.75,82,0.26336222838650025,0.3,0.42896455756634705
1.2,0.75,83,0.10319952763488516,0.1,0.16812753627111748
1.2,0.75,84,0.4196714619248256,0.4,0.3794788440618807
1.2,0.75,85,0.2627038019344733,0.1,0.2579266542703838
1.2,0.75,86,0.5833333333333333,0.2,0.6934264036172708
1.2,0.75,87,0.011383675579319793,0.0,0.0
1.2,0.75,88,0.6496031746031746,0.6,0.7253324082431133
1.2,0.75,89,0.20817644887412332,0.2,0.2923268581076878
1.2,0.75,90,0.19097577505816582,0.2,0.13168992676599212
1.2,0.75,91,0.4574095352004157,0.5,0.6493434231719706
1.2,0.75,92,0.48901454614386175,0.6,0.3608316413553603
1.2,0.75,93,0.5,0.1,0.6309297535714575
1.2,0.75,94,0.573739537556227,0.6,0.5412877953063385
1.2,0.75,95,0.45,0.2,0.4703895542422443
1.2,0.75,96,0.45914412092996015,0.7,0.5315890359440729
1.2,0.75,97,0.1871128819180931,0.3,0.272929615378334
1.2,0.75,98,0.024637890428379987,0.0,0.0
1.2,0.75,99,0.271875,0.2,0.4520703757857374
1.2,0.75,100,0.22445189440264754,0.3,0.3608522514905294
1.2,0.75,101,0.7741013071895423,0.5,0.8435486761968861
1.2,0.75,102,0.42275432900432897,0.3,0.5843855996038405
1.2,0.75,103,0.03571428571428571,0.0,0.0
1.2,0.75,104,0.171367208767905,0.1,0.21398626473452756
1.2,0.75,105,0.5578125,0.3,0.7422329748991158
1.2,0.75,106,0.48883371530430353,0.3,0.6853759076916746
1.2,0.75,107,0.3440523645355578,0.4,0.41617320530967766
1.2,0.75,108,0.8347247990105133,0.5,0.7668373304582733
1.2,0.75,109,0.039743076343833075,0.0,0.0
1.2,0.75,110,0.15462300656660413,0.1,0.3172735113973356
1.2,0.75,111,0.30598290598290595,0.2,0.20121223985348807
1.2,0.75,112,0.3125,0.1,0.23981246656813146
1.2,0.75,113,0.140404706917409,0.1,0.19519002499605084
1.2,0.75,114,0.08683198199281958,0.1,0.22216592739310984
1.2,0.75,115,0.04902688678883754,0.1,0.16899301616355156
1.2,0.75,116,0.061977573447922096,0.1,0.11469315735198049
1.2,0.75,117,0.03707482993197279,0.0,0.0
1.2,0.75,118,0.22454068241469816,0.2,0.39258655345796484
1.2,0.75,119,1.0,0.1,1.0
1.2,0.75,120,0.4304207960203618,0.4,0.44877962939818483
1.2,0.75,121,0.5260116694899304,0.4,0.503767871957562
1.2,0.75,122,0.33651159931861685,0.5,0.28111702890632867
1.2,0.75,123,0.10795454545454546,0.0,0.0
1.2,0.75,124,0.00463652517201968,0.0,0.0
1.2,0.75,125,0.23741030619190137,0.3,0.3063222330898936
1.2,0.75,126,0.2197325576230022,0.2,0.4718040076989788
1.2,0.75,127,0.1184576616233,0.1,0.1283624763817471
1.2,0.75,128,0.016622794189334114,0.0,0.0
1.2,0.75,129,0.3852439540409466,0.4,0.5311527789860895
1.2,0.75,130,0.45119949494949496,0.3,0.5687988885114633
1.2,0.75,131,0.30850018037518034,0.3,0.16972454318915595
1.2,0.75,132,0.7145214045214046,0.8,0.5416079250145469
1.2,0.75,133,0.3378114882316563,0.3,0.3302162488955331
1.2,0.75,134,0.27325581395348836,0.1,0.2960819109658652
1.2,0.75,135,0.7219020562770562,0.5,0.39976158032471004
1.2,0.75,136,0.45982142857142855,0.2,0.8445512882566856
1.2,0.75,137,0.23440934065934066,0.2,0.3149533247423767
1.2,0.75,138,0.1527777777777778,0.1,0.2640681225725909
1.2,0.75,139,0.010562490779819663,0.0,0.0
1.2,0.75,140,0.18438202960432146,0.2,0.3925462634010175
1.2,0.75,141,0.1405619072285739,0.2,0.21448304883277194
1.2,0.75,142,0.07692307692307693,0.0,0.0
1.2,0.75,143,0.6666666666666666,0.2,0.8315546295836225
1.2,0.75,144,0.38089225589225584,0.4,0.4651629395308319
1.2,0.75,145,0.2639861800576086,0.4,0.43946506250443546
1.2,0.75,146,0.5833333333333333,0.2,0.6199062332840657
1.2,0.75,147,0.2717900357884094,0.4,0.42264910229079156
1.2,0.75,148,0.23677113808486352,0.2,0.38817933819568085
1.2,0.75,149,0.36568772812370515,0.4,0.4422195942380129
1.2,0.75,150,0.8333333333333333,0.2,0.9197207891481876
1.2,0.75,151,0.0316783841249431,0.0,0.0
1.2,0.75,152,0.02144135392615539,0.0,0.0
1.2,0.75,153,0.32533323128036784,0.3,0.3325382819409276
1.2,0.75,154,0.8333333333333333,0.2,0.8212377705398237
1.2,0.75,155,0.15785770573004615,0.2,0.17592073342813683
1.2,0.75,156,0.5060503134820361,0.7,0.5323811137191929
1.2,0.75,157,0.35209913425106487,0.4,0.4569970750177365
1.2,0.75,158,0.38957377209256905,0.3,0.6557285785338937
1.2,0.75,159,0.08189295544635108,0.2,0.14807333134056339
1.2,0.75,160,0.12055130549391013,0.1,0.24842742676916893
1.2,0.75,161,0.5346846846846847,0.3,0.7193068819147438
1.2,0.75,162,0.2575623235531357,0.2,0.20052414662599183
1.2,0.75,163,0.2981859410430839,0.2,0.4367467095119258
1.2,0.75,164,0.4361113214878428,0.4,0.5836009898419682
1.2,0.75,165,0.5833333333333333,0.2,0.6934264036172708
1.2,0.75,166,0.04000822734869092,0.1,0.07311683844390994
1.2,0.75,167,0.5,0.2,0.6462302129493455
1.2,0.75,168,0.11666666666666667,0.1,0.21840743681816419
1.2,0.75,169,0.29136100386100383,0.2,0.4144299250118475
1.2,0.75,170,0.6274730612965906,0.4,0.751412262126836
1.2,0.75,171,0.6388888888888888,0.3,0.6757709465491791
1.2,0.75,172,0.8875,0.4,0.925248016143815
1.2,0.75,173,1.0,0.2,1.0
1.2,0.75,174,0.0734603924877418,0.1,0.13965347456008503
1.2,0.75,175,0.05139371533391505,0.0,0.0
1.2,0.75,176,0.09069055708008332,0.1,0.1427750347808914
1.2,0.75,177,0.7297979797979799,0.4,0.8297899182613868
1.2,0.75,178,0.5714285714285714,0.3,0.8425563046070941
1.2,0.75,179,0.3419780927835051,0.2,0.44149241373678083
1.2,0.75,180,0.4392715128009246,0.3,0.33654056128817356
1.2,0.75,181,0.26672423500787035,0.1,0.24913276910075044
1.2,0.75,182,0.5833333333333333,0.2,0.66967181649423
1.2,0.75,183,0.6460780369343367,0.6,0.621310564357248
1.2,0.75,184,0.34193191162748876,0.3,0.43025791017615933
1.2,0.75,185,0.7560846560846559,0.6,0.7865887650668608
1.2,0.75,186,0.1624243524249045,0.4,0.3312392961638527
1.2,0.75,187,0.1695601794599011,0.2,0.2551032854918669
1.2,0.75,188,0.40847911790495517,0.5,0.5681584916867225
1.2,0.75,189,0.14672798663373274,0.2,0.15814646672181454
1.2,0.75,190,0.4435143288084464,0.2,0.4141310738940405
1.2,0.75,191,0.37671471822667246,0.3,0.20630386453791588
1.2,0.75,192,0.5054824561403508,0.3,0.6096199500078984
1.2,0.75,193,0.8320081049481798,0.8,0.8703922880991022
1.2,0.75,194,0.230082612755247,0.2,0.23467776707889956
1.2,0.75,195,0.1451417004048583,0.1,0.20210734650054757
1.2,0.75,196,0.15529230328929547,0.3,0.2952819749811217
1.2,0.75,197,0.6143790849673202,0.2,0.6651640917528849
1.2,0.75,198,0.4721057046979866,0.3,0.6786411366138342
1.2,0.75,199,0.11448357600561362,0.1,0.09576745329637855
1.2,0.75,200,0.2518518518518518,0.2,0.3759063358712073
1.2,0.75,201,0.310640385183384,0.4,0.5538802053393186
1.2,0.75,202,0.20646380104634282,0.3,0.22553496689289101
1.2,0.75,203,0.13487024383225368,0.2,0.248799174733397
1.2,0.75,204,0.04206443652629887,0.0,0.0
1.2,0.75,205,0.8333333333333333,0.2,0.9197207891481876
1.2,0.75,206,0.27989194268264034,0.2,0.5025482315787808
1.2,0.75,207,0.19354075989370106,0.2,0.3493699670318809
1.2,0.75,208,0.7027777777777778,0.6,0.7711046000160218
1.2,0.75,209,0.14225432129505436,0.1,0.1019109450635844
1.2,0.75,210,0.34854700854700854,0.2,0.48255059646431975
1.2,0.75,211,0.15604845141811444,0.1,0.03168546172211617
1.2,0.75,212,0.4813309347385681,0.5,0.5433380751248095
1.2,0.75,213,0.5732853258425169,0.5,0.5944144953138709
1.2,0.75,214,0.16684272300469485,0.1,0.24630238874073
1.2,0.75,215,0.04895833333333333,0.0,0.0
1.2,0.75,216,0.002688172043010753,0.0,0.0
1.2,0.75,217,0.33701043982964163,0.4,0.4237429994980968
1.2,0.75,218,0.2745033665260634,0.5,0.38471892657301926
1.2,0.75,219,0.04138385790220649,0.0,0.0
1.2,0.75,220,0.24374286294471142,0.3,0.2749002908196806
1.2,0.75,221,0.2587524091066882,0.4,0.39438612220833585
1.2,0.75,222,0.7448327643449596,0.6,0.7521135426056221
1.2,0.75,223,0.4666666666666667,0.3,0.592512031964586
1.2,0.75,224,0.1356148901603447,0.1,0.09384413330947906
1.2,0.75,225,0.09596527446237656,0.3,0.20199489228254294
1.2,1.0,1,0.23571055934205962,0.4,0.38272016071746634
1.2,1.0,2,0.22352124468791876,0.4,0.5985171221405068
1.2,1.0,3,0.6713708933185678,0.7,0.7434060993872782
1.2,1.0,4,0.53125,0.1,0.6131471927654584
1.2,1.0,5,0.3522012578616352,0.3,0.511168156684388
1.2,1.0,6,0.16401299522741647,0.1,0.20607801570427584
1.2,1.0,7,0.1776801254160635,0.2,0.2724558813422326
1.2,1.0,8,0.10162790749111857,0.1,0.13347537859706934
1.2,1.0,9,0.9166666666666666,0.3,0.9674679834891694
1.2,1.0,10,0.23775330110876464,0.2,0.3089157321922826
1.2,1.0,11,0.19246324415796343,0.2,0.18818400328894394
1.2,1.0,12,0.27887788919555423,0.2,0.2824250218253186
1.2,1.0,13,0.0,0.0,0.0
1.2,1.0,14,0.7,0.2,0.9472941807962689
1.2,1.0,15,1.0,0.2,0.8597186998521972
1.2,1.0,16,0.1976190476190476,0.1,0.23981246656813146
1.2,1.0,17,0.10675675675675676,0.1,0.272312688806029
1.2,1.0,18,0.19240624272070814,0.1,0.2960819109658653
1.2,1.0,19,0.058498285473039285,0.1,0.14964946252569797
1.2,1.0,20,0.5857226435240619,0.6,0.5966758057480421
1.2,1.0,21,0.07046850998463901,0.0,0.0
1.2,1.0,22,0.0,0.0,0.0
1.2,1.0,23,0.22985910480190788,0.4,0.32475459749383306
1.2,1.0,24,0.3277777777777778,0.2,0.518149817909464
1.2,1.0,25,0.6896689484989706,0.6,0.7317838449678271
1.2,1.0,26,0.18209902813949055,0.2,0.3224538096517338
1.2,1.0,27,0.1346086652690426,0.2,0.29427897487250254
1.2,1.0,28,0.005393000573723466,0.0,0.0
1.2,1.0,29,0.4637180197443451,0.4,0.5197218424665457
1.2,1.0,30,0.06857965219666437,0.1,0.09952944973109774
1.2,1.0,31,0.0009250693802035153,0.0,0.0
1.2,1.0,32,0.12077519105613925,0.2,0.12469752291939623
1.2,1.0,33,0.6388888888888888,0.3,0.6625135428332626
1.2,1.0,34,0.29011647394000334,0.2,0.1989021044249383
1.2,1.0,35,0.029512270891581236,0.0,0.0
1.2,1.0,36,0.5025252525252525,0.1,0.46927872602275644
1.2,1.0,37,0.09840823028936783,0.2,0.12276196157627735
1.2,1.0,38,0.04789838528157993,0.0,0.0
1.2,1.0,39,0.13882032123182184,0.2,0.20789605364076072
1.2,1.0,40,0.09214406310478368,0.2,0.12367409491558115
1.2,1.0,41,0.8333333333333334,0.3,0.9119982885888461
1.2,1.0,42,0.1877403244741248,0.3,0.3634706911650262
1.2,1.0,43,0.5550963529224399,0.4,0.7873362959749128
1.2,1.0,44,0.0,0.0,0.0
1.2,1.0,45,0.20385932019296438,0.1,0.279901702223461
1.2,1.0,46,0.367069916700642,0.6,0.5972376556400983
1.2,1.0,47,0.38531857870920627,0.6,0.41454840700805257
1.2,1.0,48,0.2039605765510233,0.3,0.39957899626793536
1.2,1.0,49,0.165,0.1,0.3273949503887395
1.2,1.0,50,0.18492990633878822,0.1,0.4568625914789285
1.2,1.0,51,0.502993527205391,0.6,0.4818653817715984
1.2,1.0,52,0.5791666666666666,0.4,0.6287353114501973
1.2,1.0,53,0.28795512044267935,0.2,0.21594229312581256
1.2,1.0,54,0.13588099015523558,0.1,0.21285246057565374
1.2,1.0,55,0.39579157461510406,0.4,0.3438583043686117
1.2,1.0,56,0.1339346057215724,0.2,0.16596617693460192
1.2,1.0,57,0.07301408132670055,0.1,0.18506716146503144
1.2,1.0,58,0.149338952725767,0.1,0.11094975596473126
1.2,1.0,59,0.31959703287890934,0.2,0.42104199400651765
1.2,1.0,60,0.3361645145863223,0.3,0.3625993037773548
1.2,1.0,61,0.4671428571428571,0.3,0.5710870190360182
1.2,1.0,62,0.032748189258725566,0.0,0.0
1.2,1.0,63,0.04507165184914546,0.0,0.0
1.2,1.0,64,0.5357142857142857,0.1,0.6787956981029196
1.2,1.0,65,0.2882889482443529,0.5,0.4563827798493295
1.2,1.0,66,0.12550761726465484,0.2,0.28683152949695623
1.2,1.0,67,0.5516258908958808,0.7,0.7680063091798504
1.2,1.0,68,0.057650462962962966,0.1,0.15494189208647555
1.2,1.0,69,0.03630154477179785,0.0,0.0
1.2,1.0,70,0.09082142292954193,0.2,0.13323596219003983
1.2,1.0,71,0.03941203266626077,0.0,0.0
1.2,1.0,72,0.14589423912689678,0.2,0.31867403003713063
1.2,1.0,73,0.35294550595959173,0.6,0.6143650010233005
1.2,1.0,74,0.13814354910846138,0.1,0.12271864589277058
1.2,1.0,75,0.03219026727875439,0.0,0.0
1.2,1.0,76,0.20916328302561352,0.2,0.31007988243246654
1.2,1.0,77,0.29933238268084,0.3,0.3308679939622922
1.2,1.0,78,0.7222222222222222,0.3,0.8005562232320607
1.2,1.0,79,0.061024677468362744,0.0,0.0
1.2,1.0,80,0.018243130124213493,0.0,0.0
1.2,1.0,81,0.5833333333333333,0.2,0.5681212831057169
1.2,1.0,82,0.29099241466498105,0.3,0.4649780144008656
1.2,1.0,83,0.09994523548740417,0.1,0.16812753627111748
1.2,1.0,84,0.4210486931384547,0.4,0.3794788440618807
1.2,1.0,85,0.26348360127559345,0.1,0.2579266542703838
1.2,1.0,86,0.5833333333333333,0.2,0.6934264036172708
1.2,1.0,87,0.011685179702412646,0.0,0.0
1.2,1.0,88,0.6496031746031746,0.6,0.7097158896509913
1.2,1.0,89,0.2125150840063121,0.2,0.3066098849650811
1.2,1.0,90,0.19046100622371076,0.2,0.10379328273877833
1.2,1.0,91,0.40295511616266333,0.4,0.5537671747361977
1.2,1.0,92,0.5107772859317592,0.6,0.3684208853287318
1.2,1.0,93,0.5,0.1,0.6309297535714575
1.2,1.0,94,0.5530617630065428,0.6,0.5520917260812243
1.2,1.0,95,0.3666666666666667,0.2,0.44211666725438137
1.2,1.0,96,0.43159713867047855,0.6,0.44512265807832363
1.2,1.0,97,0.1873631006534277,0.3,0.2889326477995364
1.2,1.0,98,0.024684709551785578,0.0,0.0
1.2,1.0,99,0.2785714285714286,0.2,0.4520703757857374
1.2,1.0,100,0.2183768336782186,0.3,0.3586906388610686
1.2,1.0,101,0.7679093567251462,0.5,0.8435486761968861
1.2,1.0,102,0.46514285714285714,0.3,0.6209370455819083
1.2,1.0,103,0.029411764705882353,0.0,0.0
1.2,1.0,104,0.18332576999584674,0.1,0.21398626473452756
1.2,1.0,105,0.5575187969924812,0.3,0.7422329748991158
1.2,1.0,106,0.4111111111111111,0.3,0.6558450239542091
1.2,1.0,107,0.36651125096503245,0.4,0.4221419181225213
1.2,1.0,108,0.7591836734693876,0.6,0.7995762748597607
1.2,1.0,109,0.04183133982380873,0.0,0.0
1.2,1.0,110,0.2838085954807266,0.1,0.5028666180369032
1.2,1.0,111,0.2943715947917629,0.2,0.1733753649024592
1.2,1.0,112,0.3088235294117647,0.1,0.23981246656813146
1.2,1.0,113,0.17232573229514275,0.2,0.31834121936641585
1.2,1.0,114,0.08686632302405499,0.1,0.22216592739310984
1.2,1.0,115,0.04210595319924352,0.1,0.15814112524003557
1.2,1.0,116,0.05987077688020733,0.1,0.11469315735198049
1.2,1.0,117,0.03826530612244898,0.0,0.0
1.2,1.0,118,0.2273049645390071,0.2,0.39258655345796484
1.2,1.0,119,1.0,0.1,1.0
1.2,1.0,120,0.46759259259259256,0.5,0.5464540067216807
1.2,1.0,121,0.6017259552042161,0.4,0.5816381025204606
1.2,1.0,122,0.3820821661998133,0.5,0.3185177460033755
1.2,1.0,123,0.10427807486631016,0.0,0.0
1.2,1.0,124,0.004840941916810742,0.0,0.0
1.2,1.0,125,0.23141805589023196,0.3,0.3098168582328873
1.2,1.0,126,0.15745035959974982,0.2,0.35571812677402137
1.2,1.0,127,0.12190553109345585,0.1,0.14902422012004707
1.2,1.0,128,0.01723098563247262,0.0,0.0
1.2,1.0,129,0.38336390426615996,0.4,0.5311527789860895
1.2,1.0,130,0.336043956043956,0.3,0.44789346328644203
1.2,1.0,131,0.31617213804713806,0.3,0.16659414531975617
1.2,1.0,132,0.6368329825427014,0.7,0.5301136933771808
1.2,1.0,133,0.298187002420412,0.2,0.19893897262570087
1.2,1.0,134,0.27564102564102566,0.1,0.2960819109658652
1.2,1.0,135,0.7383295625942685,0.5,0.41331766938005227
1.2,1.0,136,0.4431216931216932,0.2,0.838255482385076
1.2,1.0,137,0.20395299145299148,0.2,0.26702628688687163
1.2,1.0,138,0.1285714285714286,0.1,0.23719771276929622
1.2,1.0,139,0.010754875776744695,0.0,0.0
1.2,1.0,140,0.1854583890892321,0.2,0.3925462634010175
1.2,1.0,141,0.1541596684586166,0.2,0.23108498459594215
1.2,1.0,142,0.09090909090909091,0.0,0.0
1.2,1.0,143,0.6666666666666666,0.2,0.8315546295836225
1.2,1.0,144,0.4276094276094276,0.4,0.5021962446576314
1.2,1.0,145,0.2959651111906751,0.4,0.4531694536370778
1.2,1.0,146,0.8333333333333333,0.2,0.7601875334318685
1.2,1.0,147,0.25543776935457213,0.3,0.3384355145646856
1.2,1.0,148,0.32050948230383713,0.2,0.5148586863637864
1.2,1.0,149,0.37620465658743174,0.4,0.45186484096594276
1.2,1.0,150,0.5833333333333333,0.2,0.6934264036172708
1.2,1.0,151,0.03118014004647482,0.0,0.0
1.2,1.0,152,0.0236074171831023,0.0,0.0
1.2,1.0,153,0.32713705436477714,0.3,0.3536573263781091
1.2,1.0,154,0.75,0.2,0.7724397457735779
1.2,1.0,155,0.26148546043834,0.2,0.26264282317790744
1.2,1.0,156,0.4875678580948065,0.7,0.5228215757890053
1.2,1.0,157,0.3540027968692103,0.5,0.4007985086679126
1.2,1.0,158,0.4026062753036438,0.3,0.6751549018979777
1.2,1.0,159,0.08836543899245028,0.2,0.16014909903145455
1.2,1.0,160,0.12073372842682464,0.1,0.24842742676916893
1.2,1.0,161,0.5359364435429345,0.3,0.7193068819147438
1.2,1.0,162,0.26004546695256747,0.2,0.21003026995882845
1.2,1.0,163,0.2973856209150327,0.2,0.4367467095119258
1.2,1.0,164,0.4197697829131653,0.4,0.5808311313512923
1.2,1.0,165,0.5833333333333333,0.2,0.6934264036172708
1.2,1.0,166,0.03768056998402495,0.0,0.0
1.2,1.0,167,0.41666666666666663,0.2,0.5540663910176149
1.2,1.0,168,0.13095238095238093,0.1,0.21840743681816419
1.2,1.0,169,0.30807593307593306,0.2,0.4144299250118475
1.2,1.0,170,0.6375000000000001,0.4,0.751412262126836
1.2,1.0,171,0.6388888888888888,0.3,0.6757709465491791
1.2,1.0,172,0.8875,0.4,0.925248016143815
1.2,1.0,173,1.0,0.2,1.0
1.2,1.0,174,0.10726580792812183,0.1,0.19602843459435057
1.2,1.0,175,0.04967851529408238,0.0,0.0
1.2,1.0,176,0.09189658645007663,0.1,0.12824687569501922
1.2,1.0,177,0.72,0.5,0.9086550693393087
1.2,1.0,178,0.5504901960784313,0.3,0.8541031930402069
1.2,1.0,179,0.33960110761861995,0.2,0.44149241373678083
1.2,1.0,180,0.4490712266110063,0.3,0.33654056128817356
1.2,1.0,181,0.2739663088149461,0.2,0.36162742370398226
1.2,1.0,182,0.5833333333333333,0.2,0.66967181649423
1.2,1.0,183,0.6198649578174464,0.6,0.6003711013090012
1.2,1.0,184,0.3594836246734981,0.4,0.5173191466806751
1.2,1.0,185,0.7578102453102453,0.6,0.7197431046892112
1.2,1.0,186,0.16056210018634703,0.4,0.3312392961638527
1.2,1.0,187,0.17469766783321175,0.2,0.2551032854918669
1.2,1.0,188,0.4205995827619444,0.5,0.5813994834979793
1.2,1.0,189,0.13694300623580682,0.2,0.15221824352987762
1.2,1.0,190,0.4481088803669448,0.2,0.4141310738940405
1.2,1.0,191,0.3637922620090217,0.3,0.2127171710367298
1.2,1.0,192,0.5125,0.3,0.6096199500078984
1.2,1.0,193,0.8136724386724387,0.7,0.7922337392156629
1.2,1.0,194,0.2048014993136944,0.2,0.2189487706672536
1.2,1.0,195,0.11704168847025988,0.1,0.16716045496620227
1.2,1.0,196,0.16683072997364082,0.3,0.3045096427061715
1.2,1.0,197,0.6143790849673202,0.2,0.6651640917528849
1.2,1.0,198,0.44717465753424657,0.3,0.6605175258978502
1.2,1.0,199,0.12459848562552547,0.1,0.11118257019233733
1.2,1.0,200,0.2435897435897436,0.1,0.23463936301137825
1.2,1.0,201,0.29978113406028345,0.4,0.5454679994365939
1.2,1.0,202,0.19670864767707488,0.3,0.21329730238906844
1.2,1.0,203,0.12268933014692054,0.2,0.22781960059415676
1.2,1.0,204,0.043361038934141234,0.0,0.0
1.2,1.0,205,0.8333333333333333,0.2,0.9197207891481876
1.2,1.0,206,0.20857637784141125,0.2,0.42424731131432475
1.2,1.0,207,0.17633329314363794,0.2,0.2984079527623023
1.2,1.0,208,0.7027777777777778,0.6,0.7763286361500411
1.2,1.0,209,0.139486373677405,0.1,0.08778131009998236
1.2,1.0,210,0.2599517681709462,0.2,0.3807819864349902
1.2,1.0,211,0.1588168028849855,0.1,0.034579268620783254
1.2,1.0,212,0.48611280428084575,0.5,0.545377097680108
1.2,1.0,213,0.5286662193270321,0.5,0.5765238078533721
1.2,1.0,214,0.16991663290626424,0.1,0.24630238874073
1.2,1.0,215,0.054334554334554336,0.0,0.0
1.2,1.0,216,0.0025974025974025974,0.0,0.0
1.2,1.0,217,0.36312633814419654,0.4,0.4624010350864852
1.2,1.0,218,0.2324137254132354,0.3,0.23899849390263336
1.2,1.0,219,0.04149451082702508,0.0,0.0
1.2,1.0,220,0.23549894736223478,0.3,0.26934500493784175
1.2,1.0,221,0.2354685274157825,0.4,0.3811094152246341
1.2,1.0,222,0.7093082661710113,0.6,0.7216445462943757
1.2,1.0,223,0.4351851851851851,0.3,0.5805485932475565
1.2,1.0,224,0.12862196647336793,0.1,0.09384413330947906
1.2,1.0,225,0.09229455204653982,0.3,0.19653126457253
2.0,0.0,1,0.19088038624691553,0.4,0.3456996243928936
2.0,0.0,2,0.24317824411817132,0.4,0.5492508866295559
2.0,0.0,3,0.6777446070878274,0.6,0.7494189885006797
2.0,0.0,4,0.5285714285714286,0.1,0.6131471927654584
2.0,0.0,5,0.6597087378640777,0.3,0.7240403122102618
2.0,0.0,6,0.13840505464480873,0.1,0.16331296355715133
2.0,0.0,7,0.17260238982487447,0.2,0.2724558813422326
2.0,0.0,8,0.1534263247281358,0.1,0.2669507571941387
2.0,0.0,9,0.7555555555555555,0.3,0.8854598815714875
2.0,0.0,10,0.10483346482332459,0.1,0.1323000828051301
2.0,0.0,11,0.17436170864742292,0.2,0.17335547107887928
2.0,0.0,12,0.1815625423716833,0.2,0.19433663947569454
2.0,0.0,13,0.0,0.0,0.0
2.0,0.0,14,0.5476190476190477,0.1,0.8637574337885663
2.0,0.0,15,0.75,0.2,0.7074887171046738
2.0,0.0,16,0.14787878787878786,0.1,0.19004688335796713
2.0,0.0,17,0.047995780590717296,0.0,0.0
2.0,0.0,18,0.35161782661782665,0.1,0.4692787260227565
2.0,0.0,19,0.056106216536217515,0.1,0.14964946252569797
2.0,0.0,20,0.506052066559313,0.5,0.5321252593937453
2.0,0.0,21,0.05039872408293461,0.0,0.0
2.0,0.0,22,0.0,0.0,0.0
2.0,0.0,23,0.19788533734621067,0.3,0.22089569002645015
2.0,0.0,24,0.337037037037037,0.2,0.518149817909464
2.0,0.0,25,0.6809652028611878,0.6,0.7360381016067782
2.0,0.0,26,0.2829202699194843,0.2,0.49569004669591704
2.0,0.0,27,0.09324477396766552,0.1,0.13539213147917573
2.0,0.0,28,0.004065604065604066,0.0,0.0
2.0,0.0,29,0.31484336624422826,0.3,0.31997814623845433
2.0,0.0,30,0.13562697953675398,0.2,0.2723197060295788
2.0,0.0,31,0.000877963125548727,0.0,0.0
2.0,0.0,32,0.10610767707164769,0.1,0.09188824689996428
2.0,0.0,33,0.6388888888888888,0.3,0.715746045301212
2.0,0.0,34,0.530171277997365,0.3,0.5586113294533199
2.0,0.0,35,0.04382183908045977,0.0,0.0
2.0,0.0,36,0.502132196162047,0.1,0.46927872602275644
2.0,0.0,37,0.08158235307800593,0.0,0.0
2.0,0.0,38,0.052748041772856434,0.1,0.0549374022244707
2.0,0.0,39,0.14530313116784047,0.1,0.27862821166072005
2.0,0.0,40,0.1431780961029782,0.2,0.17774762097011562
2.0,0.0,41,0.8333333333333334,0.3,0.9119982885888461
2.0,0.0,42,0.14030655691172295,0.2,0.25205585273059355
2.0,0.0,43,0.38325424575424566,0.3,0.5683223067730157
2.0,0.0,44,0.0,0.0,0.0
2.0,0.0,45,0.206135003206065,0.2,0.35208887506004277
2.0,0.0,46,0.46812242438519625,0.7,0.6767159542904637
2.0,0.0,47,0.4121653291773139,0.5,0.49001190417861534
2.0,0.0,48,0.26489681659159137,0.4,0.4208129487524448
2.0,0.0,49,0.0707070707070707,0.1,0.22883924989280793
2.0,0.0,50,0.02975711658640008,0.0,0.0
2.0,0.0,51,0.41543308413369867,0.4,0.485463474674387
2.0,0.0,52,0.31177156177156173,0.2,0.2720328988821387
2.0,0.0,53,0.3032539775895537,0.2,0.3239134396887189
2.0,0.0,54,0.14942233752736514,0.1,0.16868158409931971
2.0,0.0,55,0.25906800028049165,0.3,0.24844885863584465
2.0,0.0,56,0.13793389567195247,0.2,0.17504020290384825
2.0,0.0,57,0.0967891785901601,0.2,0.20053421210546335
2.0,0.0,58,0.11131442999720681,0.1,0.1484830413429224
2.0,0.0,59,0.14142238436593274,0.1,0.16331296355715133
2.0,0.0,60,0.36817830671260043,0.3,0.43568726560333565
2.0,0.0,61,0.5376791277258567,0.3,0.6776623938704376
2.0,0.0,62,0.03066294181332204,0.0,0.0
2.0,0.0,63,0.05943362193362193,0.0,0.0
2.0,0.0,64,0.527027027027027,0.1,0.6787956981029196
2.0,0.0,65,0.11723106712415118,0.2,0.1581220294860863
2.0,0.0,66,0.05331033508660421,0.0,0.0
2.0,0.0,67,0.21117559938283031,0.3,0.2934209656222458
2.0,0.0,68,0.08908668730650156,0.1,0.18733434697640203
2.0,0.0,69,0.05200854700854701,0.1,0.12143888304042887
2.0,0.0,70,0.1287170741969267,0.2,0.17900284840411712
2.0,0.0,71,0.0905975526388755,0.1,0.1628134129010317
2.0,0.0,72,0.06445886847325236,0.1,0.1091986721559979
2.0,0.0,73,0.3638955823200739,0.7,0.7258793434916629
2.0,0.0,74,0.21531258180433588,0.2,0.3905715216577435
2.0,0.0,75,0.02166459510409237,0.0,0.0
2.0,0.0,76,0.2613134533297336,0.3,0.487636548139015
2.0,0.0,77,0.42440907658367477,0.2,0.32941591939337894
2.0,0.0,78,0.8095238095238094,0.3,0.8665103888067762
2.0,0.0,79,0.044719155215670894,0.1,0.06573584468332616
2.0,0.0,80,0.0103741709423101,0.0,0.0
2.0,0.0,81,0.6111111111111112,0.2,0.47595625499524524
2.0,0.0,82,0.18148148148148147,0.2,0.26627052654951655
2.0,0.0,83,0.14668697848045673,0.2,0.30803516634498607
2.0,0.0,84,0.36883430877043144,0.4,0.35937526031809797
2.0,0.0,85,0.13695223000778556,0.1,0.16273360041832377
2.0,0.0,86,0.5833333333333333,0.2,0.6934264036172708
2.0,0.0,87,0.010521434281040538,0.0,0.0
2.0,0.0,88,0.594047619047619,0.6,0.6671729158076682
2.0,0.0,89,0.19578438150819918,0.2,0.2754386924817547
2.0,0.0,90,0.2779425418474531,0.3,0.3633865293690862
2.0,0.0,91,0.44953224799436664,0.4,0.6138068503507332
2.0,0.0,92,0.49992769565736583,0.7,0.42746939582214677
2.0,0.0,93,0.5,0.1,0.6309297535714575
2.0,0.0,94,0.5637698147977753,0.5,0.488803934096311
2.0,0.0,95,0.625,0.2,0.4884244908700089
2.0,0.0,96,0.5276998557411104,0.7,0.6292553861252382
2.0,0.0,97,0.1953891913101748,0.3,0.28082623697784775
2.0,0.0,98,0.027786062049405695,0.0,0.0
2.0,0.0,99,0.28,0.2,0.471535652823272
2.0,0.0,100,0.23919063230177817,0.3,0.3634600391812002
2.0,0.0,101,0.5834267040149393,0.5,0.6144226180102584
2.0,0.0,102,0.11393701645417892,0.1,0.1056474671437946
2.0,0.0,103,0.1,0.1,0.23719771276929622
2.0,0.0,104,0.13999496014153906,0.1,0.21398626473452756
2.0,0.0,105,0.48202614379084957,0.4,0.6315289042648073
2.0,0.0,106,0.41920634920634925,0.3,0.5208574318271751
2.0,0.0,107,0.28533561281521785,0.3,0.3336337057491403
2.0,0.0,108,0.7689581095596133,0.5,0.751755835313366
2.0,0.0,109,0.037328553673980566,0.0,0.0
2.0,0.0,110,0.039842561594098026,0.0,0.0
2.0,0.0,111,0.2342834796782165,0.2,0.1530236662627323
2.0,0.0,112,0.41666666666666663,0.2,0.5105967295264829
2.0,0.0,113,0.08173483701460633,0.1,0.16812753627111746
2.0,0.0,114,0.0540911567266989,0.1,0.16273360041832377
2.0,0.0,115,0.042791628007969894,0.1,0.14966391176581295
2.0,0.0,116,0.07121053137707441,0.1,0.11469315735198049
2.0,0.0,117,0.030043859649122807,0.0,0.0
2.0,0.0,118,0.19818976279650435,0.2,0.3809383442707304
2.0,0.0,119,0.5,0.1,0.6309297535714575
2.0,0.0,120,0.36881219979811525,0.3,0.37093876364556455
2.0,0.0,121,0.5404906204906205,0.4,0.6059663586248268
2.0,0.0,122,0.2292316394262038,0.2,0.08762703418578502
2.0,0.0,123,0.21666666666666667,0.1,0.35195904451706733
2.0,0.0,124,0.004234341605845016,0.0,0.0
2.0,0.0,125,0.24035168376683766,0.4,0.3401406256592828
2.0,0.0,126,0.2620185895490126,0.2,0.5129861293403476
2.0,0.0,127,0.17165570805533542,0.2,0.2773866965017942
2.0,0.0,128,0.018255701115963124,0.0,0.0
2.0,0.0,129,0.37599724178889976,0.4,0.5432064360652905
2.0,0.0,130,0.4610655737704918,0.3,0.5989529832260039
2.0,0.0,131,0.3047161172161172,0.3,0.20985801991962738
2.0,0.0,132,0.7195132527223912,0.6,0.49734681176362977
2.0,0.0,133,0.38395350871255773,0.2,0.4505764851863365
2.0,0.0,134,0.5238095238095238,0.1,0.46927872602275644
2.0,0.0,135,0.5230184837092733,0.5,0.43771733533773804
2.0,0.0,136,0.21825396825396823,0.2,0.40517284766070644
2.0,0.0,137,0.20060331825037708,0.1,0.20607801570427584
2.0,0.0,138,0.525,0.1,0.6131471927654584
2.0,0.0,139,0.009003649036570385,0.0,0.0
2.0,0.0,140,0.12173106845828423,0.2,0.29548628183357994
2.0,0.0,141,0.10748478150802764,0.1,0.10744052315264867
2.0,0.0,142,0.041666666666666664,0.0,0.0
2.0,0.0,143,0.6,0.2,0.7903864795495061
2.0,0.0,144,0.3619047619047619,0.2,0.336604041403626
2.0,0.0,145,0.1714296794998041,0.3,0.322203958112153
2.0,0.0,146,0.41666666666666663,0.2,0.6150170646154386
2.0,0.0,147,0.3006568433716167,0.4,0.43352529288116637
2.0,0.0,148,0.1690105119778441,0.2,0.30440258088720823
2.0,0.0,149,0.3217751776266445,0.3,0.3679212572135327
2.0,0.0,150,1.0,0.2,1.0
2.0,0.0,151,0.029402919775260206,0.0,0.0
2.0,0.0,152,0.019790446806809036,0.0,0.0
2.0,0.0,153,0.269400431609734,0.3,0.296036867605768
2.0,0.0,154,0.8333333333333333,0.2,0.8212377705398237
2.0,0.0,155,0.15162393162393162,0.1,0.1420364328899563
2.0,0.0,156,0.5580003971285483,0.7,0.5716170617476729
2.0,0.0,157,0.29201350525562675,0.5,0.5257955965863512
2.0,0.0,158,0.30606838507280987,0.2,0.5347363368441794
2.0,0.0,159,0.07380922851248835,0.2,0.12675365082823584
2.0,0.0,160,0.22057254087940215,0.1,0.3937481555797838
2.0,0.0,161,0.4652984349353529,0.3,0.7042149599999706
2.0,0.0,162,0.22604675621891973,0.1,0.14520951996825487
2.0,0.0,163,0.2556803995006242,0.2,0.41618115554873086
2.0,0.0,164,0.5496540203911732,0.4,0.7135742200824359
2.0,0.0,165,0.3611111111111111,0.2,0.5714285040141098
2.0,0.0,166,0.039533603473039164,0.0,0.0
2.0,0.0,167,1.0,0.2,0.9134015924715543
2.0,0.0,168,0.065625,0.1,0.17723928678404774
2.0,0.0,169,0.22656343239050003,0.2,0.36331756126716835
2.0,0.0,170,0.44285714285714284,0.4,0.5450117109072018
2.0,0.0,171,0.5555555555555555,0.3,0.6947781070780835
2.0,0.0,172,0.6791666666666667,0.4,0.6867288992072725
2.0,0.0,173,0.75,0.2,0.8772153153380493
2.0,0.0,174,0.05901341727913736,0.1,0.13068562306290035
2.0,0.0,175,0.0373111413927783,0.0,0.0
2.0,0.0,176,0.04409674050252867,0.0,0.0
2.0,0.0,177,0.6353646353646354,0.3,0.7318479370616626
2.0,0.0,178,0.6666666666666666,0.4,0.8825112041845529
2.0,0.0,179,0.44619386637458924,0.2,0.5585075862632192
2.0,0.0,180,0.3760858189429618,0.3,0.39216949344416374
2.0,0.0,181,0.15554660949798385,0.1,0.15718527661531131
2.0,0.0,182,0.5833333333333333,0.2,0.66967181649423
2.0,0.0,183,0.6288152314110875,0.6,0.5554460661554911
2.0,0.0,184,0.23870303956431102,0.2,0.24378762834759754
2.0,0.0,185,0.8019179894179893,0.6,0.8255797589999169
2.0,0.0,186,0.14848552427876752,0.3,0.2435522702101235
2.0,0.0,187,0.14780988487885038,0.2,0.2522457614005466
2.0,0.0,188,0.3949223986084505,0.5,0.5618026524705898
2.0,0.0,189,0.17453490713221617,0.2,0.16562847424074426
2.0,0.0,190,0.34105691056910575,0.2,0.33173141232566317
2.0,0.0,191,0.37568770137332014,0.4,0.2137775075576547
2.0,0.0,192,0.6217105263157894,0.3,0.75369761125927
2.0,0.0,193,0.8041541289603304,0.7,0.832205105707738
2.0,0.0,194,0.2725131381381381,0.4,0.41978125415769046
2.0,0.0,195,0.22063492063492063,0.1,0.2960819109658652
2.0,0.0,196,0.0699618167716498,0.1,0.08308699565805434
2.0,0.0,197,0.7254901960784313,0.2,0.7398124665681314
2.0,0.0,198,0.41898085279739267,0.3,0.6383841828557058
2.0,0.0,199,0.11430702251202411,0.1,0.11118257019233733
2.0,0.0,200,0.3232558139534884,0.2,0.4776237035032179
2.0,0.0,201,0.2944300680179025,0.4,0.5487379204458991
2.0,0.0,202,0.23048207868181717,0.3,0.25988892464169183
2.0,0.0,203,0.22673105144862554,0.3,0.4722717894156755
2.0,0.0,204,0.03774784330257317,0.0,0.0
2.0,0.0,205,1.0,0.2,1.0
2.0,0.0,206,0.3350694444444444,0.2,0.540460348067574
2.0,0.0,207,0.15783988957902,0.2,0.2742889877939171
2.0,0.0,208,0.6551587301587302,0.5,0.6385750856272842
2.0,0.0,209,0.13420162225308038,0.2,0.18751503417979698
2.0,0.0,210,0.3602266918413139,0.2,0.48255059646431975
2.0,0.0,211,0.14232429945442424,0.1,0.10961368813261045
2.0,0.0,212,0.45705924338545545,0.4,0.5152092277140108
2.0,0.0,213,0.6010471081727702,0.6,0.6788530653510005
2.0,0.0,214,0.15402876919749078,0.1,0.24630238874073
2.0,0.0,215,0.030952380952380953,0.0,0.0
2.0,0.0,216,0.0033003300330033004,0.0,0.0
2.0,0.0,217,0.2513871879847769,0.3,0.23829201334270222
2.0,0.0,218,0.3160855543376756,0.4,0.39299968214132175
2.0,0.0,219,0.04616609831497925,0.0,0.0
2.0,0.0,220,0.1987471092862898,0.2,0.22678350205313533
2.0,0.0,221,0.23367404220388976,0.4,0.37277910799018954
2.0,0.0,222,0.7848202522115566,0.6,0.7622057237871062
2.0,0.0,223,0.7329545454545454,0.3,0.8048099750039491
2.0,0.0,224,0.13123837908095648,0.2,0.15546271704648795
2.0,0.0,225,0.08752887637395246,0.2,0.1453844457692427
2.0,0.75,1,0.24250395857607757,0.4,0.36094435870906183
2.0,0.75,2,0.21152284249055128,0.4,0.5869866805081211
2.0,0.75,3,0.6888392857142858,0.7,0.7470572972323429
2.0,0.75,4,0.5384615384615384,0.1,0.6131471927654584
2.0,0.75,5,0.41219512195121955,0.3,0.5882457875906547
2.0,0.75,6,0.1186200237670826,0.1,0.14067013006711881
2.0,0.75,7,0.18018671321273672,0.2,0.2724558813422326
2.0,0.75,8,0.12689719480389217,0.1,0.16842717545221192
2.0,0.75,9,0.9166666666666666,0.3,0.9674679834891694
2.0,0.75,10,0.22024037250599973,0.2,0.3043754423496834
2.0,0.75,11,0.22564853692673242,0.2,0.2093030477261255
2.0,0.75,12,0.28145292207792205,0.2,0.28785434950844296
2.0,0.75,13,0.0,0.0,0.0
2.0,0.75,14,0.5833333333333334,0.1,0.8637574337885663
2.0,0.75,15,1.0,0.2,0.8597186998521972
2.0,0.75,16,0.19877344877344874,0.1,0.23981246656813146
2.0,0.75,17,0.13184931506849315,0.1,0.3031610197508214
2.0,0.75,18,0.19551168030356933,0.1,0.2960819109658653
2.0,0.75,19,0.07779041389458291,0.1,0.18883659702687935
2.0,0.75,20,0.6121558724499901,0.6,0.6000686603120361
2.0,0.75,21,0.08367707172054997,0.1,0.10506173014227016
2.0,0.75,22,0.0,0.0,0.0
2.0,0.75,23,0.24722440877342616,0.5,0.3952495742814944
2.0,0.75,24,0.33125,0.2,0.518149817909464
2.0,0.75,25,0.6991224916598051,0.6,0.7271751793430841
2.0,0.75,26,0.323795989444291,0.2,0.5197087111325498
2.0,0.75,27,0.09577922077922078,0.0,0.0
2.0,0.75,28,0.005403308487350716,0.0,0.0
2.0,0.75,29,0.41617394767330573,0.4,0.47348482708375306
2.0,0.75,30,0.059553169246549034,0.0,0.0
2.0,0.75,31,0.0009124087591240876,0.0,0.0
2.0,0.75,32,0.15035436613772785,0.2,0.13554319933109843
2.0,0.75,33,0.6388888888888888,0.3,0.6973180732318199
2.0,0.75,34,0.33780802530802534,0.3,0.3627705844406088
2.0,0.75,35,0.0338510553564317,0.0,0.0
2.0,0.75,36,0.5023041474654378,0.1,0.46927872602275644
2.0,0.75,37,0.10970020755461368,0.1,0.06574674623345639
2.0,0.75,38,0.04829943154253705,0.1,0.049613417860268426
2.0,0.75,39,0.1616178907657379,0.2,0.245451881836334
2.0,0.75,40,0.09415758114322044,0.2,0.12849065054464706
2.0,0.75,41,0.8666666666666667,0.3,0.9272758027051587
2.0,0.75,42,0.19027508090614886,0.3,0.3634706911650262
2.0,0.75,43,0.5560401523018345,0.4,0.7820250546819316
2.0,0.75,44,0.0,0.0,0.0
2.0,0.75,45,0.20685995714257513,0.1,0.279901702223461
2.0,0.75,46,0.3897316120508625,0.6,0.6017335901396479
2.0,0.75,47,0.40255695797936053,0.6,0.440519172880186
2.0,0.75,48,0.18768316224620785,0.3,0.3760748120229206
2.0,0.75,49,0.1607142857142857,0.1,0.3273949503887395
2.0,0.75,50,0.18470256555079867,0.1,0.4568625914789285
2.0,0.75,51,0.5399304984177808,0.6,0.515155115462515
2.0,0.75,52,0.6041666666666666,0.4,0.640342338363918
2.0,0.75,53,0.2769367666748676,0.2,0.21594229312581256
2.0,0.75,54,0.1384634290791465,0.1,0.21285246057565374
2.0,0.75,55,0.4705781101614435,0.5,0.46056619137086763
2.0,0.75,56,0.14343806924563288,0.2,0.16596617693460192
2.0,0.75,57,0.07866460162139524,0.1,0.18506716146503144
2.0,0.75,58,0.16507472280395508,0.2,0.15959679310739688
2.0,0.75,59,0.30474290780141844,0.1,0.32662592711430266
2.0,0.75,60,0.3604371584699454,0.3,0.40567263115233965
2.0,0.75,61,0.5484848484848486,0.3,0.6294429748465851
2.0,0.75,62,0.0351314814574748,0.0,0.0
2.0,0.75,63,0.04785220240262104,0.0,0.0
2.0,0.75,64,0.5526315789473684,0.1,0.6787956981029196
2.0,0.75,65,0.30010268089528885,0.5,0.4607697816065174
2.0,0.75,66,0.11882051282051283,0.1,0.15416868446868615
2.0,0.75,67,0.5501237305460458,0.6,0.6696997928191261
2.0,0.75,68,0.0663916998162235,0.1,0.16827202841841413
2.0,0.75,69,0.04710352805089647,0.0,0.0
2.0,0.75,70,0.10319657054416438,0.2,0.1375079324744767
2.0,0.75,71,0.042441874141379045,0.0,0.0
2.0,0.75,72,0.13674920041933433,0.2,0.31363830294644224
2.0,0.75,73,0.36420468269144346,0.7,0.6585990173831207
2.0,0.75,74,0.1571293727847126,0.2,0.256645083775257
2.0,0.75,75,0.04275952223237699,0.1,0.09147995261380448
2.0,0.75,76,0.21228354590758383,0.2,0.324779646301465
2.0,0.75,77,0.42181148553697567,0.3,0.41672582425564725
2.0,0.75,78,0.8055555555555555,0.3,0.8288615669472547
2.0,0.75,79,0.0669010538575756,0.0,0.0
2.0,0.75,80,0.020494090113414982,0.0,0.0
2.0,0.75,81,0.5,0.2,0.5082426448058001
2.0,0.75,82,0.3035038316591715,0.3,0.4720989564954125
2.0,0.75,83,0.1086018411967779,0.1,0.16812753627111748
2.0,0.75,84,0.4480951948565648,0.4,0.3941845533985164
2.0,0.75,85,0.2635039630345811,0.1,0.2579266542703838
2.0,0.75,86,0.5833333333333333,0.2,0.6934264036172708
2.0,0.75,87,0.011751317705872254,0.0,0.0
2.0,0.75,88,0.6496031746031746,0.6,0.7280606648311084
2.0,0.75,89,0.24541955212869757,0.2,0.36866824006921217
2.0,0.75,90,0.20505528227475103,0.3,0.18277141818717954
2.0,0.75,91,0.4558886690962163,0.5,0.6471131118265879
2.0,0.75,92,0.4799398954989042,0.6,0.32768546361119594
2.0,0.75,93,0.5,0.1,0.6309297535714575
2.0,0.75,94,0.6009604627752505,0.6,0.5623938532167727
2.0,0.75,95,0.41666666666666663,0.2,0.44391917204490255
2.0,0.75,96,0.44643898013912664,0.6,0.4528259061718726
2.0,0.75,97,0.16575924454716168,0.3,0.2775346024054635
2.0,0.75,98,0.03082358169249927,0.0,0.0
2.0,0.75,99,0.271875,0.2,0.4520703757857374
2.0,0.75,100,0.21208587974106266,0.2,0.30646854645034693
2.0,0.75,101,0.8383458646616542,0.5,0.8636857261286351
2.0,0.75,102,0.41785714285714287,0.3,0.5860644855301858
2.0,0.75,103,0.03125,0.0,0.0
2.0,0.75,104,0.11686984126984128,0.1,0.14606834984270645
2.0,0.75,105,0.5584033613445378,0.3,0.7422329748991158
2.0,0.75,106,0.4137254901960784,0.3,0.6558450239542091
2.0,0.75,107,0.3655751598298182,0.4,0.4302660320398006
2.0,0.75,108,0.75139146567718,0.5,0.7332571413422981
2.0,0.75,109,0.040622587019303845,0.0,0.0
2.0,0.75,110,0.2860480235783634,0.1,0.5028666180369032
2.0,0.75,111,0.3281910132474043,0.3,0.26267009189595986
2.0,0.75,112,0.31666666666666665,0.1,0.23981246656813146
2.0,0.75,113,0.30863563936381316,0.1,0.3903800499921017
2.0,0.75,114,0.08922512104405063,0.1,0.22216592739310984
2.0,0.75,115,0.04811182295018137,0.1,0.16899301616355156
2.0,0.75,116,0.0761717110848962,0.1,0.13315463217345028
2.0,0.75,117,0.03794326241134752,0.0,0.0
2.0,0.75,118,0.25202020202020203,0.2,0.4321106657033608
2.0,0.75,119,1.0,0.1,1.0
2.0,0.75,120,0.513142984820942,0.6,0.6035914813425683
2.0,0.75,121,0.557563025210084,0.5,0.5850876925637866
2.0,0.75,122,0.36518427409030485,0.4,0.2357677927100789
2.0,0.75,123,0.1388888888888889,0.1,0.2119004592897435
2.0,0.75,124,0.005242978807180584,0.0,0.0
2.0,0.75,125,0.24270008964670886,0.3,0.30342551497463044
2.0,0.75,126,0.22068606564795637,0.2,0.4718040076989788
2.0,0.75,127,0.14115404308952695,0.2,0.2782572010385273
2.0,0.75,128,0.018090569561157795,0.0,0.0
2.0,0.75,129,0.3849473039704077,0.4,0.5311527789860895
2.0,0.75,130,0.4111212213123041,0.4,0.5844039361045578
2.0,0.75,131,0.31915827228327226,0.3,0.17619436570770788
2.0,0.75,132,0.7170732970732971,0.8,0.5749891955452003
2.0,0.75,133,0.24421738392326628,0.2,0.23202842395020604
2.0,0.75,134,0.19999999999999998,0.1,0.23463936301137822
2.0,0.75,135,0.7229700854700855,0.5,0.5352587238837262
2.0,0.75,136,0.41111111111111115,0.1,0.7795858045446329
2.0,0.75,137,0.21253501400560224,0.2,0.27965946629108696
2.0,0.75,138,0.15441176470588236,0.1,0.2640681225725909
2.0,0.75,139,0.010541212098874637,0.0,0.0
2.0,0.75,140,0.18497483254132943,0.2,0.3925462634010175
2.0,0.75,141,0.1569982082354274,0.2,0.21891382639679052
2.0,0.75,142,0.08333333333333333,0.0,0.0
2.0,0.75,143,0.625,0.2,0.8065735963827293
2.0,0.75,144,0.46067821067821063,0.4,0.5205674549557652
2.0,0.75,145,0.34209396338653597,0.4,0.5163788788568463
2.0,0.75,146,0.5833333333333333,0.2,0.6199062332840657
2.0,0.75,147,0.24684294098871776,0.3,0.33025464306722735
2.0,0.75,148,0.32415599061736233,0.2,0.5148586863637864
2.0,0.75,149,0.3959580418672036,0.4,0.46270962158308354
2.0,0.75,150,0.8333333333333333,0.2,0.9197207891481876
2.0,0.75,151,0.03394264101485644,0.0,0.0
2.0,0.75,152,0.02567537458391965,0.0,0.0
2.0,0.75,153,0.32282979316797566,0.3,0.3536573263781091
2.0,0.75,154,0.8333333333333333,0.2,0.8212377705398237
2.0,0.75,155,0.18825771778527686,0.3,0.2812097378156275
2.0,0.75,156,0.5491417037829625,0.7,0.5767763204970703
2.0,0.75,157,0.36951763002304416,0.6,0.5318012205777027
2.0,0.75,158,0.36875,0.3,0.6396601408337269
2.0,0.75,159,0.09940770386634284,0.2,0.17925138407585886
2.0,0.75,160,0.12091850699209754,0.1,0.24842742676916893
2.0,0.75,161,0.5409558909558909,0.3,0.7193068819147438
2.0,0.75,162,0.2595580186097427,0.2,0.21003026995882845
2.0,0.75,163,0.29390681003584224,0.2,0.4367467095119258
2.0,0.75,164,0.4419998197521133,0.4,0.5672529690302122
2.0,0.75,165,0.5833333333333333,0.2,0.6934264036172708
2.0,0.75,166,0.040666575310537,0.1,0.07311683844390994
2.0,0.75,167,0.41666666666666663,0.2,0.5540663910176149
2.0,0.75,168,0.13095238095238093,0.1,0.21840743681816419
2.0,0.75,169,0.32298951048951047,0.2,0.4144299250118475
2.0,0.75,170,0.598575036075036,0.4,0.7196342075544735
2.0,0.75,171,0.6388888888888888,0.3,0.6757709465491791
2.0,0.75,172,0.8041666666666667,0.4,0.8940187669412318
2.0,0.75,173,0.8333333333333333,0.2,0.9197207891481876
2.0,0.75,174,0.10954066275566829,0.1,0.19602843459435057
2.0,0.75,175,0.049175219199776875,0.0,0.0
2.0,0.75,176,0.09029217272613307,0.1,0.12824687569501922
2.0,0.75,177,0.6922222222222222,0.4,0.8236529934058072
2.0,0.75,178,0.6435897435897435,0.3,0.8698944585066984
2.0,0.75,179,0.3492866782340466,0.2,0.44149241373678083
2.0,0.75,180,0.43737948768023954,0.3,0.3557981268823876
2.0,0.75,181,0.17321500825650954,0.2,0.2652085575606156
2.0,0.75,182,0.5833333333333333,0.2,0.66967181649423
2.0,0.75,183,0.6252035071631514,0.6,0.6003711013090012
2.0,0.75,184,0.27737835875090777,0.3,0.33483246439371983
2.0,0.75,185,0.806084656084656,0.6,0.8201278806256246
2.0,0.75,186,0.17886968393591557,0.5,0.4066392799050653
2.0,0.75,187,0.1612502189441775,0.2,0.2522457614005466
2.0,0.75,188,0.4618891814865785,0.5,0.6166628384397472
2.0,0.75,189,0.16403119549671275,0.2,0.15814646672181454
2.0,0.75,190,0.4384615384615385,0.3,0.5051328093909648
2.0,0.75,191,0.45404378293233194,0.5,0.29621599410637806
2.0,0.75,192,0.508578431372549,0.3,0.6096199500078984
2.0,0.75,193,0.822022607022607,0.8,0.8804078319969554
2.0,0.75,194,0.2507936507936508,0.2,0.24510767727103225
2.0,0.75,195,0.13274853801169592,0.1,0.18154179253735267
2.0,0.75,196,0.17492517370608185,0.3,0.3125616045361938
2.0,0.75,197,0.7333333333333334,0.2,0.7398124665681314
2.0,0.75,198,0.4477272727272727,0.2,0.5916660373127837
2.0,0.75,199,0.12184027324793527,0.2,0.1600453939808273
2.0,0.75,200,0.3,0.2,0.431733884398313
2.0,0.75,201,0.29958694713609774,0.4,0.5466449670108231
2.0,0.75,202,0.21849881675068072,0.4,0.27202578106325426
2.0,0.75,203,0.13253514946654396,0.3,0.2984821300988766
2.0,0.75,204,0.04305705032590763,0.0,0.0
2.0,0.75,205,0.8333333333333333,0.2,0.9197207891481876
2.0,0.75,206,0.2242672119972733,0.2,0.4358923164702953
2.0,0.75,207,0.23319058392587802,0.2,0.3648236090023812
2.0,0.75,208,0.7027777777777778,0.6,0.7711046000160218
2.0,0.75,209,0.15601307982068927,0.2,0.1184595614505854
2.0,0.75,210,0.3454019623404352,0.2,0.48255059646431975
2.0,0.75,211,0.15013573521609577,0.2,0.12963565378713174
2.0,0.75,212,0.48732169891904153,0.6,0.6202554657883431
2.0,0.75,213,0.5766637996258478,0.5,0.631048564946616
2.0,0.75,214,0.16766661301617422,0.1,0.24630238874073
2.0,0.75,215,0.05357142857142857,0.0,0.0
2.0,0.75,216,0.0029239766081871343,0.0,0.0
2.0,0.75,217,0.3823374244069063,0.5,0.509460387180026
2.0,0.75,218,0.32149130358767486,0.5,0.4565799161315229
2.0,0.75,219,0.04639099768291328,0.0,0.0
2.0,0.75,220,0.2596855546190813,0.3,0.28156082523662485
2.0,0.75,221,0.2734151693903356,0.4,0.3981300052014182
2.0,0.75,222,0.7354777938111271,0.6,0.7459059136960348
2.0,0.75,223,0.5592105263157894,0.3,0.7246262544989281
2.0,0.75,224,0.14021330082752495,0.1,0.09384413330947906
2.0,0.75,225,0.09229045077221955,0.3,0.19653126457253
2.0,1.0,1,0.24976318416486618,0.4,0.3846007199467698
2.0,1.0,2,0.20760192797318142,0.4,0.5937371464122341
2.0,1.0,3,0.6936011904761905,0.7,0.7470572972323429
2.0,1.0,4,0.5384615384615384,0.1,0.6131471927654584
2.0,1.0,5,0.3466666666666666,0.3,0.511168156684388
2.0,1.0,6,0.11176587301587301,0.1,0.14067013006711881
2.0,1.0,7,0.18030130707859449,0.2,0.2724558813422326
2.0,1.0,8,0.1148208274807463,0.1,0.13347537859706934
2.0,1.0,9,0.9166666666666666,0.3,0.9674679834891694
2.0,1.0,10,0.2540581700387534,0.2,0.32173065572093157
2.0,1.0,11,0.22297036023081315,0.2,0.2093030477261255
2.0,1.0,12,0.3006204906204906,0.3,0.395291136664089
2.0,1.0,13,0.0,0.0,0.0
2.0,1.0,14,0.625,0.2,0.9318787168942831
2.0,1.0,15,1.0,0.2,0.8597186998521972
2.0,1.0,16,0.19853479853479852,0.1,0.23981246656813146
2.0,1.0,17,0.5065359477124183,0.1,0.7039180890341347
2.0,1.0,18,0.19336365851677362,0.1,0.2960819109658653
2.0,1.0,19,0.05087996307242485,0.1,0.12890103087620167
2.0,1.0,20,0.6160774410774411,0.6,0.6000686603120361
2.0,1.0,21,0.09301867686768678,0.0,0.0
2.0,1.0,22,0.0,0.0,0.0
2.0,1.0,23,0.23304883928517056,0.4,0.33077865877087054
2.0,1.0,24,0.2941628264208909,0.2,0.4909032264228103
2.0,1.0,25,0.6515381751829272,0.6,0.7072542199773553
2.0,1.0,26,0.21714331161626832,0.2,0.36781736530341685
2.0,1.0,27,0.10388685388685388,0.1,0.17162943741960596
2.0,1.0,28,0.00595393307257714,0.0,0.0
2.0,1.0,29,0.45983136134910907,0.4,0.5190753259203437
2.0,1.0,30,0.054619298539087764,0.0,0.0
2.0,1.0,31,0.0009389671361502347,0.0,0.0
2.0,1.0,32,0.17883986928104575,0.2,0.1546117334343375
2.0,1.0,33,0.6388888888888888,0.3,0.6625135428332626
2.0,1.0,34,0.30912698412698414,0.3,0.34032427968519996
2.0,1.0,35,0.029129129129129128,0.0,0.0
2.0,1.0,36,0.5023640661938534,0.1,0.46927872602275644
2.0,1.0,37,0.13386341685700617,0.2,0.15069349335050586
2.0,1.0,38,0.04382097963861442,0.0,0.0
2.0,1.0,39,0.1649818577644826,0.2,0.22721152029093702
2.0,1.0,40,0.08673783138494578,0.2,0.12367409491558115
2.0,1.0,41,0.8666666666666667,0.3,0.9272758027051587
2.0,1.0,42,0.1910016102249283,0.3,0.3634706911650262
2.0,1.0,43,0.574949969381893,0.4,0.7939109039302563
2.0,1.0,44,0.0,0.0,0.0
2.0,1.0,45,0.2003745438133364,0.1,0.279901702223461
2.0,1.0,46,0.34944857440473653,0.6,0.5989248817503222
2.0,1.0,47,0.370975378644702,0.6,0.4073235735644537
2.0,1.0,48,0.19649550486866635,0.3,0.39957899626793536
2.0,1.0,49,0.17045454545454547,0.1,0.3273949503887395
2.0,1.0,50,0.18577047689808188,0.1,0.4568625914789285
2.0,1.0,51,0.5224968457424455,0.6,0.4980194519286244
2.0,1.0,52,0.6916666666666667,0.4,0.6751632050938108
2.0,1.0,53,0.28501977022693137,0.2,0.22461013156664808
2.0,1.0,54,0.12522916519541366,0.1,0.21285246057565374
2.0,1.0,55,0.4609323360231512,0.4,0.3821482982006588
2.0,1.0,56,0.12546321182277573,0.2,0.14722970976726388
2.0,1.0,57,0.07094883332747907,0.1,0.18506716146503144
2.0,1.0,58,0.1615228949483093,0.1,0.04036090167115883
2.0,1.0,59,0.1745345744680851,0.1,0.20607801570427584
2.0,1.0,60,0.3425641025641025,0.3,0.3511962757130126
2.0,1.0,61,0.3695384615384615,0.3,0.471071525991635
2.0,1.0,62,0.0436127893307233,0.1,0.06988705992583852
2.0,1.0,63,0.04297760210803689,0.0,0.0
2.0,1.0,64,0.5625,0.1,0.6787956981029196
2.0,1.0,65,0.3190122304468805,0.5,0.4675400939282124
2.0,1.0,66,0.13958537915984726,0.2,0.2798878317531612
2.0,1.0,67,0.5779209745771848,0.8,0.8111994370447131
2.0,1.0,68,0.04869865758365057,0.1,0.1372199289207067
2.0,1.0,69,0.043166686372733826,0.0,0.0
2.0,1.0,70,0.09233189311417325,0.2,0.12334678001433748
2.0,1.0,71,0.035071317679659694,0.0,0.0
2.0,1.0,72,0.12118824716537227,0.2,0.21449492085504465
2.0,1.0,73,0.3404812514465788,0.6,0.5863893267164648
2.0,1.0,74,0.12829825451854315,0.0,0.0
2.0,1.0,75,0.05995005559966603,0.1,0.11218135227894276
2.0,1.0,76,0.22158987720005227,0.2,0.31007988243246654
2.0,1.0,77,0.3253087598675834,0.3,0.3424026585196155
2.0,1.0,78,0.8055555555555555,0.3,0.8156868628654561
2.0,1.0,79,0.07434092245737108,0.0,0.0
2.0,1.0,80,0.027429394277220364,0.0,0.0
2.0,1.0,81,0.41666666666666663,0.2,0.47996975781793727
2.0,1.0,82,0.3254242424242424,0.3,0.49260481106564136
2.0,1.0,83,0.1034611795446062,0.1,0.16812753627111748
2.0,1.0,84,0.41352948300219156,0.4,0.3794788440618807
2.0,1.0,85,0.26487991221598434,0.1,0.2579266542703838
2.0,1.0,86,0.5833333333333333,0.2,0.6934264036172708
2.0,1.0,87,0.012196850084316141,0.0,0.0
2.0,1.0,88,0.6746031746031745,0.6,0.7410135135935011
2.0,1.0,89,0.19594547964113182,0.2,0.29408081249408274
2.0,1.0,90,0.21242361812824218,0.3,0.16307848400165095
2.0,1.0,91,0.38711361730511373,0.4,0.5557114925216338
2.0,1.0,92,0.4834517729178278,0.6,0.33080858772034905
2.0,1.0,93,0.5,0.1,0.6309297535714575
2.0,1.0,94,0.5390377860730612,0.6,0.5502092543362933
2.0,1.0,95,0.41666666666666663,0.2,0.44391917204490255
2.0,1.0,96,0.42461128988704133,0.6,0.4528259061718726
2.0,1.0,97,0.12748733609198726,0.2,0.16950960215087577
2.0,1.0,98,0.027167797542129092,0.0,0.0
2.0,1.0,99,0.2826923076923077,0.2,0.4520703757857374
2.0,1.0,100,0.20818312589643476,0.2,0.30646854645034693
2.0,1.0,101,0.8184523809523809,0.5,0.8597889699302955
2.0,1.0,102,0.46785714285714286,0.3,0.6316403098951328
2.0,1.0,103,0.023809523809523808,0.0,0.0
2.0,1.0,104,0.12997374897456931,0.1,0.14606834984270645
2.0,1.0,105,0.5577519379844962,0.3,0.7422329748991158
2.0,1.0,106,0.38464985994397755,0.3,0.6433973986586318
2.0,1.0,107,0.36745213549337263,0.4,0.43243992331364156
2.0,1.0,108,0.7377551020408163,0.6,0.7945491098114584
2.0,1.0,109,0.04071324851241777,0.0,0.0
2.0,1.0,110,0.2920453008789723,0.1,0.5028666180369032
2.0,1.0,111,0.3247835497835498,0.3,0.26556214296616687
2.0,1.0,112,0.3026315789473684,0.1,0.23981246656813146
2.0,1.0,113,0.3456900040469445,0.2,0.5205067333228022
2.0,1.0,114,0.09165651714311977,0.1,0.22216592739310984
2.0,1.0,115,0.03693023721375789,0.1,0.14966391176581295
2.0,1.0,116,0.10870408321649454,0.1,0.1680224385281861
2.0,1.0,117,0.040079365079365076,0.0,0.0
2.0,1.0,118,0.25531400966183576,0.2,0.4321106657033608
2.0,1.0,119,1.0,0.1,1.0
2.0,1.0,120,0.5156325156325157,0.5,0.5646808644091006
2.0,1.0,121,0.6265106042416967,0.4,0.5816381025204606
2.0,1.0,122,0.3814412069647323,0.5,0.31164875569763806
2.0,1.0,123,0.11212121212121212,0.0,0.0
2.0,1.0,124,0.005463341837489331,0.0,0.0
2.0,1.0,125,0.2349467368905091,0.3,0.2800983811731686
2.0,1.0,126,0.1591698641286293,0.2,0.35571812677402137
2.0,1.0,127,0.12195601644913283,0.1,0.14902422012004707
2.0,1.0,128,0.017904953145917002,0.0,0.0
2.0,1.0,129,0.3824118738404453,0.4,0.5311527789860895
2.0,1.0,130,0.39508615005303743,0.3,0.4971098765589705
2.0,1.0,131,0.3366928210678211,0.3,0.17619436570770788
2.0,1.0,132,0.6423301383659441,0.6,0.5128571187720854
2.0,1.0,133,0.23345156244315907,0.0,0.0
2.0,1.0,134,0.1989247311827957,0.1,0.23463936301137822
2.0,1.0,135,0.7012426900584796,0.5,0.4036617114565436
2.0,1.0,136,0.40842105263157896,0.1,0.7795858045446329
2.0,1.0,137,0.21428571428571427,0.2,0.26702628688687163
2.0,1.0,138,0.10084033613445378,0.1,0.20438239758848611
2.0,1.0,139,0.010538291548557559,0.0,0.0
2.0,1.0,140,0.17196838249469829,0.2,0.3763446190087691
2.0,1.0,141,0.1522955261143795,0.2,0.22665420703192363
2.0,1.0,142,0.08333333333333333,0.0,0.0
2.0,1.0,143,0.6428571428571428,0.2,0.8175295903539445
2.0,1.0,144,0.5164141414141413,0.5,0.6405944890693019
2.0,1.0,145,0.3518002116569203,0.4,0.5082431287606646
2.0,1.0,146,0.8333333333333333,0.2,0.7601875334318685
2.0,1.0,147,0.22487293186893584,0.3,0.31937845247685254
2.0,1.0,148,0.3241171850542839,0.2,0.5148586863637864
2.0,1.0,149,0.39491983983499224,0.4,0.4595326231006953
2.0,1.0,150,0.5833333333333333,0.2,0.6934264036172708
2.0,1.0,151,0.03372797161333014,0.0,0.0
2.0,1.0,152,0.031614476973387866,0.0,0.0
2.0,1.0,153,0.3244543015669776,0.3,0.3536573263781091
2.0,1.0,154,0.75,0.2,0.7724397457735779
2.0,1.0,155,0.2975471293916024,0.3,0.37519436458269306
2.0,1.0,156,0.538418059534337,0.7,0.5616859321819563
2.0,1.0,157,0.3703410623589485,0.6,0.42349545734500194
2.0,1.0,158,0.4048555377207063,0.3,0.6751549018979777
2.0,1.0,159,0.09814058711287063,0.2,0.1776028646926492
2.0,1.0,160,0.07062995289930603,0.1,0.16957810039284818
2.0,1.0,161,0.5436623702062208,0.3,0.7193068819147438
2.0,1.0,162,0.2640046916824053,0.2,0.21003026995882845
2.0,1.0,163,0.40583804143126173,0.2,0.5307212739772434
2.0,1.0,164,0.410325819516996,0.4,0.5608592581441579
2.0,1.0,165,0.5833333333333333,0.2,0.6934264036172708
2.0,1.0,166,0.03658210222140563,0.0,0.0
2.0,1.0,167,0.41666666666666663,0.2,0.5540663910176149
2.0,1.0,168,0.16025641025641024,0.1,0.21840743681816419
2.0,1.0,169,0.2988315356959425,0.2,0.3973220069685352
2.0,1.0,170,0.6248556998556999,0.4,0.7307912382776649
2.0,1.0,171,0.6388888888888888,0.3,0.6757709465491791
2.0,1.0,172,0.8875,0.4,0.925248016143815
2.0,1.0,173,1.0,0.2,1.0
2.0,1.0,174,0.10888266267898947,0.1,0.19602843459435057
2.0,1.0,175,0.051489038995152205,0.0,0.0
2.0,1.0,176,0.1007172745100958,0.1,0.12824687569501922
2.0,1.0,177,0.7976190476190476,0.4,0.8485450236511227
2.0,1.0,178,0.6604166666666667,0.3,0.9006527091956187
2.0,1.0,179,0.30135930493273544,0.2,0.4144299250118475
2.0,1.0,180,0.4465986394557823,0.3,0.33654056128817356
2.0,1.0,181,0.289223044338075,0.2,0.37369915365112566
2.0,1.0,182,0.5833333333333333,0.2,0.66967181649423
2.0,1.0,183,0.6225651309578347,0.6,0.5945866659200433
2.0,1.0,184,0.37445097276413,0.3,0.5030175579855344
2.0,1.0,185,0.7948472823472823,0.6,0.734868614743704
2.0,1.0,186,0.1930321257178253,0.5,0.4393885407921626
2.0,1.0,187,0.17069204071103605,0.2,0.2522457614005466
2.0,1.0,188,0.47889522635210374,0.5,0.6243482142353269
2.0,1.0,189,0.1603555518838693,0.2,0.15814646672181454
2.0,1.0,190,0.5026315789473684,0.3,0.5387969492726834
2.0,1.0,191,0.43942474729991843,0.4,0.22086856667888488
2.0,1.0,192,0.5162037037037037,0.3,0.6096199500078984
2.0,1.0,193,0.7847974822112752,0.7,0.7831827863344313
2.0,1.0,194,0.2191358024691358,0.2,0.22937868085938626
2.0,1.0,195,0.1325315005727377,0.2,0.30281242839865
2.0,1.0,196,0.22426152757128762,0.4,0.3898570466003927
2.0,1.0,197,0.7380952380952381,0.2,0.7398124665681314
2.0,1.0,198,0.3227272727272727,0.2,0.43903452254994363
2.0,1.0,199,0.1335781339535511,0.2,0.17546051087678605
2.0,1.0,200,0.2547008547008547,0.2,0.370291336443826
2.0,1.0,201,0.2749564248023685,0.4,0.5135940816364746
2.0,1.0,202,0.20470930042288965,0.4,0.2543933441742746
2.0,1.0,203,0.11674375614411403,0.2,0.17886726863615138
2.0,1.0,204,0.04399273290843554,0.1,0.10337455640082945
2.0,1.0,205,0.8333333333333333,0.2,0.9197207891481876
2.0,1.0,206,0.19661364184140753,0.2,0.41515053773713506
2.0,1.0,207,0.20922401316441644,0.2,0.30981877415958703
2.0,1.0,208,0.6916666666666668,0.6,0.7742889816494763
2.0,1.0,209,0.14432310235285875,0.2,0.09288805429058848
2.0,1.0,210,0.34252765512984845,0.2,0.48255059646431975
2.0,1.0,211,0.14928001699414073,0.1,0.03653789604420348
2.0,1.0,212,0.48669266246146997,0.5,0.5719054570557864
2.0,1.0,213,0.5563303802323742,0.5,0.6091258993836116
2.0,1.0,214,0.17905138339920948,0.1,0.24630238874073
2.0,1.0,215,0.05357142857142857,0.0,0.0
2.0,1.0,216,0.0027397260273972603,0.0,0.0
2.0,1.0,217,0.3856828769325689,0.5,0.5674315631490021
2.0,1.0,218,0.2517691486326086,0.3,0.2592253745959424
2.0,1.0,219,0.04560897701508892,0.0,0.0
2.0,1.0,220,0.23857917675909124,0.3,0.26934500493784175
2.0,1.0,221,0.23527768050266903,0.4,0.37876431666624466
2.0,1.0,222,0.7035893119226453,0.6,0.7216445462943757
2.0,1.0,223,0.537142857142857,0.3,0.715696758318853
2.0,1.0,224,0.13068664979329334,0.1,0.09384413330947906
2.0,1.0,225,0.0898536999080789,0.3,0.19245321946193275
