preprocessamento,modelo,query_id,precision_at_10,recall_at_10,f1_at_10,ap,rr,ndcg_at_10
basico,Vetorial (TF-IDF),1,0.5,0.17857142857142858,0.2631578947368421,0.2921146731039907,1.0,0.4634324933520327
basico,BM25,1,0.6,0.21428571428571427,0.3157894736842105,0.24951659695683626,1.0,0.5001505063042675
basico,Vetorial (TF-IDF),2,0.4,0.16666666666666666,0.23529411764705882,0.2005041192419781,1.0,0.5869866805081211
basico,BM25,2,0.4,0.16666666666666666,0.23529411764705882,0.1712545676098928,1.0,0.5231840906933135
basico,Vetorial (TF-IDF),3,0.6,0.75,0.6666666666666665,0.701068935427574,1.0,0.7825367142417475
basico,BM25,3,0.4,0.5,0.4444444444444445,0.6085069444444444,1.0,0.647939623894138
basico,Vetorial (TF-IDF),4,0.2,1.0,0.33333333333333337,0.6428571428571428,1.0,0.8175295903539445
basico,BM25,4,0.2,1.0,0.33333333333333337,0.625,1.0,0.8065735963827293
basico,Vetorial (TF-IDF),5,0.2,0.5,0.28571428571428575,0.11784188034188035,0.16666666666666666,0.3078194216524256
basico,BM25,5,0.1,0.25,0.14285714285714288,0.19475867269984917,0.3333333333333333,0.2385191169365424
basico,Vetorial (TF-IDF),6,0.1,0.25,0.14285714285714288,0.06940395951165795,0.2,0.12635615681975276
basico,BM25,6,0.1,0.25,0.14285714285714288,0.15048278423258526,0.5,0.20607801570427584
basico,Vetorial (TF-IDF),7,0.2,0.4,0.26666666666666666,0.20263576086360896,0.3333333333333333,0.28591926394768896
basico,BM25,7,0.2,0.4,0.26666666666666666,0.2087207618589612,0.3333333333333333,0.28591926394768896
basico,Vetorial (TF-IDF),8,0.3,0.2727272727272727,0.28571428571428564,0.18831441547009728,0.5,0.32595343499661233
basico,BM25,8,0.1,0.09090909090909091,0.09523809523809525,0.16157288786376273,1.0,0.2669507571941387
basico,Vetorial (TF-IDF),9,0.3,1.0,0.4615384615384615,1.0,1.0,1.0
basico,BM25,9,0.3,1.0,0.4615384615384615,0.8055555555555555,1.0,0.9060254355346824
basico,Vetorial (TF-IDF),10,0.2,0.25,0.22222222222222224,0.11857409156879996,0.5,0.22322137849952256
basico,BM25,10,0.1,0.125,0.11111111111111112,0.11796329737672413,0.5,0.1323000828051301
basico,Vetorial (TF-IDF),11,0.3,0.42857142857142855,0.3529411764705882,0.29055365755365753,0.5,0.3424754153865227
basico,BM25,11,0.2,0.2857142857142857,0.23529411764705882,0.19847437467833393,0.5,0.2093030477261255
basico,Vetorial (TF-IDF),12,0.2,0.4,0.26666666666666666,0.1557943067033976,0.16666666666666666,0.24427548732131094
basico,BM25,12,0.2,0.4,0.26666666666666666,0.21930033003300328,0.3333333333333333,0.23919165939156042
basico,Vetorial (TF-IDF),13,0.0,0.0,0.0,0.0027992269605154807,0.002531645569620253,0.0
basico,BM25,13,0.0,0.0,0.0,0.0029649178037311967,0.002369668246445498,0.0
basico,Vetorial (TF-IDF),14,0.2,1.0,0.33333333333333337,0.6428571428571428,1.0,0.9357372199376134
basico,BM25,14,0.2,1.0,0.33333333333333337,0.6666666666666666,1.0,0.9406765852469334
basico,Vetorial (TF-IDF),15,0.2,1.0,0.33333333333333337,0.8333333333333333,1.0,0.7601875334318685
basico,BM25,15,0.2,1.0,0.33333333333333337,1.0,1.0,0.8597186998521972
basico,Vetorial (TF-IDF),16,0.1,0.3333333333333333,0.15384615384615383,0.39913419913419906,1.0,0.38009376671593426
basico,BM25,16,0.1,0.3333333333333333,0.15384615384615383,0.23928571428571424,0.5,0.23981246656813146
basico,Vetorial (TF-IDF),17,0.1,0.5,0.16666666666666669,0.5098039215686274,1.0,0.7039180890341347
basico,BM25,17,0.1,0.5,0.16666666666666669,0.1381578947368421,0.25,0.3031610197508214
basico,Vetorial (TF-IDF),18,0.1,0.3333333333333333,0.15384615384615383,0.09789135595587208,0.2,0.1815417925373527
basico,BM25,18,0.1,0.3333333333333333,0.15384615384615383,0.1679340937896071,0.3333333333333333,0.23463936301137825
basico,Vetorial (TF-IDF),19,0.2,0.2222222222222222,0.2105263157894737,0.06682020877646785,0.2,0.12511166823991668
basico,BM25,19,0.1,0.1111111111111111,0.10526315789473685,0.04483257707492631,0.1,0.057677861191408206
basico,Vetorial (TF-IDF),20,0.5,0.5555555555555556,0.5263157894736842,0.4638863708308152,0.5,0.5057477751290633
basico,BM25,20,0.4,0.4444444444444444,0.4210526315789474,0.42372833191247516,0.5,0.4507735274888854
basico,Vetorial (TF-IDF),21,0.2,0.5,0.28571428571428575,0.29168410041841003,0.5,0.4463549655161742
basico,BM25,21,0.2,0.5,0.28571428571428575,0.1704822954822955,0.3333333333333333,0.3634538711629086
basico,Vetorial (TF-IDF),22,0.0,0.0,0.0,0.0009541984732824427,0.0009541984732824427,0.0
basico,BM25,22,0.0,0.0,0.0,0.0017391304347826088,0.0017391304347826088,0.0
basico,Vetorial (TF-IDF),23,0.4,0.125,0.19047619047619047,0.17224773366365193,0.3333333333333333,0.31906582322969207
basico,BM25,23,0.1,0.03125,0.047619047619047616,0.14024405297873685,1.0,0.2620955839547857
basico,Vetorial (TF-IDF),24,0.2,0.6666666666666666,0.30769230769230765,0.23635448136958712,0.5,0.46836627233016775
basico,BM25,24,0.2,0.6666666666666666,0.30769230769230765,0.2661064425770308,0.5,0.4909032264228103
basico,Vetorial (TF-IDF),25,0.2,0.2222222222222222,0.2105263157894737,0.29686393691794816,1.0,0.2711255261998129
basico,BM25,25,0.5,0.5555555555555556,0.5263157894736842,0.4930941637794429,1.0,0.5418858558565275
basico,Vetorial (TF-IDF),26,0.3,0.5,0.37499999999999994,0.22078701399258893,0.3333333333333333,0.39756856381144573
basico,BM25,26,0.2,0.3333333333333333,0.25,0.3852957084664401,1.0,0.5650722667842327
basico,Vetorial (TF-IDF),27,0.0,0.0,0.0,0.0651389953715535,0.07692307692307693,0.0
basico,BM25,27,0.1,0.3333333333333333,0.15384615384615383,0.11137685843568196,0.2,0.14704034066641014
basico,Vetorial (TF-IDF),28,0.0,0.0,0.0,0.0016485562438644597,0.0015503875968992248,0.0
basico,BM25,28,0.0,0.0,0.0,0.0018565153130326861,0.0019723865877712033,0.0
basico,Vetorial (TF-IDF),29,0.5,0.5555555555555556,0.5263157894736842,0.4089233262052016,1.0,0.49329832636923965
basico,BM25,29,0.4,0.4444444444444444,0.4210526315789474,0.4437695729698417,1.0,0.44465836968485467
basico,Vetorial (TF-IDF),30,0.1,0.14285714285714285,0.11764705882352941,0.062006176471934606,0.1,0.09557340967492547
basico,BM25,30,0.2,0.2857142857142857,0.23529411764705882,0.09462487317951236,0.125,0.17065501627721275
basico,Vetorial (TF-IDF),31,0.0,0.0,0.0,0.0007342143906020558,0.0007342143906020558,0.0
basico,BM25,31,0.0,0.0,0.0,0.0008561643835616438,0.0008561643835616438,0.0
basico,Vetorial (TF-IDF),32,0.0,0.0,0.0,0.02615876302462773,0.023255813953488372,0.0
basico,BM25,32,0.1,0.16666666666666666,0.125,0.05059675946588915,0.14285714285714285,0.04854647519781679
basico,Vetorial (TF-IDF),33,0.3,1.0,0.4615384615384615,0.6388888888888888,0.5,0.6973180732318199
basico,BM25,33,0.3,1.0,0.4615384615384615,0.6388888888888888,0.5,0.6973180732318199
basico,Vetorial (TF-IDF),34,0.3,0.5,0.37499999999999994,0.3391587944219523,0.3333333333333333,0.37151943211629324
basico,BM25,34,0.2,0.3333333333333333,0.25,0.32666217448826146,0.5,0.24661756247359967
basico,Vetorial (TF-IDF),35,0.0,0.0,0.0,0.02505369848301785,0.041666666666666664,0.0
basico,BM25,35,0.0,0.0,0.0,0.02310148320635041,0.03225806451612903,0.0
basico,Vetorial (TF-IDF),36,0.0,0.0,0.0,0.024166314900802024,0.043478260869565216,0.0
basico,BM25,36,0.1,0.5,0.16666666666666669,0.05187265917602996,0.1,0.13565197343244778
basico,Vetorial (TF-IDF),37,0.3,0.3333333333333333,0.3157894736842105,0.2229656366983956,0.3333333333333333,0.29921538892517874
basico,BM25,37,0.2,0.2222222222222222,0.2105263157894737,0.17947243074442593,0.16666666666666666,0.16887850996215795
basico,Vetorial (TF-IDF),38,0.1,0.1,0.10000000000000002,0.042637906465665745,0.2,0.06375806481812893
basico,BM25,38,0.0,0.0,0.0,0.058211692971537665,0.07692307692307693,0.0
basico,Vetorial (TF-IDF),39,0.3,0.23076923076923078,0.2608695652173913,0.14818690069900883,0.3333333333333333,0.2235336208661334
basico,BM25,39,0.3,0.23076923076923078,0.2608695652173913,0.12566102266697718,0.25,0.19776882186602604
basico,Vetorial (TF-IDF),40,0.1,0.08333333333333333,0.0909090909090909,0.042843658673222436,0.25,0.0676892029442097
basico,BM25,40,0.0,0.0,0.0,0.03341464913293938,0.05555555555555555,0.0
basico,Vetorial (TF-IDF),41,0.3,1.0,0.4615384615384615,0.7777777777777778,1.0,0.8844912478533464
basico,BM25,41,0.3,1.0,0.4615384615384615,0.9166666666666666,1.0,0.9491229041606436
basico,Vetorial (TF-IDF),42,0.3,0.6,0.4,0.24461716119250365,0.3333333333333333,0.4516655496808067
basico,BM25,42,0.2,0.4,0.26666666666666666,0.19289710289710288,0.25,0.31731405939539276
basico,Vetorial (TF-IDF),43,0.5,0.8333333333333334,0.625,0.7386856368563685,1.0,0.844718776167017
basico,BM25,43,0.4,0.6666666666666666,0.5,0.597035118019574,1.0,0.7325049263975889
basico,Vetorial (TF-IDF),44,0.0,0.0,0.0,0.0018291903312992318,0.0017513134851138354,0.0
basico,BM25,44,0.0,0.0,0.0,0.0025108108041110916,0.0015384615384615385,0.0
basico,Vetorial (TF-IDF),45,0.2,0.16666666666666666,0.1818181818181818,0.19382896674217456,1.0,0.3602664366984503
basico,BM25,45,0.2,0.16666666666666666,0.1818181818181818,0.17504565982265008,1.0,0.33384152684966495
basico,Vetorial (TF-IDF),46,0.5,0.3333333333333333,0.4,0.33491410046958836,1.0,0.5428485559193207
basico,BM25,46,0.4,0.26666666666666666,0.32,0.32766101856032387,1.0,0.48116158809443454
basico,Vetorial (TF-IDF),47,0.6,0.42857142857142855,0.5,0.31821470114950745,0.3333333333333333,0.4474020400111847
basico,BM25,47,0.6,0.42857142857142855,0.5,0.35467020198403226,0.3333333333333333,0.47378485464349146
basico,Vetorial (TF-IDF),48,0.2,0.18181818181818182,0.1904761904761905,0.1625078136171598,0.5,0.2556285969783467
basico,BM25,48,0.3,0.2727272727272727,0.28571428571428564,0.17876081946753264,0.5,0.35769312644664736
basico,Vetorial (TF-IDF),49,0.1,0.5,0.16666666666666669,0.17601246105919002,0.3333333333333333,0.38009376671593426
basico,BM25,49,0.1,0.5,0.16666666666666669,0.21428571428571427,0.3333333333333333,0.38009376671593426
basico,Vetorial (TF-IDF),50,0.0,0.0,0.0,0.016871621647481693,0.038461538461538464,0.0
basico,BM25,50,0.1,0.16666666666666666,0.125,0.04364031419971135,0.16666666666666666,0.16273773860559057
basico,Vetorial (TF-IDF),51,0.6,0.6,0.6,0.533749153245374,1.0,0.6090455023079975
basico,BM25,51,0.3,0.3,0.3,0.44001950328532285,1.0,0.32528696379087046
basico,Vetorial (TF-IDF),52,0.4,1.0,0.5714285714285715,0.6083333333333333,0.5,0.7105280158250001
basico,BM25,52,0.2,0.5,0.28571428571428575,0.4186720142602495,0.5,0.497223749750845
basico,Vetorial (TF-IDF),53,0.2,0.2,0.20000000000000004,0.23191317089354588,1.0,0.21964686745336068
basico,BM25,53,0.2,0.2,0.20000000000000004,0.26333623149856955,1.0,0.2130483765146811
basico,Vetorial (TF-IDF),54,0.1,0.1111111111111111,0.10526315789473685,0.11646157846403976,0.5,0.21285246057565374
basico,BM25,54,0.1,0.1111111111111111,0.10526315789473685,0.14046526405620863,0.5,0.21285246057565374
basico,Vetorial (TF-IDF),55,0.2,0.2,0.20000000000000004,0.24117090312093153,1.0,0.30626332162699477
basico,BM25,55,0.3,0.3,0.3,0.2709478523345233,1.0,0.3347898996981383
basico,Vetorial (TF-IDF),56,0.2,0.2,0.20000000000000004,0.16377676151617995,0.2,0.14722970976726388
basico,BM25,56,0.3,0.3,0.3,0.18090982687169946,0.3333333333333333,0.21505248398336435
basico,Vetorial (TF-IDF),57,0.2,0.14285714285714285,0.16666666666666666,0.097844089829386,0.25,0.23073671873905705
basico,BM25,57,0.1,0.07142857142857142,0.08333333333333333,0.08721148501427198,0.3333333333333333,0.18506716146503144
basico,Vetorial (TF-IDF),58,0.2,0.2222222222222222,0.2105263157894737,0.16700348092152384,0.2,0.23570923884118095
basico,BM25,58,0.3,0.3333333333333333,0.3157894736842105,0.1416691283936908,0.25,0.2909585315045696
basico,Vetorial (TF-IDF),59,0.0,0.0,0.0,0.03275000652081667,0.05263157894736842,0.0
basico,BM25,59,0.2,0.5,0.28571428571428575,0.14079884056229724,0.2,0.23523146585785365
basico,Vetorial (TF-IDF),60,0.3,0.6,0.4,0.44851063829787224,1.0,0.5284107402264249
basico,BM25,60,0.3,0.6,0.4,0.331866766094954,0.5,0.39559082169106563
basico,Vetorial (TF-IDF),61,0.2,0.4,0.26666666666666666,0.29024024742136556,0.5,0.4050960946111744
basico,BM25,61,0.2,0.4,0.26666666666666666,0.2868610239168614,0.5,0.4050960946111744
basico,Vetorial (TF-IDF),62,0.1,0.2,0.13333333333333333,0.04267371737901374,0.125,0.06988705992583852
basico,BM25,62,0.0,0.0,0.0,0.03049751031201295,0.07692307692307693,0.0
basico,Vetorial (TF-IDF),63,0.0,0.0,0.0,0.0058092290850911546,0.00641025641025641,0.0
basico,BM25,63,0.0,0.0,0.0,0.004614808055790915,0.004366812227074236,0.0
basico,Vetorial (TF-IDF),64,0.0,0.0,0.0,0.11858974358974358,0.08333333333333333,0.0
basico,BM25,64,0.0,0.0,0.0,0.043859649122807015,0.06666666666666667,0.0
basico,Vetorial (TF-IDF),65,0.6,0.4,0.48,0.42050409824260115,1.0,0.6954088021853998
basico,BM25,65,0.5,0.3333333333333333,0.4,0.3018735034879162,1.0,0.5301124518387561
basico,Vetorial (TF-IDF),66,0.2,0.4,0.26666666666666666,0.17808870374908112,0.2,0.2309674791974855
basico,BM25,66,0.1,0.2,0.13333333333333333,0.09062860511136372,0.14285714285714285,0.13284008937902195
basico,Vetorial (TF-IDF),67,0.7,0.5,0.5833333333333334,0.6585477575687628,1.0,0.7531481686023556
basico,BM25,67,0.6,0.42857142857142855,0.5,0.5342844958110317,1.0,0.7230326964213867
basico,Vetorial (TF-IDF),68,0.1,0.2,0.13333333333333333,0.14114167158091306,0.5,0.2744398578414134
basico,BM25,68,0.1,0.2,0.13333333333333333,0.15096044114773402,0.5,0.2744398578414134
basico,Vetorial (TF-IDF),69,0.2,0.4,0.26666666666666666,0.16009803921568627,0.2,0.2508737408568842
basico,BM25,69,0.0,0.0,0.0,0.05832943697642704,0.047619047619047616,0.0
basico,Vetorial (TF-IDF),70,0.2,0.2,0.20000000000000004,0.1395717423314462,0.14285714285714285,0.15747962362424628
basico,BM25,70,0.1,0.1,0.10000000000000002,0.11441428519469991,0.16666666666666666,0.08646043235496696
basico,Vetorial (TF-IDF),71,0.0,0.0,0.0,0.04407249307350955,0.058823529411764705,0.0
basico,BM25,71,0.1,0.125,0.11111111111111112,0.05880398259530229,0.16666666666666666,0.11599061566586695
basico,Vetorial (TF-IDF),72,0.0,0.0,0.0,0.03895223676709929,0.09090909090909091,0.0
basico,BM25,72,0.1,0.058823529411764705,0.07407407407407408,0.032509386453139104,0.14285714285714285,0.09409149088393266
basico,Vetorial (TF-IDF),73,0.6,0.3,0.4,0.35767547517154635,1.0,0.5786756911245025
basico,BM25,73,0.5,0.25,0.3333333333333333,0.3426525368010489,1.0,0.5512287787910406
basico,Vetorial (TF-IDF),74,0.0,0.0,0.0,0.05406162999993273,0.09090909090909091,0.0
basico,BM25,74,0.1,0.16666666666666666,0.125,0.087746112323955,0.25,0.1828380322080556
basico,Vetorial (TF-IDF),75,0.1,0.2,0.13333333333333333,0.23277246611365393,1.0,0.2899845889212568
basico,BM25,75,0.1,0.2,0.13333333333333333,0.07297172331214885,0.25,0.12488956465093466
basico,Vetorial (TF-IDF),76,0.2,0.2857142857142857,0.23529411764705882,0.364108469968947,1.0,0.4784880952491483
basico,BM25,76,0.2,0.2857142857142857,0.23529411764705882,0.23677937415572964,0.5,0.324779646301465
basico,Vetorial (TF-IDF),77,0.4,0.6666666666666666,0.5,0.6608796296296297,1.0,0.5917168934384556
basico,BM25,77,0.4,0.6666666666666666,0.5,0.5101731601731602,1.0,0.48879608690302223
basico,Vetorial (TF-IDF),78,0.3,1.0,0.4615384615384615,0.8055555555555555,1.0,0.8156868628654561
basico,BM25,78,0.3,1.0,0.4615384615384615,0.8055555555555555,1.0,0.8288615669472547
basico,Vetorial (TF-IDF),79,0.1,0.2,0.13333333333333333,0.10068192426942262,0.3333333333333333,0.21836974929469322
basico,BM25,79,0.1,0.2,0.13333333333333333,0.06921366568585514,0.25,0.18809346402717644
basico,Vetorial (TF-IDF),80,0.0,0.0,0.0,0.05561481268931086,0.07692307692307693,0.0
basico,BM25,80,0.0,0.0,0.0,0.009120272010808199,0.00819672131147541,0.0
basico,Vetorial (TF-IDF),81,0.1,0.5,0.16666666666666669,0.16666666666666666,0.16666666666666666,0.07691915145836722
basico,BM25,81,0.2,1.0,0.33333333333333337,0.3333333333333333,0.3333333333333333,0.4156462850570397
basico,Vetorial (TF-IDF),82,0.3,0.6,0.4,0.4036347750109218,1.0,0.561804646945369
basico,BM25,82,0.3,0.6,0.4,0.4050356429997149,1.0,0.6432551748348289
basico,Vetorial (TF-IDF),83,0.1,0.25,0.14285714285714288,0.06067227219757999,0.16666666666666666,0.13905617951077562
basico,BM25,83,0.1,0.25,0.14285714285714288,0.07055179795495435,0.16666666666666666,0.13905617951077562
basico,Vetorial (TF-IDF),84,0.2,0.18181818181818182,0.1904761904761905,0.21892523909844439,0.5,0.22332838347605427
basico,BM25,84,0.4,0.36363636363636365,0.380952380952381,0.35042563031018825,1.0,0.3931298508793563
basico,Vetorial (TF-IDF),85,0.0,0.0,0.0,0.01234550065319296,0.015151515151515152,0.0
basico,BM25,85,0.1,0.25,0.14285714285714288,0.03745061222379771,0.1,0.07455752351942241
basico,Vetorial (TF-IDF),86,0.2,1.0,0.33333333333333337,0.5833333333333333,0.5,0.6934264036172708
basico,BM25,86,0.2,1.0,0.33333333333333337,0.5833333333333333,0.5,0.6934264036172708
basico,Vetorial (TF-IDF),87,0.0,0.0,0.0,0.009059553166490408,0.009523809523809525,0.0
basico,BM25,87,0.0,0.0,0.0,0.009683946337687757,0.005291005291005291,0.0
basico,Vetorial (TF-IDF),88,0.6,1.0,0.7499999999999999,0.8551587301587301,1.0,0.8679422479874072
basico,BM25,88,0.6,1.0,0.7499999999999999,0.6496031746031746,0.5,0.7060606632153005
basico,Vetorial (TF-IDF),89,0.3,0.5,0.37499999999999994,0.4176715186395851,1.0,0.7168636219054925
basico,BM25,89,0.3,0.5,0.37499999999999994,0.34920634920634913,0.5,0.43234433062542793
basico,Vetorial (TF-IDF),90,0.5,0.38461538461538464,0.4347826086956522,0.2657921107539974,0.3333333333333333,0.2671597783479072
basico,BM25,90,0.3,0.23076923076923078,0.2608695652173913,0.20919884533742678,0.5,0.16700575566418965
basico,Vetorial (TF-IDF),91,0.3,0.3333333333333333,0.3157894736842105,0.28981915571934613,0.5,0.349099294789217
basico,BM25,91,0.4,0.4444444444444444,0.4210526315789474,0.4528198862405097,1.0,0.5842051733086163
basico,Vetorial (TF-IDF),92,0.8,0.6153846153846154,0.6956521739130435,0.5011293631387553,0.5,0.5068375763311915
basico,BM25,92,0.7,0.5384615384615384,0.608695652173913,0.4852980505737776,0.5,0.4151233265747653
basico,Vetorial (TF-IDF),93,0.1,1.0,0.18181818181818182,0.5,0.5,0.6309297535714575
basico,BM25,93,0.1,1.0,0.18181818181818182,0.5,0.5,0.6309297535714575
basico,Vetorial (TF-IDF),94,0.5,0.4166666666666667,0.45454545454545453,0.5754648065980157,1.0,0.5351221023724684
basico,BM25,94,0.6,0.5,0.5454545454545454,0.5837375155826484,1.0,0.5382034636275083
basico,Vetorial (TF-IDF),95,0.2,1.0,0.33333333333333337,1.0,1.0,0.7609096232928763
basico,BM25,95,0.2,1.0,0.33333333333333337,0.5,0.5,0.5082426448058001
basico,Vetorial (TF-IDF),96,0.5,0.38461538461538464,0.4347826086956522,0.30348522848932463,0.5,0.31791004903403147
basico,BM25,96,0.5,0.38461538461538464,0.4347826086956522,0.4268957050850657,0.5,0.3920668287609566
basico,Vetorial (TF-IDF),97,0.2,0.2,0.20000000000000004,0.1420808783077464,1.0,0.28301022863480985
basico,BM25,97,0.2,0.2,0.20000000000000004,0.15078708732922985,1.0,0.2851942202917719
basico,Vetorial (TF-IDF),98,0.1,0.2,0.13333333333333333,0.03487375635352831,0.125,0.06375012285787413
basico,BM25,98,0.1,0.2,0.13333333333333333,0.030957733743458987,0.1111111111111111,0.060833077212963056
basico,Vetorial (TF-IDF),99,0.1,0.25,0.14285714285714288,0.1896063033076763,0.5,0.2802412438326486
basico,BM25,99,0.2,0.5,0.28571428571428575,0.09198583517292126,0.125,0.26851508424281634
basico,Vetorial (TF-IDF),100,0.2,0.2222222222222222,0.2105263157894737,0.2996159057303668,1.0,0.4419626147081341
basico,BM25,100,0.3,0.3333333333333333,0.3157894736842105,0.2790204648776783,1.0,0.4667017906657113
basico,Vetorial (TF-IDF),101,0.5,0.8333333333333334,0.625,0.736111111111111,1.0,0.7864732549205055
basico,BM25,101,0.5,0.8333333333333334,0.625,0.7142857142857143,1.0,0.8059058679590873
basico,Vetorial (TF-IDF),102,0.2,0.5,0.28571428571428575,0.4533378901799954,1.0,0.5461894817257589
basico,BM25,102,0.2,0.5,0.28571428571428575,0.37241185559769624,1.0,0.40964211129431916
basico,Vetorial (TF-IDF),103,0.0,0.0,0.0,0.03803986710963455,0.07142857142857142,0.0
basico,BM25,103,0.0,0.0,0.0,0.03451118963486455,0.06666666666666667,0.0
basico,Vetorial (TF-IDF),104,0.0,0.0,0.0,0.02350856426662783,0.043478260869565216,0.0
basico,BM25,104,0.1,0.2,0.13333333333333333,0.10962929404789871,0.2,0.13120507751234178
basico,Vetorial (TF-IDF),105,0.2,0.4,0.26666666666666666,0.4235137085137085,1.0,0.6331583852663827
basico,BM25,105,0.3,0.6,0.4,0.4299728997289972,1.0,0.7093982516549237
basico,Vetorial (TF-IDF),106,0.2,0.4,0.26666666666666666,0.1452861952861953,0.16666666666666666,0.22766867972237703
basico,BM25,106,0.3,0.6,0.4,0.25936507936507935,0.3333333333333333,0.4325949296474072
basico,Vetorial (TF-IDF),107,0.2,0.2857142857142857,0.23529411764705882,0.20941633537320145,0.5,0.30557159190628264
basico,BM25,107,0.3,0.42857142857142855,0.3529411764705882,0.30118918036051295,0.5,0.4043778094707839
basico,Vetorial (TF-IDF),108,0.6,0.8571428571428571,0.7058823529411764,0.7757326007326005,1.0,0.727358093888247
basico,BM25,108,0.7,1.0,0.8235294117647058,0.9214285714285715,1.0,0.8607523249941399
basico,Vetorial (TF-IDF),109,0.0,0.0,0.0,0.02566307298007502,0.058823529411764705,0.0
basico,BM25,109,0.0,0.0,0.0,0.026976078171472025,0.05,0.0
basico,Vetorial (TF-IDF),110,0.0,0.0,0.0,0.027850568235183622,0.05,0.0
basico,BM25,110,0.0,0.0,0.0,0.01733058318414743,0.012987012987012988,0.0
basico,Vetorial (TF-IDF),111,0.3,0.42857142857142855,0.3529411764705882,0.30640470640470646,0.5,0.3472231526775695
basico,BM25,111,0.2,0.2857142857142857,0.23529411764705882,0.23355675603574766,0.25,0.1738142942310714
basico,Vetorial (TF-IDF),112,0.1,0.5,0.16666666666666669,0.29545454545454547,0.5,0.23981246656813146
basico,BM25,112,0.1,0.5,0.16666666666666669,0.3269230769230769,0.5,0.23981246656813146
basico,Vetorial (TF-IDF),113,0.1,0.25,0.14285714285714288,0.10359399921755093,0.2,0.15101961822780524
basico,BM25,113,0.2,0.5,0.28571428571428575,0.33375850340136054,1.0,0.5135312443624667
basico,Vetorial (TF-IDF),114,0.1,0.25,0.14285714285714288,0.08481554493004874,0.16666666666666666,0.13781299199675512
basico,BM25,114,0.1,0.25,0.14285714285714288,0.06664480716012933,0.1111111111111111,0.11646548942495823
basico,Vetorial (TF-IDF),115,0.1,0.25,0.14285714285714288,0.03306763907377984,0.1,0.09142607380245248
basico,BM25,115,0.0,0.0,0.0,0.05121083796219912,0.09090909090909091,0.0
basico,Vetorial (TF-IDF),116,0.1,0.2,0.13333333333333333,0.08722629679432578,0.3333333333333333,0.13315463217345028
basico,BM25,116,0.1,0.2,0.13333333333333333,0.11513698393070096,0.5,0.1680224385281861
basico,Vetorial (TF-IDF),117,0.0,0.0,0.0,0.013825324180015256,0.014492753623188406,0.0
basico,BM25,117,0.0,0.0,0.0,0.031771799628942485,0.022727272727272728,0.0
basico,Vetorial (TF-IDF),118,0.1,0.3333333333333333,0.15384615384615383,0.15511148638083622,0.3333333333333333,0.2850703250369507
basico,BM25,118,0.2,0.6666666666666666,0.30769230769230765,0.6779026217228464,1.0,0.8099531166420328
basico,Vetorial (TF-IDF),119,0.1,1.0,0.18181818181818182,1.0,1.0,1.0
basico,BM25,119,0.1,1.0,0.18181818181818182,1.0,1.0,1.0
basico,Vetorial (TF-IDF),120,0.5,0.5555555555555556,0.5263157894736842,0.501819254637882,1.0,0.629753459314247
basico,BM25,120,0.5,0.5555555555555556,0.5263157894736842,0.4667560547797341,0.5,0.5561441354436175
basico,Vetorial (TF-IDF),121,0.5,0.7142857142857143,0.588235294117647,0.6231292517006802,1.0,0.6633189109245791
basico,BM25,121,0.4,0.5714285714285714,0.47058823529411764,0.5415174765558397,0.5,0.5129761732649817
basico,Vetorial (TF-IDF),122,0.3,0.3333333333333333,0.3157894736842105,0.20700102114036537,0.16666666666666666,0.15736262746392113
basico,BM25,122,0.2,0.2222222222222222,0.2105263157894737,0.19574853073893997,0.2,0.07115924429044508
basico,Vetorial (TF-IDF),123,0.1,0.5,0.16666666666666669,0.08496732026143791,0.1111111111111111,0.2119004592897435
basico,BM25,123,0.0,0.0,0.0,0.04015151515151515,0.030303030303030304,0.0
basico,Vetorial (TF-IDF),124,0.0,0.0,0.0,0.003629939841436171,0.005988023952095809,0.0
basico,BM25,124,0.0,0.0,0.0,0.00392579584297054,0.006578947368421052,0.0
basico,Vetorial (TF-IDF),125,0.2,0.11764705882352941,0.14814814814814817,0.21865389437393976,0.3333333333333333,0.17853879625900895
basico,BM25,125,0.4,0.23529411764705882,0.29629629629629634,0.23872579661470686,0.5,0.3394351295955353
basico,Vetorial (TF-IDF),126,0.2,0.25,0.22222222222222224,0.2257518131911346,1.0,0.4718040076989788
basico,BM25,126,0.2,0.25,0.22222222222222224,0.16092552816453143,0.5,0.35571812677402137
basico,Vetorial (TF-IDF),127,0.1,0.2,0.13333333333333333,0.15155280751022132,0.5,0.18804762895303986
basico,BM25,127,0.1,0.2,0.13333333333333333,0.12091511477476391,0.3333333333333333,0.14902422012004707
basico,Vetorial (TF-IDF),128,0.0,0.0,0.0,0.023762620044324057,0.03225806451612903,0.0
basico,BM25,128,0.0,0.0,0.0,0.021116138763197588,0.029411764705882353,0.0
basico,Vetorial (TF-IDF),129,0.4,0.5714285714285714,0.47058823529411764,0.3624296871332443,0.5,0.5279351592090041
basico,BM25,129,0.4,0.5714285714285714,0.47058823529411764,0.43060259216721797,0.5,0.5498798600548418
basico,Vetorial (TF-IDF),130,0.3,0.6,0.4,0.5571165722696874,1.0,0.6223112303582873
basico,BM25,130,0.4,0.8,0.5333333333333333,0.554675615212528,1.0,0.6947288644141039
basico,Vetorial (TF-IDF),131,0.2,0.25,0.22222222222222224,0.21505081652392866,0.14285714285714285,0.17371411448439267
basico,BM25,131,0.3,0.375,0.33333333333333326,0.24758216320716323,0.2,0.26654194845692103
basico,Vetorial (TF-IDF),132,0.7,0.4666666666666667,0.56,0.7036374914995603,1.0,0.6657235506953968
basico,BM25,132,0.7,0.4666666666666667,0.56,0.6090483918179019,0.3333333333333333,0.5134930806729241
basico,Vetorial (TF-IDF),133,0.1,0.14285714285714285,0.11764705882352941,0.20531893916987087,0.2,0.1658437712408864
basico,BM25,133,0.2,0.2857142857142857,0.23529411764705882,0.2551434608931292,0.14285714285714285,0.17096476461695242
basico,Vetorial (TF-IDF),134,0.1,0.5,0.16666666666666669,0.1111111111111111,0.1111111111111111,0.14126697285982898
basico,BM25,134,0.1,0.5,0.16666666666666669,0.1625,0.2,0.18154179253735267
basico,Vetorial (TF-IDF),135,0.3,0.375,0.33333333333333326,0.4501165952210844,1.0,0.2590118913373632
basico,BM25,135,0.5,0.625,0.5555555555555556,0.5635416666666667,1.0,0.3647806710545117
basico,Vetorial (TF-IDF),136,0.1,0.3333333333333333,0.15384615384615383,0.1311965811965812,0.25,0.33574933102415944
basico,BM25,136,0.2,0.6666666666666666,0.30769230769230765,0.25460992907801416,0.5,0.548201588346798
basico,Vetorial (TF-IDF),137,0.2,0.5,0.28571428571428575,0.2313034188034188,0.25,0.2389943314900812
basico,BM25,137,0.2,0.5,0.28571428571428575,0.19628378378378378,0.25,0.26702628688687163
basico,Vetorial (TF-IDF),138,0.0,0.0,0.0,0.036404639175257734,0.0625,0.0
basico,BM25,138,0.1,0.5,0.16666666666666669,0.1747311827956989,0.3333333333333333,0.3065735963827292
basico,Vetorial (TF-IDF),139,0.0,0.0,0.0,0.0046360873908685395,0.003289473684210526,0.0
basico,BM25,139,0.0,0.0,0.0,0.005208452530452433,0.0030581039755351682,0.0
basico,Vetorial (TF-IDF),140,0.1,0.16666666666666666,0.125,0.07179108794066881,0.25,0.1712634454645692
basico,BM25,140,0.1,0.16666666666666666,0.125,0.1112078807106305,0.5,0.2508964126725127
basico,Vetorial (TF-IDF),141,0.3,0.5,0.37499999999999994,0.16496884341711926,0.25,0.31025918446503
basico,BM25,141,0.2,0.3333333333333333,0.25,0.1919723303375687,0.3333333333333333,0.2925936720909553
basico,Vetorial (TF-IDF),142,0.0,0.0,0.0,0.0017543859649122807,0.0017543859649122807,0.0
basico,BM25,142,0.0,0.0,0.0,0.0013831258644536654,0.0013831258644536654,0.0
basico,Vetorial (TF-IDF),143,0.2,1.0,0.33333333333333337,0.26666666666666666,0.2,0.45560514958746035
basico,BM25,143,0.1,0.5,0.16666666666666669,0.5666666666666667,1.0,0.6131471927654584
basico,Vetorial (TF-IDF),144,0.5,0.8333333333333334,0.625,0.7794011544011544,1.0,0.8295399702425106
basico,BM25,144,0.5,0.8333333333333334,0.625,0.552579365079365,0.5,0.6410016324174117
basico,Vetorial (TF-IDF),145,0.4,0.5714285714285714,0.47058823529411764,0.5227055581958183,1.0,0.6441281434529017
basico,BM25,145,0.4,0.5714285714285714,0.47058823529411764,0.38940666545542124,0.5,0.5527451607265748
basico,Vetorial (TF-IDF),146,0.2,1.0,0.33333333333333337,0.8333333333333333,1.0,0.7601875334318685
basico,BM25,146,0.2,1.0,0.33333333333333337,0.5,0.5,0.5672074169568709
basico,Vetorial (TF-IDF),147,0.3,0.3,0.3,0.2538661430052064,0.5,0.32414845048212615
basico,BM25,147,0.3,0.3,0.3,0.2797542808193654,0.5,0.3501342980342043
basico,Vetorial (TF-IDF),148,0.3,0.5,0.37499999999999994,0.41052794681090826,1.0,0.5870452783885927
basico,BM25,148,0.2,0.3333333333333333,0.25,0.22061500457598462,0.5,0.3643848206993148
basico,Vetorial (TF-IDF),149,0.5,0.45454545454545453,0.47619047619047616,0.4198460320282354,1.0,0.5135081645717171
basico,BM25,149,0.5,0.45454545454545453,0.47619047619047616,0.4050919207684096,1.0,0.5239294981581574
basico,Vetorial (TF-IDF),150,0.2,1.0,0.33333333333333337,0.5833333333333333,0.5,0.6934264036172708
basico,BM25,150,0.2,1.0,0.33333333333333337,0.5833333333333333,0.5,0.6934264036172708
basico,Vetorial (TF-IDF),151,0.0,0.0,0.0,0.023683671302017942,0.05,0.0
basico,BM25,151,0.0,0.0,0.0,0.02445967491825941,0.029411764705882353,0.0
basico,Vetorial (TF-IDF),152,0.0,0.0,0.0,0.02442533208881673,0.04,0.0
basico,BM25,152,0.1,0.16666666666666666,0.125,0.032515741089599225,0.125,0.1528947449824173
basico,Vetorial (TF-IDF),153,0.3,0.42857142857142855,0.3529411764705882,0.26526461984838545,0.5,0.34164537407753237
basico,BM25,153,0.3,0.42857142857142855,0.3529411764705882,0.3171825959695142,0.5,0.3536573263781091
basico,Vetorial (TF-IDF),154,0.2,1.0,0.33333333333333337,0.8333333333333333,1.0,0.8212377705398237
basico,BM25,154,0.2,1.0,0.33333333333333337,0.625,1.0,0.6913401592471553
basico,Vetorial (TF-IDF),155,0.3,0.5,0.37499999999999994,0.4216987225924853,1.0,0.37488297872688925
basico,BM25,155,0.2,0.3333333333333333,0.25,0.24789507031594674,1.0,0.2576599064663041
basico,Vetorial (TF-IDF),156,0.7,0.5,0.5833333333333334,0.5589469675061116,1.0,0.6066245869295759
basico,BM25,156,0.7,0.5,0.5833333333333334,0.5340602781142408,1.0,0.5708765346812052
basico,Vetorial (TF-IDF),157,0.7,0.1794871794871795,0.2857142857142857,0.3539672407671932,0.5,0.529055510476532
basico,BM25,157,0.6,0.15384615384615385,0.2448979591836735,0.3022144476898899,0.5,0.4742743520782152
basico,Vetorial (TF-IDF),158,0.2,0.25,0.22222222222222224,0.24675335537885948,1.0,0.49909299697007126
basico,BM25,158,0.2,0.25,0.22222222222222224,0.30765193837253085,1.0,0.5347363368441794
basico,Vetorial (TF-IDF),159,0.1,0.125,0.11111111111111112,0.07762919454462537,0.3333333333333333,0.13777651912197292
basico,BM25,159,0.1,0.125,0.11111111111111112,0.0648591878315864,0.3333333333333333,0.13777651912197292
basico,Vetorial (TF-IDF),160,0.0,0.0,0.0,0.041102631401843996,0.08333333333333333,0.0
basico,BM25,160,0.1,0.2,0.13333333333333333,0.05869582524754939,0.16666666666666666,0.14025592292804667
basico,Vetorial (TF-IDF),161,0.3,0.5,0.37499999999999994,0.34059527679240215,1.0,0.6024601424873173
basico,BM25,161,0.3,0.5,0.37499999999999994,0.4231871589945802,1.0,0.69707636732882
basico,Vetorial (TF-IDF),162,0.2,0.25,0.22222222222222224,0.1898849449815336,0.5,0.22168757563005045
basico,BM25,162,0.3,0.375,0.33333333333333326,0.3076966122202057,1.0,0.35380102025693
basico,Vetorial (TF-IDF),163,0.2,0.6666666666666666,0.30769230769230765,0.39106280193236714,0.5,0.5307212739772434
basico,BM25,163,0.2,0.6666666666666666,0.30769230769230765,0.2861111111111111,0.3333333333333333,0.4367467095119258
basico,Vetorial (TF-IDF),164,0.2,0.25,0.22222222222222224,0.29351698496435336,0.5,0.31547134467286797
basico,BM25,164,0.4,0.5,0.4444444444444445,0.4407821687233452,1.0,0.5920507282432309
basico,Vetorial (TF-IDF),165,0.2,1.0,0.33333333333333337,0.29166666666666663,0.3333333333333333,0.5
basico,BM25,165,0.2,1.0,0.33333333333333337,0.5833333333333333,0.5,0.6934264036172708
basico,Vetorial (TF-IDF),166,0.0,0.0,0.0,0.025055607796076955,0.047619047619047616,0.0
basico,BM25,166,0.0,0.0,0.0,0.030328594429530675,0.08333333333333333,0.0
basico,Vetorial (TF-IDF),167,0.0,0.0,0.0,0.05309139784946236,0.041666666666666664,0.0
basico,BM25,167,0.2,1.0,0.33333333333333337,0.26785714285714285,0.25,0.45958726175840686
basico,Vetorial (TF-IDF),168,0.1,0.5,0.16666666666666669,0.12682149362477232,0.25,0.2640681225725909
basico,BM25,168,0.1,0.5,0.16666666666666669,0.07282521947326416,0.14285714285714285,0.20438239758848611
basico,Vetorial (TF-IDF),169,0.2,0.5,0.28571428571428575,0.21603942652329747,0.3333333333333333,0.36331756126716835
basico,BM25,169,0.2,0.5,0.28571428571428575,0.2945416391154213,0.5,0.44149241373678083
basico,Vetorial (TF-IDF),170,0.5,0.8333333333333334,0.625,0.4362573099415205,0.5,0.627114007585156
basico,BM25,170,0.4,0.6666666666666666,0.5,0.5866967999320941,1.0,0.7505609239815184
basico,Vetorial (TF-IDF),171,0.3,1.0,0.4615384615384615,0.6388888888888888,0.5,0.705380662620796
basico,BM25,171,0.3,1.0,0.4615384615384615,0.6388888888888888,0.5,0.6757709465491791
basico,Vetorial (TF-IDF),172,0.4,1.0,0.5714285714285715,0.6791666666666667,0.5,0.7179581484098557
basico,BM25,172,0.4,1.0,0.5714285714285715,0.8875,1.0,0.925248016143815
basico,Vetorial (TF-IDF),173,0.2,1.0,0.33333333333333337,0.5833333333333333,0.5,0.6934264036172708
basico,BM25,173,0.2,1.0,0.33333333333333337,1.0,1.0,1.0
basico,Vetorial (TF-IDF),174,0.1,0.2,0.13333333333333333,0.052933730713558266,0.14285714285714285,0.13068562306290035
basico,BM25,174,0.1,0.2,0.13333333333333333,0.04596584955181076,0.1,0.11332985079876677
basico,Vetorial (TF-IDF),175,0.0,0.0,0.0,0.01927235076550831,0.04,0.0
basico,BM25,175,0.1,0.2,0.13333333333333333,0.03447325241099367,0.1,0.10802328094530432
basico,Vetorial (TF-IDF),176,0.1,0.14285714285714285,0.11764705882352941,0.05667494708607719,0.125,0.10458082268679351
basico,BM25,176,0.1,0.14285714285714285,0.11764705882352941,0.06352965136054746,0.2,0.12824687569501922
basico,Vetorial (TF-IDF),177,0.4,0.8,0.5333333333333333,0.6347619047619047,1.0,0.6119818336510151
basico,BM25,177,0.3,0.6,0.4,0.5055555555555555,0.5,0.4793392712846513
basico,Vetorial (TF-IDF),178,0.3,0.75,0.4285714285714285,0.7159090909090909,1.0,0.8628684712554607
basico,BM25,178,0.3,0.75,0.4285714285714285,0.41025641025641024,0.3333333333333333,0.5075611832031611
basico,Vetorial (TF-IDF),179,0.2,0.5,0.28571428571428575,0.24004447933019363,0.5,0.3973220069685352
basico,BM25,179,0.2,0.5,0.28571428571428575,0.21918803418803418,0.3333333333333333,0.36331756126716835
basico,Vetorial (TF-IDF),180,0.3,0.42857142857142855,0.3529411764705882,0.3180755703636787,0.5,0.3497111616877197
basico,BM25,180,0.3,0.42857142857142855,0.3529411764705882,0.36235766045548656,0.5,0.33654056128817356
basico,Vetorial (TF-IDF),181,0.1,0.2,0.13333333333333333,0.13726565054353332,0.3333333333333333,0.12456638455037522
basico,BM25,181,0.2,0.4,0.26666666666666666,0.3119541874875873,1.0,0.3936993357518607
basico,Vetorial (TF-IDF),182,0.2,1.0,0.33333333333333337,0.375,0.5,0.5995311664203287
basico,BM25,182,0.2,1.0,0.33333333333333337,0.5833333333333333,0.5,0.66967181649423
basico,Vetorial (TF-IDF),183,0.5,0.38461538461538464,0.4347826086956522,0.3969532605248914,1.0,0.4072020671264948
basico,BM25,183,0.6,0.46153846153846156,0.5217391304347826,0.37412737853136774,1.0,0.6074458569948957
basico,Vetorial (TF-IDF),184,0.1,0.14285714285714285,0.11764705882352941,0.07903990746096011,0.2,0.11144214924987882
basico,BM25,184,0.3,0.42857142857142855,0.3529411764705882,0.1402840942274633,0.14285714285714285,0.2226560124228776
basico,Vetorial (TF-IDF),185,0.6,0.6666666666666666,0.631578947368421,0.5950126489342176,1.0,0.6630327065979459
basico,BM25,185,0.6,0.6666666666666666,0.631578947368421,0.7657305657305656,1.0,0.7865887650668608
basico,Vetorial (TF-IDF),186,0.5,0.3125,0.38461538461538464,0.2221510130672837,1.0,0.5328965452000554
basico,BM25,186,0.4,0.25,0.3076923076923077,0.17478546829894537,0.5,0.3757677525932109
basico,Vetorial (TF-IDF),187,0.2,0.3333333333333333,0.25,0.10221799260659176,0.2,0.17703770076321423
basico,BM25,187,0.1,0.16666666666666666,0.125,0.11744044114026315,0.5,0.20179660912043726
basico,Vetorial (TF-IDF),188,0.3,0.2727272727272727,0.28571428571428564,0.3320834261852254,1.0,0.4738472109211826
basico,BM25,188,0.4,0.36363636363636365,0.380952380952381,0.33761553138054795,1.0,0.5222596748794477
basico,Vetorial (TF-IDF),189,0.2,0.2222222222222222,0.2105263157894737,0.15541494221321284,0.25,0.1443368722948181
basico,BM25,189,0.2,0.2222222222222222,0.2105263157894737,0.17619297160792616,0.5,0.19688432331959307
basico,Vetorial (TF-IDF),190,0.3,0.6,0.4,0.5648484848484848,1.0,0.6285609218442353
basico,BM25,190,0.3,0.6,0.4,0.48300709688067334,1.0,0.5880638802932915
basico,Vetorial (TF-IDF),191,0.6,0.46153846153846156,0.5217391304347826,0.5338200391330625,1.0,0.4435690319423
basico,BM25,191,0.3,0.23076923076923078,0.2608695652173913,0.3599604912596747,0.3333333333333333,0.17856590445309667
basico,Vetorial (TF-IDF),192,0.2,0.5,0.28571428571428575,0.2592440119760479,0.5,0.3973220069685352
basico,BM25,192,0.3,0.75,0.4285714285714285,0.31137284701114487,0.5,0.5148381117249624
basico,Vetorial (TF-IDF),193,0.8,0.8888888888888888,0.8421052631578948,0.6875050563888485,0.5,0.7027691715868558
basico,BM25,193,0.6,0.6666666666666666,0.631578947368421,0.6863414363414363,1.0,0.626616285147016
basico,Vetorial (TF-IDF),194,0.3,0.5,0.37499999999999994,0.27285788923719956,0.25,0.2628358473019459
basico,BM25,194,0.4,0.6666666666666666,0.5,0.3781676413255361,0.5,0.43732688552046867
basico,Vetorial (TF-IDF),195,0.1,0.3333333333333333,0.15384615384615383,0.08308430178933776,0.2,0.18154179253735267
basico,BM25,195,0.1,0.3333333333333333,0.15384615384615383,0.0803831417624521,0.16666666666666666,0.16716045496620227
basico,Vetorial (TF-IDF),196,0.2,0.16666666666666666,0.1818181818181818,0.11799307836812085,0.5,0.22947460887813947
basico,BM25,196,0.2,0.16666666666666666,0.1818181818181818,0.10812902307837569,0.5,0.2164585431038109
basico,Vetorial (TF-IDF),197,0.3,1.0,0.4615384615384615,0.8095238095238094,1.0,0.8665103888067762
basico,BM25,197,0.2,0.6666666666666666,0.30769230769230765,0.46031746031746024,0.5,0.5497655832101642
basico,Vetorial (TF-IDF),198,0.2,0.5,0.28571428571428575,0.2648561301084237,0.5,0.39138794685472705
basico,BM25,198,0.2,0.5,0.28571428571428575,0.39842400690846286,1.0,0.5117647519653995
basico,Vetorial (TF-IDF),199,0.2,0.25,0.22222222222222224,0.1350667727242205,0.5,0.21950484439309076
basico,BM25,199,0.0,0.0,0.0,0.06421360849552339,0.07692307692307693,0.0
basico,Vetorial (TF-IDF),200,0.1,0.3333333333333333,0.15384615384615383,0.21798941798941798,0.5,0.2960819109658653
basico,BM25,200,0.2,0.6666666666666666,0.30769230769230765,0.267718715393134,0.5,0.45250815297345076
basico,Vetorial (TF-IDF),201,0.3,0.1875,0.23076923076923075,0.2453267898854478,1.0,0.3757933122448228
basico,BM25,201,0.4,0.25,0.3076923076923077,0.3273303861846411,1.0,0.521062768150987
basico,Vetorial (TF-IDF),202,0.2,0.14285714285714285,0.16666666666666666,0.11346698891476666,0.5,0.12078343628951019
basico,BM25,202,0.3,0.21428571428571427,0.25,0.15045219749949842,0.5,0.13329030231848354
basico,Vetorial (TF-IDF),203,0.3,0.21428571428571427,0.25,0.18802453033418853,1.0,0.4312160790571839
basico,BM25,203,0.4,0.2857142857142857,0.3333333333333333,0.23026648736174238,0.5,0.4763050964393153
basico,Vetorial (TF-IDF),204,0.1,0.07142857142857142,0.08333333333333333,0.052488395659828095,0.1,0.09926568322795845
basico,BM25,204,0.1,0.07142857142857142,0.08333333333333333,0.04204182632657568,0.1111111111111111,0.10337455640082945
basico,Vetorial (TF-IDF),205,0.0,0.0,0.0,0.015182648401826484,0.0136986301369863,0.0
basico,BM25,205,0.0,0.0,0.0,0.034174311926605506,0.05,0.0
basico,Vetorial (TF-IDF),206,0.2,0.6666666666666666,0.30769230769230765,0.10485445168989473,0.1111111111111111,0.30041536997557566
basico,BM25,206,0.2,0.6666666666666666,0.30769230769230765,0.39109153206069497,0.5,0.5757526886856752
basico,Vetorial (TF-IDF),207,0.1,0.2,0.13333333333333333,0.2972214840946229,1.0,0.2800730078147042
basico,BM25,207,0.1,0.2,0.13333333333333333,0.09929851708575113,0.16666666666666666,0.0997640182985589
basico,Vetorial (TF-IDF),208,0.4,0.6666666666666666,0.5,0.4768849206349206,0.5,0.630952994717693
basico,BM25,208,0.5,0.8333333333333334,0.625,0.5667989417989417,0.5,0.6888083378972436
basico,Vetorial (TF-IDF),209,0.2,0.16666666666666666,0.1818181818181818,0.18640888533757882,0.5,0.1795527674421955
basico,BM25,209,0.3,0.25,0.2727272727272727,0.1728486515354536,0.5,0.23596246013856567
basico,Vetorial (TF-IDF),210,0.2,0.3333333333333333,0.25,0.3417035302281204,1.0,0.48255059646431975
basico,BM25,210,0.3,0.5,0.37499999999999994,0.36556652710626764,1.0,0.5622582560966349
basico,Vetorial (TF-IDF),211,0.2,0.18181818181818182,0.1904761904761905,0.19686492102294323,0.5,0.14223432932997349
basico,BM25,211,0.3,0.2727272727272727,0.28571428571428564,0.20669191919191918,0.5,0.21324292040461829
basico,Vetorial (TF-IDF),212,0.5,0.35714285714285715,0.41666666666666663,0.44597717125927616,1.0,0.5406703876613078
basico,BM25,212,0.5,0.35714285714285715,0.41666666666666663,0.4950417321663347,1.0,0.5368337146122864
basico,Vetorial (TF-IDF),213,0.5,0.45454545454545453,0.47619047619047616,0.41604492443950675,1.0,0.6305009236050403
basico,BM25,213,0.6,0.5454545454545454,0.5714285714285713,0.607536038003793,1.0,0.7182244419160831
basico,Vetorial (TF-IDF),214,0.1,0.25,0.14285714285714288,0.15535471083223892,0.5,0.24630238874073
basico,BM25,214,0.1,0.25,0.14285714285714288,0.15739489712913912,0.5,0.24630238874073
basico,Vetorial (TF-IDF),215,0.0,0.0,0.0,0.02973898160034232,0.024390243902439025,0.0
basico,BM25,215,0.0,0.0,0.0,0.03115942028985507,0.03333333333333333,0.0
basico,Vetorial (TF-IDF),216,0.0,0.0,0.0,0.0021598272138228943,0.0021598272138228943,0.0
basico,BM25,216,0.0,0.0,0.0,0.002136752136752137,0.002136752136752137,0.0
basico,Vetorial (TF-IDF),217,0.4,0.26666666666666666,0.32,0.22275914125440935,0.3333333333333333,0.3520200007378573
basico,BM25,217,0.3,0.2,0.24,0.2365910597080612,1.0,0.44022306125333377
basico,Vetorial (TF-IDF),218,0.4,0.26666666666666666,0.32,0.25243185837194776,1.0,0.4093156427986138
basico,BM25,218,0.2,0.13333333333333333,0.16,0.20118049436325042,0.3333333333333333,0.2143499732228365
basico,Vetorial (TF-IDF),219,0.1,0.05555555555555555,0.07142857142857142,0.061459049872015906,0.1,0.043170470060993345
basico,BM25,219,0.0,0.0,0.0,0.03637501378120501,0.029411764705882353,0.0
basico,Vetorial (TF-IDF),220,0.3,0.15789473684210525,0.20689655172413793,0.2106376751206264,0.5,0.2160261726955576
basico,BM25,220,0.3,0.15789473684210525,0.20689655172413793,0.25361099770634,1.0,0.26720531421765314
basico,Vetorial (TF-IDF),221,0.2,0.1111111111111111,0.14285714285714285,0.19599670036009678,1.0,0.2345265105644159
basico,BM25,221,0.3,0.16666666666666666,0.21428571428571427,0.23597423923697924,1.0,0.31130930585549704
basico,Vetorial (TF-IDF),222,0.4,0.4444444444444444,0.4210526315789474,0.3265890806527094,0.5,0.44491432379874424
basico,BM25,222,0.4,0.4444444444444444,0.4210526315789474,0.42281359604079544,1.0,0.5046622423262657
basico,Vetorial (TF-IDF),223,0.1,0.25,0.14285714285714288,0.3280651340996169,1.0,0.3903800499921017
basico,BM25,223,0.3,0.75,0.4285714285714285,0.5294117647058824,1.0,0.6975637657739948
basico,Vetorial (TF-IDF),224,0.1,0.125,0.11111111111111112,0.18408288877889606,0.2,0.10191783806499992
basico,BM25,224,0.2,0.25,0.22222222222222224,0.20494570083385868,0.125,0.12086270175664889
basico,Vetorial (TF-IDF),225,0.3,0.125,0.17647058823529413,0.1010702800020224,0.5,0.20162682674331223
basico,BM25,225,0.3,0.125,0.17647058823529413,0.08675711653747803,0.5,0.18456084722041993
stopwords,Vetorial (TF-IDF),1,0.5,0.17857142857142858,0.2631578947368421,0.28254123450626445,1.0,0.4634324933520327
stopwords,BM25,1,0.5,0.17857142857142858,0.2631578947368421,0.23972788876594345,1.0,0.4797868291178581
stopwords,Vetorial (TF-IDF),2,0.4,0.16666666666666666,0.23529411764705882,0.19580962494941168,1.0,0.5869866805081211
stopwords,BM25,2,0.4,0.16666666666666666,0.23529411764705882,0.18242326462911898,1.0,0.5376413778103593
stopwords,Vetorial (TF-IDF),3,0.6,0.75,0.6666666666666665,0.695220588235294,1.0,0.7825367142417475
stopwords,BM25,3,0.5,0.625,0.5555555555555556,0.6983317886932344,1.0,0.7210564623380478
stopwords,Vetorial (TF-IDF),4,0.2,1.0,0.33333333333333337,0.75,1.0,0.8772153153380493
stopwords,BM25,4,0.2,1.0,0.33333333333333337,0.6111111111111112,1.0,0.7977228895450266
stopwords,Vetorial (TF-IDF),5,0.2,0.5,0.28571428571428575,0.10927698032961192,0.1111111111111111,0.28149779169588324
stopwords,BM25,5,0.1,0.25,0.14285714285714288,0.18855300105300105,0.25,0.20544918463387046
stopwords,Vetorial (TF-IDF),6,0.1,0.25,0.14285714285714288,0.07726576067320132,0.2,0.12635615681975276
stopwords,BM25,6,0.1,0.25,0.14285714285714288,0.1583513396715644,0.5,0.20607801570427584
stopwords,Vetorial (TF-IDF),7,0.2,0.4,0.26666666666666666,0.1405824512208011,0.2,0.22828034595736055
stopwords,BM25,7,0.2,0.4,0.26666666666666666,0.19967785358757656,0.3333333333333333,0.28591926394768896
stopwords,Vetorial (TF-IDF),8,0.1,0.09090909090909091,0.09523809523809525,0.17264515070415312,0.5,0.16842717545221192
stopwords,BM25,8,0.1,0.09090909090909091,0.09523809523809525,0.16398655462287406,1.0,0.2669507571941387
stopwords,Vetorial (TF-IDF),9,0.3,1.0,0.4615384615384615,1.0,1.0,1.0
stopwords,BM25,9,0.3,1.0,0.4615384615384615,0.8055555555555555,1.0,0.9060254355346824
stopwords,Vetorial (TF-IDF),10,0.2,0.25,0.22222222222222224,0.1325844390928374,0.5,0.23152514490897766
stopwords,BM25,10,0.2,0.25,0.22222222222222224,0.1265171646997889,0.5,0.22698485506637847
stopwords,Vetorial (TF-IDF),11,0.3,0.42857142857142855,0.3529411764705882,0.26933317093415615,0.5,0.32833782303453596
stopwords,BM25,11,0.2,0.2857142857142857,0.23529411764705882,0.18586352269596595,0.5,0.2035386631220293
stopwords,Vetorial (TF-IDF),12,0.2,0.4,0.26666666666666666,0.17312871037008964,0.16666666666666666,0.2562816758908691
stopwords,BM25,12,0.2,0.4,0.26666666666666666,0.3110974529346622,0.5,0.2964428357775808
stopwords,Vetorial (TF-IDF),13,0.0,0.0,0.0,0.0,0.0,0.0
stopwords,BM25,13,0.0,0.0,0.0,0.0,0.0,0.0
stopwords,Vetorial (TF-IDF),14,0.2,1.0,0.33333333333333337,0.6666666666666666,1.0,0.9406765852469334
stopwords,BM25,14,0.2,1.0,0.33333333333333337,0.75,1.0,0.9567574534371579
stopwords,Vetorial (TF-IDF),15,0.2,1.0,0.33333333333333337,0.8333333333333333,1.0,0.7601875334318685
stopwords,BM25,15,0.2,1.0,0.33333333333333337,1.0,1.0,0.8597186998521972
stopwords,Vetorial (TF-IDF),16,0.1,0.3333333333333333,0.15384615384615383,0.35317693059628547,1.0,0.38009376671593426
stopwords,BM25,16,0.1,0.3333333333333333,0.15384615384615383,0.19075963718820863,0.5,0.23981246656813146
stopwords,Vetorial (TF-IDF),17,0.1,0.5,0.16666666666666669,0.508,1.0,0.7039180890341347
stopwords,BM25,17,0.1,0.5,0.16666666666666669,0.17551622418879054,0.3333333333333333,0.35195904451706733
stopwords,Vetorial (TF-IDF),18,0.1,0.3333333333333333,0.15384615384615383,0.09562508198871834,0.2,0.1815417925373527
stopwords,BM25,18,0.1,0.3333333333333333,0.15384615384615383,0.1635808108492194,0.3333333333333333,0.23463936301137825
stopwords,Vetorial (TF-IDF),19,0.1,0.1111111111111111,0.10526315789473685,0.041990351924511844,0.25,0.12890103087620167
stopwords,BM25,19,0.0,0.0,0.0,0.022272702473122477,0.08333333333333333,0.0
stopwords,Vetorial (TF-IDF),20,0.5,0.5555555555555556,0.5263157894736842,0.5242496588594434,0.5,0.5195457452462616
stopwords,BM25,20,0.4,0.4444444444444444,0.4210526315789474,0.48076846900376313,0.5,0.44047294989556407
stopwords,Vetorial (TF-IDF),21,0.3,0.75,0.4285714285714285,0.3210810023310023,0.5,0.5610118961998772
stopwords,BM25,21,0.2,0.5,0.28571428571428575,0.15697853185944644,0.3333333333333333,0.3517130980355
stopwords,Vetorial (TF-IDF),22,0.0,0.0,0.0,0.0,0.0,0.0
stopwords,BM25,22,0.0,0.0,0.0,0.0,0.0,0.0
stopwords,Vetorial (TF-IDF),23,0.5,0.15625,0.23809523809523808,0.21446396938386333,0.5,0.42775067751904977
stopwords,BM25,23,0.2,0.0625,0.09523809523809523,0.15069883177417165,0.5,0.23088779818545663
stopwords,Vetorial (TF-IDF),24,0.1,0.3333333333333333,0.15384615384615383,0.2259259259259259,0.5,0.3212043018970804
stopwords,BM25,24,0.2,0.6666666666666666,0.30769230769230765,0.2652380952380952,0.5,0.4909032264228103
stopwords,Vetorial (TF-IDF),25,0.4,0.4444444444444444,0.4210526315789474,0.3822074115950738,1.0,0.4367222051756452
stopwords,BM25,25,0.5,0.5555555555555556,0.5263157894736842,0.5360813379529957,1.0,0.569423957593173
stopwords,Vetorial (TF-IDF),26,0.3,0.5,0.37499999999999994,0.2517483086130627,0.5,0.4202397336306228
stopwords,BM25,26,0.2,0.3333333333333333,0.25,0.33231922398589064,1.0,0.5197087111325498
stopwords,Vetorial (TF-IDF),27,0.0,0.0,0.0,0.07867383512544802,0.08333333333333333,0.0
stopwords,BM25,27,0.1,0.3333333333333333,0.15384615384615383,0.11354901623357998,0.16666666666666666,0.13539213147917573
stopwords,Vetorial (TF-IDF),28,0.0,0.0,0.0,0.0013404825737265416,0.002680965147453083,0.0
stopwords,BM25,28,0.0,0.0,0.0,0.0011682242990654205,0.002336448598130841,0.0
stopwords,Vetorial (TF-IDF),29,0.5,0.5555555555555556,0.5263157894736842,0.43771862468410017,1.0,0.4991051353849547
stopwords,BM25,29,0.4,0.4444444444444444,0.4210526315789474,0.3795457817718091,1.0,0.3837739163887881
stopwords,Vetorial (TF-IDF),30,0.0,0.0,0.0,0.05444974235296816,0.09090909090909091,0.0
stopwords,BM25,30,0.1,0.14285714285714285,0.11764705882352941,0.07623853927576131,0.1111111111111111,0.0663529664873985
stopwords,Vetorial (TF-IDF),31,0.0,0.0,0.0,0.0009363295880149813,0.0009363295880149813,0.0
stopwords,BM25,31,0.0,0.0,0.0,0.0009871668311944718,0.0009871668311944718,0.0
stopwords,Vetorial (TF-IDF),32,0.0,0.0,0.0,0.023174316885638327,0.025,0.0
stopwords,BM25,32,0.1,0.16666666666666666,0.125,0.055894220165297444,0.16666666666666666,0.05187781012267106
stopwords,Vetorial (TF-IDF),33,0.3,1.0,0.4615384615384615,0.6388888888888888,0.5,0.6973180732318199
stopwords,BM25,33,0.3,1.0,0.4615384615384615,0.6388888888888888,0.5,0.6973180732318199
stopwords,Vetorial (TF-IDF),34,0.4,0.6666666666666666,0.5,0.35533769063180826,0.3333333333333333,0.44145051951446734
stopwords,BM25,34,0.3,0.5,0.37499999999999994,0.3270812968393613,0.3333333333333333,0.3627705844406088
stopwords,Vetorial (TF-IDF),35,0.0,0.0,0.0,0.025245441795231416,0.043478260869565216,0.0
stopwords,BM25,35,0.0,0.0,0.0,0.0319069069069069,0.041666666666666664,0.0
stopwords,Vetorial (TF-IDF),36,0.0,0.0,0.0,0.037569573283858994,0.07142857142857142,0.0
stopwords,BM25,36,0.1,0.5,0.16666666666666669,0.1018796992481203,0.2,0.18154179253735267
stopwords,Vetorial (TF-IDF),37,0.4,0.4444444444444444,0.4210526315789474,0.2287477297040138,0.2,0.3323121123530786
stopwords,BM25,37,0.2,0.2222222222222222,0.2105263157894737,0.20685974194746123,0.3333333333333333,0.15799534755091937
stopwords,Vetorial (TF-IDF),38,0.1,0.1,0.10000000000000002,0.04145386273073122,0.2,0.06375806481812893
stopwords,BM25,38,0.1,0.1,0.10000000000000002,0.04459474110518129,0.1,0.047641411897117715
stopwords,Vetorial (TF-IDF),39,0.2,0.15384615384615385,0.17391304347826086,0.18041029725538846,1.0,0.32257691889100853
stopwords,BM25,39,0.3,0.23076923076923078,0.2608695652173913,0.17047566230607994,1.0,0.28903993636009434
stopwords,Vetorial (TF-IDF),40,0.1,0.08333333333333333,0.0909090909090909,0.04261981681369731,0.25,0.0676892029442097
stopwords,BM25,40,0.0,0.0,0.0,0.03528036996391052,0.08333333333333333,0.0
stopwords,Vetorial (TF-IDF),41,0.3,1.0,0.4615384615384615,0.8333333333333334,1.0,0.9119982885888461
stopwords,BM25,41,0.3,1.0,0.4615384615384615,0.9166666666666666,1.0,0.9491229041606436
stopwords,Vetorial (TF-IDF),42,0.3,0.6,0.4,0.21111632759520083,0.25,0.40979546342322903
stopwords,BM25,42,0.2,0.4,0.26666666666666666,0.1659415468694309,0.2,0.2877041430548022
stopwords,Vetorial (TF-IDF),43,0.5,0.8333333333333334,0.625,0.6793478260869565,1.0,0.8333849112201337
stopwords,BM25,43,0.4,0.6666666666666666,0.5,0.5360362712336396,1.0,0.778121869824303
stopwords,Vetorial (TF-IDF),44,0.0,0.0,0.0,0.0,0.0,0.0
stopwords,BM25,44,0.0,0.0,0.0,0.0,0.0,0.0
stopwords,Vetorial (TF-IDF),45,0.2,0.16666666666666666,0.1818181818181818,0.18600217717003356,1.0,0.35208887506004277
stopwords,BM25,45,0.3,0.25,0.2727272727272727,0.19307117107576233,1.0,0.39001406565411123
stopwords,Vetorial (TF-IDF),46,0.5,0.3333333333333333,0.4,0.29099310921636107,0.5,0.4189201073615318
stopwords,BM25,46,0.5,0.3333333333333333,0.4,0.3452913356007152,1.0,0.5194123678089752
stopwords,Vetorial (TF-IDF),47,0.4,0.2857142857142857,0.3333333333333333,0.313010619154204,0.3333333333333333,0.2967408781034978
stopwords,BM25,47,0.6,0.42857142857142855,0.5,0.36223897179745645,0.3333333333333333,0.4445376547991229
stopwords,Vetorial (TF-IDF),48,0.2,0.18181818181818182,0.1904761904761905,0.16345676952311827,0.5,0.2556285969783467
stopwords,BM25,48,0.3,0.2727272727272727,0.28571428571428564,0.17677851245258425,0.5,0.35769312644664736
stopwords,Vetorial (TF-IDF),49,0.1,0.5,0.16666666666666669,0.20238095238095238,0.3333333333333333,0.38009376671593426
stopwords,BM25,49,0.1,0.5,0.16666666666666669,0.2222222222222222,0.3333333333333333,0.38009376671593426
stopwords,Vetorial (TF-IDF),50,0.1,0.16666666666666666,0.125,0.05169482001780138,0.2,0.17673857603407106
stopwords,BM25,50,0.1,0.16666666666666666,0.125,0.038669782969763956,0.125,0.1441241011289089
stopwords,Vetorial (TF-IDF),51,0.5,0.5,0.5,0.5001027753425504,1.0,0.5305575525503357
stopwords,BM25,51,0.5,0.5,0.5,0.5058061938304668,1.0,0.47456502470728
stopwords,Vetorial (TF-IDF),52,0.4,1.0,0.5714285714285715,0.6458333333333333,0.5,0.7169505219242007
stopwords,BM25,52,0.3,0.75,0.4285714285714285,0.43749999999999994,0.5,0.5413406257869385
stopwords,Vetorial (TF-IDF),53,0.2,0.2,0.20000000000000004,0.2430188536953243,1.0,0.21964686745336068
stopwords,BM25,53,0.2,0.2,0.20000000000000004,0.2895987435604543,1.0,0.21594229312581256
stopwords,Vetorial (TF-IDF),54,0.1,0.1111111111111111,0.10526315789473685,0.08712502765889844,0.3333333333333333,0.16868158409931971
stopwords,BM25,54,0.1,0.1111111111111111,0.10526315789473685,0.13334384588558512,0.5,0.21285246057565374
stopwords,Vetorial (TF-IDF),55,0.2,0.2,0.20000000000000004,0.22516826128167353,1.0,0.30626332162699477
stopwords,BM25,55,0.2,0.2,0.20000000000000004,0.24862540218525622,1.0,0.303492126671838
stopwords,Vetorial (TF-IDF),56,0.2,0.2,0.20000000000000004,0.1527013491761246,0.2,0.13848093704920755
stopwords,BM25,56,0.2,0.2,0.20000000000000004,0.17266653652618563,0.3333333333333333,0.16596617693460192
stopwords,Vetorial (TF-IDF),57,0.1,0.07142857142857142,0.08333333333333333,0.11129525332066784,0.3333333333333333,0.18506716146503144
stopwords,BM25,57,0.1,0.07142857142857142,0.08333333333333333,0.08428772728095062,0.3333333333333333,0.18506716146503144
stopwords,Vetorial (TF-IDF),58,0.2,0.2222222222222222,0.2105263157894737,0.11022416652710554,0.14285714285714285,0.20637672587225053
stopwords,BM25,58,0.2,0.2222222222222222,0.2105263157894737,0.1414176286933204,0.2,0.23570923884118095
stopwords,Vetorial (TF-IDF),59,0.0,0.0,0.0,0.04070299855183576,0.08333333333333333,0.0
stopwords,BM25,59,0.2,0.5,0.28571428571428575,0.2325268817204301,0.5,0.32242451843821146
stopwords,Vetorial (TF-IDF),60,0.3,0.6,0.4,0.4573173970783532,1.0,0.5284107402264249
stopwords,BM25,60,0.3,0.6,0.4,0.3119364867865867,0.3333333333333333,0.3525174943160808
stopwords,Vetorial (TF-IDF),61,0.2,0.4,0.26666666666666666,0.27518258837277243,0.5,0.4050960946111744
stopwords,BM25,61,0.2,0.4,0.26666666666666666,0.29091668127812703,0.5,0.4050960946111744
stopwords,Vetorial (TF-IDF),62,0.1,0.2,0.13333333333333333,0.06472027972027973,0.16666666666666666,0.07891297847506967
stopwords,BM25,62,0.1,0.2,0.13333333333333333,0.0432162180995015,0.125,0.06988705992583852
stopwords,Vetorial (TF-IDF),63,0.0,0.0,0.0,0.007233666573314539,0.00909090909090909,0.0
stopwords,BM25,63,0.0,0.0,0.0,0.007296052766112496,0.007407407407407408,0.0
stopwords,Vetorial (TF-IDF),64,0.2,1.0,0.33333333333333337,0.325,0.25,0.48185006752033854
stopwords,BM25,64,0.1,0.5,0.16666666666666669,0.5476190476190477,1.0,0.6787956981029196
stopwords,Vetorial (TF-IDF),65,0.6,0.4,0.48,0.4403897977551322,1.0,0.684530242318898
stopwords,BM25,65,0.6,0.4,0.48,0.3251172382696584,1.0,0.6043280239180784
stopwords,Vetorial (TF-IDF),66,0.1,0.2,0.13333333333333333,0.18026839826839827,0.14285714285714285,0.13284008937902195
stopwords,BM25,66,0.1,0.2,0.13333333333333333,0.16012368583797157,0.5,0.25143829456895006
stopwords,Vetorial (TF-IDF),67,0.8,0.5714285714285714,0.6666666666666666,0.676376160921281,1.0,0.8344749911069627
stopwords,BM25,67,0.6,0.42857142857142855,0.5,0.556058165396863,1.0,0.6667691030526519
stopwords,Vetorial (TF-IDF),68,0.1,0.2,0.13333333333333333,0.12812008978675646,0.5,0.2744398578414134
stopwords,BM25,68,0.2,0.4,0.26666666666666666,0.15523232323232322,0.5,0.3617339173870007
stopwords,Vetorial (TF-IDF),69,0.1,0.2,0.13333333333333333,0.15533819707698543,0.25,0.180931318522349
stopwords,BM25,69,0.0,0.0,0.0,0.06261951320990222,0.045454545454545456,0.0
stopwords,Vetorial (TF-IDF),70,0.2,0.2,0.20000000000000004,0.14000380233206572,0.14285714285714285,0.15747962362424628
stopwords,BM25,70,0.1,0.1,0.10000000000000002,0.11659181741533838,0.16666666666666666,0.08646043235496696
stopwords,Vetorial (TF-IDF),71,0.0,0.0,0.0,0.04478157484025893,0.0625,0.0
stopwords,BM25,71,0.1,0.125,0.11111111111111112,0.04771453351979396,0.1111111111111111,0.09802344195927111
stopwords,Vetorial (TF-IDF),72,0.1,0.058823529411764705,0.07407407407407408,0.05124041878532527,0.125,0.02968256057828534
stopwords,BM25,72,0.1,0.058823529411764705,0.07407407407407408,0.09206449822785752,1.0,0.282274472651798
stopwords,Vetorial (TF-IDF),73,0.4,0.2,0.26666666666666666,0.30575064175978756,1.0,0.41616665988122836
stopwords,BM25,73,0.6,0.3,0.4,0.35047784900835605,1.0,0.6036508364865696
stopwords,Vetorial (TF-IDF),74,0.0,0.0,0.0,0.0491669081827611,0.06666666666666667,0.0
stopwords,BM25,74,0.1,0.16666666666666666,0.125,0.07853519064210888,0.16666666666666666,0.15122304645635884
stopwords,Vetorial (TF-IDF),75,0.1,0.2,0.13333333333333333,0.23430708023019026,1.0,0.2899845889212568
stopwords,BM25,75,0.1,0.2,0.13333333333333333,0.12450719084901996,0.5,0.18295990522760897
stopwords,Vetorial (TF-IDF),76,0.3,0.42857142857142855,0.3529411764705882,0.40453220797599393,1.0,0.5653536817684622
stopwords,BM25,76,0.2,0.2857142857142857,0.23529411764705882,0.21371160986399976,0.5,0.324779646301465
stopwords,Vetorial (TF-IDF),77,0.3,0.5,0.37499999999999994,0.6219414643327686,1.0,0.5175863789964986
stopwords,BM25,77,0.3,0.5,0.37499999999999994,0.5263546798029557,1.0,0.4850493497613921
stopwords,Vetorial (TF-IDF),78,0.3,1.0,0.4615384615384615,0.8055555555555555,1.0,0.8156868628654561
stopwords,BM25,78,0.3,1.0,0.4615384615384615,0.8055555555555555,1.0,0.8288615669472547
stopwords,Vetorial (TF-IDF),79,0.1,0.2,0.13333333333333333,0.06421535916125193,0.125,0.13777597210996176
stopwords,BM25,79,0.2,0.4,0.26666666666666666,0.08295413130224236,0.14285714285714285,0.20870284651608
stopwords,Vetorial (TF-IDF),80,0.0,0.0,0.0,0.05464166489097237,0.07692307692307693,0.0
stopwords,BM25,80,0.0,0.0,0.0,0.012341655035317006,0.013888888888888888,0.0
stopwords,Vetorial (TF-IDF),81,0.2,1.0,0.33333333333333337,0.18333333333333335,0.16666666666666666,0.32660104403724366
stopwords,BM25,81,0.2,1.0,0.33333333333333337,0.3666666666666667,0.3333333333333333,0.44211666725438137
stopwords,Vetorial (TF-IDF),82,0.3,0.6,0.4,0.4567715458276334,1.0,0.6068960965452157
stopwords,BM25,82,0.3,0.6,0.4,0.2562805358550039,0.25,0.41636824410152035
stopwords,Vetorial (TF-IDF),83,0.1,0.25,0.14285714285714288,0.05518018018018018,0.125,0.12315119437036498
stopwords,BM25,83,0.1,0.25,0.14285714285714288,0.0740295584045584,0.16666666666666666,0.13905617951077562
stopwords,Vetorial (TF-IDF),84,0.2,0.18181818181818182,0.1904761904761905,0.2043339937019958,0.5,0.20963885751427488
stopwords,BM25,84,0.3,0.2727272727272727,0.28571428571428564,0.36590036498550516,1.0,0.35850576475658436
stopwords,Vetorial (TF-IDF),85,0.0,0.0,0.0,0.016093200010573013,0.019230769230769232,0.0
stopwords,BM25,85,0.1,0.25,0.14285714285714288,0.05107988905854819,0.14285714285714285,0.08597555142346126
stopwords,Vetorial (TF-IDF),86,0.2,1.0,0.33333333333333337,0.5833333333333333,0.5,0.6934264036172708
stopwords,BM25,86,0.2,1.0,0.33333333333333337,0.5833333333333333,0.5,0.6934264036172708
stopwords,Vetorial (TF-IDF),87,0.0,0.0,0.0,0.010301143133833958,0.0064516129032258064,0.0
stopwords,BM25,87,0.0,0.0,0.0,0.008528695363379166,0.00510204081632653,0.0
stopwords,Vetorial (TF-IDF),88,0.5,0.8333333333333334,0.625,0.7794011544011544,1.0,0.7049209771031131
stopwords,BM25,88,0.5,0.8333333333333334,0.625,0.6561868686868687,1.0,0.6350761346381597
stopwords,Vetorial (TF-IDF),89,0.3,0.5,0.37499999999999994,0.37732483565816904,1.0,0.6879410398691099
stopwords,BM25,89,0.3,0.5,0.37499999999999994,0.3211233390397,0.5,0.4317431810398079
stopwords,Vetorial (TF-IDF),90,0.4,0.3076923076923077,0.34782608695652173,0.2633607343364315,0.3333333333333333,0.2227147489324822
stopwords,BM25,90,0.3,0.23076923076923078,0.2608695652173913,0.20549426296399187,0.5,0.16102415284375984
stopwords,Vetorial (TF-IDF),91,0.3,0.3333333333333333,0.3157894736842105,0.30439313772647103,0.5,0.3510436125746531
stopwords,BM25,91,0.4,0.4444444444444444,0.4210526315789474,0.41628086680696663,1.0,0.5740208799987787
stopwords,Vetorial (TF-IDF),92,0.7,0.5384615384615384,0.608695652173913,0.4972173790811282,0.5,0.4498554370188824
stopwords,BM25,92,0.7,0.5384615384615384,0.608695652173913,0.5054201331659967,0.5,0.43686286641674826
stopwords,Vetorial (TF-IDF),93,0.1,1.0,0.18181818181818182,0.5,0.5,0.6309297535714575
stopwords,BM25,93,0.1,1.0,0.18181818181818182,0.5,0.5,0.6309297535714575
stopwords,Vetorial (TF-IDF),94,0.5,0.4166666666666667,0.45454545454545453,0.5430006674237443,1.0,0.5294837363975348
stopwords,BM25,94,0.6,0.5,0.5454545454545454,0.5945849574094626,1.0,0.5427781264247091
stopwords,Vetorial (TF-IDF),95,0.2,1.0,0.33333333333333337,0.8333333333333333,1.0,0.6478180753414247
stopwords,BM25,95,0.2,1.0,0.33333333333333337,0.5833333333333333,0.5,0.5681212831057169
stopwords,Vetorial (TF-IDF),96,0.5,0.38461538461538464,0.4347826086956522,0.34011150110625976,1.0,0.3620510276653702
stopwords,BM25,96,0.5,0.38461538461538464,0.4347826086956522,0.43091785724315845,0.5,0.4065396209464474
stopwords,Vetorial (TF-IDF),97,0.2,0.2,0.20000000000000004,0.13292660628684108,1.0,0.2797834535738787
stopwords,BM25,97,0.2,0.2,0.20000000000000004,0.18072575821746975,1.0,0.30556523602689845
stopwords,Vetorial (TF-IDF),98,0.1,0.2,0.13333333333333333,0.037537745050404706,0.14285714285714285,0.06736103609739806
stopwords,BM25,98,0.1,0.2,0.13333333333333333,0.035350702313529686,0.125,0.06375012285787413
stopwords,Vetorial (TF-IDF),99,0.2,0.5,0.28571428571428575,0.26461038961038963,0.5,0.37894610219491565
stopwords,BM25,99,0.3,0.75,0.4285714285714285,0.2833333333333333,0.3333333333333333,0.49897664852338575
stopwords,Vetorial (TF-IDF),100,0.2,0.2222222222222222,0.2105263157894737,0.3021975068336451,1.0,0.4419626147081341
stopwords,BM25,100,0.3,0.3333333333333333,0.3157894736842105,0.236855772919726,0.5,0.37082049434891856
stopwords,Vetorial (TF-IDF),101,0.5,0.8333333333333334,0.625,0.7551587301587301,1.0,0.792318389218015
stopwords,BM25,101,0.5,0.8333333333333334,0.625,0.7494047619047618,1.0,0.818438615745981
stopwords,Vetorial (TF-IDF),102,0.2,0.5,0.28571428571428575,0.5340909090909091,1.0,0.6177019359714346
stopwords,BM25,102,0.2,0.5,0.28571428571428575,0.4035714285714285,1.0,0.43156594157857137
stopwords,Vetorial (TF-IDF),103,0.0,0.0,0.0,0.025,0.05,0.0
stopwords,BM25,103,0.0,0.0,0.0,0.03571428571428571,0.07142857142857142,0.0
stopwords,Vetorial (TF-IDF),104,0.0,0.0,0.0,0.07894810744810746,0.07692307692307693,0.0
stopwords,BM25,104,0.1,0.2,0.13333333333333333,0.15874297974380008,0.3333333333333333,0.16958010263680806
stopwords,Vetorial (TF-IDF),105,0.2,0.4,0.26666666666666666,0.41726369252557804,1.0,0.6331583852663827
stopwords,BM25,105,0.3,0.6,0.4,0.4539280691179425,1.0,0.7175795033019003
stopwords,Vetorial (TF-IDF),106,0.2,0.4,0.26666666666666666,0.152708719851577,0.2,0.24279139391428806
stopwords,BM25,106,0.3,0.6,0.4,0.2450793650793651,0.3333333333333333,0.42002897453601784
stopwords,Vetorial (TF-IDF),107,0.3,0.42857142857142855,0.3529411764705882,0.3315424811033392,1.0,0.5379471511476985
stopwords,BM25,107,0.3,0.42857142857142855,0.3529411764705882,0.2975908813164497,0.5,0.4043778094707839
stopwords,Vetorial (TF-IDF),108,0.5,0.7142857142857143,0.588235294117647,0.7504578754578753,1.0,0.6688334540319896
stopwords,BM25,108,0.7,1.0,0.8235294117647058,0.855952380952381,1.0,0.8312172831219088
stopwords,Vetorial (TF-IDF),109,0.0,0.0,0.0,0.02328170233085624,0.058823529411764705,0.0
stopwords,BM25,109,0.0,0.0,0.0,0.024253023864007843,0.05,0.0
stopwords,Vetorial (TF-IDF),110,0.0,0.0,0.0,0.052461691774085,0.08333333333333333,0.0
stopwords,BM25,110,0.0,0.0,0.0,0.018824429317545882,0.014705882352941176,0.0
stopwords,Vetorial (TF-IDF),111,0.3,0.42857142857142855,0.3529411764705882,0.32123003047372795,0.5,0.35760017822517004
stopwords,BM25,111,0.2,0.2857142857142857,0.23529411764705882,0.24885445068715745,0.16666666666666666,0.1428036847293494
stopwords,Vetorial (TF-IDF),112,0.1,0.5,0.16666666666666669,0.2934782608695652,0.5,0.23981246656813146
stopwords,BM25,112,0.2,1.0,0.33333333333333337,0.3611111111111111,0.5,0.46865171646093934
stopwords,Vetorial (TF-IDF),113,0.2,0.5,0.28571428571428575,0.10807990459153251,0.16666666666666666,0.25190132085971084
stopwords,BM25,113,0.2,0.5,0.28571428571428575,0.34513526781568016,1.0,0.5205067333228022
stopwords,Vetorial (TF-IDF),114,0.1,0.25,0.14285714285714288,0.09888442131819616,0.2,0.19955930053022208
stopwords,BM25,114,0.1,0.25,0.14285714285714288,0.06264796152568188,0.1111111111111111,0.15528731923327763
stopwords,Vetorial (TF-IDF),115,0.0,0.0,0.0,0.02601343756386675,0.07142857142857142,0.0
stopwords,BM25,115,0.0,0.0,0.0,0.03603570426487093,0.0625,0.0
stopwords,Vetorial (TF-IDF),116,0.1,0.2,0.13333333333333333,0.21506260794118193,1.0,0.26630926434690055
stopwords,BM25,116,0.1,0.2,0.13333333333333333,0.06436064903876744,0.25,0.11469315735198049
stopwords,Vetorial (TF-IDF),117,0.0,0.0,0.0,0.021320346320346323,0.016666666666666666,0.0
stopwords,BM25,117,0.0,0.0,0.0,0.04217854217854218,0.030303030303030304,0.0
stopwords,Vetorial (TF-IDF),118,0.1,0.3333333333333333,0.15384615384615383,0.1549974632166413,0.3333333333333333,0.2850703250369507
stopwords,BM25,118,0.2,0.6666666666666666,0.30769230769230765,0.6771929824561403,1.0,0.8099531166420328
stopwords,Vetorial (TF-IDF),119,0.1,1.0,0.18181818181818182,1.0,1.0,1.0
stopwords,BM25,119,0.1,1.0,0.18181818181818182,1.0,1.0,1.0
stopwords,Vetorial (TF-IDF),120,0.5,0.5555555555555556,0.5263157894736842,0.4812469430342238,1.0,0.629753459314247
stopwords,BM25,120,0.5,0.5555555555555556,0.5263157894736842,0.45400289900289903,0.5,0.5447948444449979
stopwords,Vetorial (TF-IDF),121,0.4,0.5714285714285714,0.47058823529411764,0.606929181929182,1.0,0.5860599162522637
stopwords,BM25,121,0.4,0.5714285714285714,0.47058823529411764,0.5421673932730987,0.5,0.503767871957562
stopwords,Vetorial (TF-IDF),122,0.4,0.4444444444444444,0.4210526315789474,0.3331965267477973,0.3333333333333333,0.22162944425685427
stopwords,BM25,122,0.5,0.5555555555555556,0.5263157894736842,0.37568557709222666,0.3333333333333333,0.28764675881984925
stopwords,Vetorial (TF-IDF),123,0.0,0.0,0.0,0.08571428571428572,0.07142857142857142,0.0
stopwords,BM25,123,0.0,0.0,0.0,0.05718954248366013,0.058823529411764705,0.0
stopwords,Vetorial (TF-IDF),124,0.0,0.0,0.0,0.005333862572994515,0.011764705882352941,0.0
stopwords,BM25,124,0.0,0.0,0.0,0.006321703101404205,0.014285714285714285,0.0
stopwords,Vetorial (TF-IDF),125,0.2,0.11764705882352941,0.14814814814814817,0.22117657548697278,0.3333333333333333,0.17853879625900895
stopwords,BM25,125,0.4,0.23529411764705882,0.29629629629629634,0.23417410289102278,0.5,0.33820948024910746
stopwords,Vetorial (TF-IDF),126,0.2,0.25,0.22222222222222224,0.22220365418894827,1.0,0.4718040076989788
stopwords,BM25,126,0.2,0.25,0.22222222222222224,0.15684235976789165,0.5,0.35571812677402137
stopwords,Vetorial (TF-IDF),127,0.1,0.2,0.13333333333333333,0.14653368370759673,0.5,0.18804762895303986
stopwords,BM25,127,0.1,0.2,0.13333333333333333,0.26471002116163406,1.0,0.29804844024009414
stopwords,Vetorial (TF-IDF),128,0.0,0.0,0.0,0.026438310608579978,0.03225806451612903,0.0
stopwords,BM25,128,0.0,0.0,0.0,0.017496229260935144,0.0196078431372549,0.0
stopwords,Vetorial (TF-IDF),129,0.3,0.42857142857142855,0.3529411764705882,0.34691735847286714,0.5,0.4226012924499315
stopwords,BM25,129,0.4,0.5714285714285714,0.47058823529411764,0.41149185036593433,0.5,0.5391566041878113
stopwords,Vetorial (TF-IDF),130,0.3,0.6,0.4,0.5448717948717949,1.0,0.6223112303582873
stopwords,BM25,130,0.3,0.6,0.4,0.47714285714285715,1.0,0.5895002881766016
stopwords,Vetorial (TF-IDF),131,0.3,0.375,0.33333333333333326,0.23204686395475868,0.14285714285714285,0.2708758980775691
stopwords,BM25,131,0.4,0.5,0.4444444444444445,0.26704321946169773,0.16666666666666666,0.28349911350096063
stopwords,Vetorial (TF-IDF),132,0.8,0.5333333333333333,0.64,0.7118243046863735,1.0,0.719263721977589
stopwords,BM25,132,0.7,0.4666666666666667,0.56,0.6114586482281582,0.3333333333333333,0.5108194727575613
stopwords,Vetorial (TF-IDF),133,0.1,0.14285714285714285,0.11764705882352941,0.20983822940344682,0.2,0.1658437712408864
stopwords,BM25,133,0.2,0.2857142857142857,0.23529411764705882,0.25117520692487527,0.14285714285714285,0.17516286103514833
stopwords,Vetorial (TF-IDF),134,0.1,0.5,0.16666666666666669,0.11805555555555555,0.125,0.1480409554829326
stopwords,BM25,134,0.1,0.5,0.16666666666666669,0.13846153846153847,0.2,0.18154179253735267
stopwords,Vetorial (TF-IDF),135,0.3,0.375,0.33333333333333326,0.4498448560906496,1.0,0.2590118913373632
stopwords,BM25,135,0.4,0.5,0.4444444444444445,0.5491185897435897,1.0,0.32320933267372026
stopwords,Vetorial (TF-IDF),136,0.1,0.3333333333333333,0.15384615384615383,0.16634920634920636,0.3333333333333333,0.38979290227231644
stopwords,BM25,136,0.2,0.6666666666666666,0.30769230769230765,0.43124999999999997,1.0,0.8359235133422792
stopwords,Vetorial (TF-IDF),137,0.2,0.5,0.28571428571428575,0.21493055555555554,0.25,0.23508619695933383
stopwords,BM25,137,0.2,0.5,0.28571428571428575,0.19697596532702916,0.25,0.26702628688687163
stopwords,Vetorial (TF-IDF),138,0.0,0.0,0.0,0.0326590813316477,0.047619047619047616,0.0
stopwords,BM25,138,0.1,0.5,0.16666666666666669,0.17291666666666666,0.3333333333333333,0.3065735963827292
stopwords,Vetorial (TF-IDF),139,0.0,0.0,0.0,0.005971548591828213,0.006802721088435374,0.0
stopwords,BM25,139,0.0,0.0,0.0,0.005906846834269224,0.0035211267605633804,0.0
stopwords,Vetorial (TF-IDF),140,0.1,0.16666666666666666,0.125,0.07867478735160234,0.25,0.1712634454645692
stopwords,BM25,140,0.1,0.16666666666666666,0.125,0.11719576719576723,0.5,0.2508964126725127
stopwords,Vetorial (TF-IDF),141,0.2,0.3333333333333333,0.25,0.17169015606515606,0.3333333333333333,0.2503381649478718
stopwords,BM25,141,0.2,0.3333333333333333,0.25,0.24796324365289882,0.5,0.3532489426170507
stopwords,Vetorial (TF-IDF),142,0.0,0.0,0.0,0.0017391304347826088,0.0017391304347826088,0.0
stopwords,BM25,142,0.0,0.0,0.0,0.0017152658662092624,0.0017152658662092624,0.0
stopwords,Vetorial (TF-IDF),143,0.1,0.5,0.16666666666666669,0.25757575757575757,0.3333333333333333,0.3065735963827292
stopwords,BM25,143,0.1,0.5,0.16666666666666669,0.3214285714285714,0.5,0.38685280723454163
stopwords,Vetorial (TF-IDF),144,0.6,1.0,0.7499999999999999,0.7884920634920634,1.0,0.8996991019532943
stopwords,BM25,144,0.5,0.8333333333333334,0.625,0.6287037037037038,0.5,0.6791615733079018
stopwords,Vetorial (TF-IDF),145,0.4,0.5714285714285714,0.47058823529411764,0.5288158980350927,1.0,0.6441281434529017
stopwords,BM25,145,0.4,0.5714285714285714,0.47058823529411764,0.39108784297463534,0.5,0.5389692765734589
stopwords,Vetorial (TF-IDF),146,0.2,1.0,0.33333333333333337,0.8333333333333333,1.0,0.7601875334318685
stopwords,BM25,146,0.2,1.0,0.33333333333333337,0.5,0.5,0.5672074169568709
stopwords,Vetorial (TF-IDF),147,0.3,0.3,0.3,0.25225213219616205,0.5,0.32414845048212615
stopwords,BM25,147,0.4,0.4,0.4000000000000001,0.2832528081707737,0.5,0.4273003722979567
stopwords,Vetorial (TF-IDF),148,0.2,0.3333333333333333,0.25,0.3876986122222244,1.0,0.5148586863637864
stopwords,BM25,148,0.2,0.3333333333333333,0.25,0.22123164954414232,0.5,0.3643848206993148
stopwords,Vetorial (TF-IDF),149,0.5,0.45454545454545453,0.47619047619047616,0.45719131770872584,1.0,0.5193185983095427
stopwords,BM25,149,0.5,0.45454545454545453,0.47619047619047616,0.47926725741554355,1.0,0.5513310624619329
stopwords,Vetorial (TF-IDF),150,0.2,1.0,0.33333333333333337,0.5833333333333333,0.5,0.6934264036172708
stopwords,BM25,150,0.2,1.0,0.33333333333333337,0.5833333333333333,0.5,0.6934264036172708
stopwords,Vetorial (TF-IDF),151,0.0,0.0,0.0,0.037022560251596545,0.058823529411764705,0.0
stopwords,BM25,151,0.0,0.0,0.0,0.026156212392101957,0.03225806451612903,0.0
stopwords,Vetorial (TF-IDF),152,0.0,0.0,0.0,0.045572663952238655,0.058823529411764705,0.0
stopwords,BM25,152,0.1,0.16666666666666666,0.125,0.04248335299031893,0.1,0.1400995678301123
stopwords,Vetorial (TF-IDF),153,0.3,0.42857142857142855,0.3529411764705882,0.2792148012541295,0.5,0.34164537407753237
stopwords,BM25,153,0.3,0.42857142857142855,0.3529411764705882,0.3334785572662375,0.5,0.3536573263781091
stopwords,Vetorial (TF-IDF),154,0.2,1.0,0.33333333333333337,0.8333333333333333,1.0,0.8212377705398237
stopwords,BM25,154,0.2,1.0,0.33333333333333337,0.6428571428571428,1.0,0.7039180890341347
stopwords,Vetorial (TF-IDF),155,0.3,0.5,0.37499999999999994,0.4196165191740413,1.0,0.37488297872688925
stopwords,BM25,155,0.3,0.5,0.37499999999999994,0.291812865497076,1.0,0.37031994152976744
stopwords,Vetorial (TF-IDF),156,0.7,0.5,0.5833333333333334,0.5714440587782826,1.0,0.6112909316805021
stopwords,BM25,156,0.7,0.5,0.5833333333333334,0.5287243296976687,1.0,0.5656574004959548
stopwords,Vetorial (TF-IDF),157,0.7,0.1794871794871795,0.2857142857142857,0.343234626892152,0.5,0.5076042654736679
stopwords,BM25,157,0.5,0.1282051282051282,0.2040816326530612,0.29016996095779835,0.5,0.4287114649316929
stopwords,Vetorial (TF-IDF),158,0.2,0.25,0.22222222222222224,0.2567077510351967,1.0,0.49909299697007126
stopwords,BM25,158,0.3,0.375,0.33333333333333326,0.3205997959536888,1.0,0.5893697778310245
stopwords,Vetorial (TF-IDF),159,0.1,0.125,0.11111111111111112,0.07441588440247328,0.3333333333333333,0.13777651912197292
stopwords,BM25,159,0.1,0.125,0.11111111111111112,0.06455925136231075,0.3333333333333333,0.13777651912197292
stopwords,Vetorial (TF-IDF),160,0.0,0.0,0.0,0.04180089486143025,0.07692307692307693,0.0
stopwords,BM25,160,0.1,0.2,0.13333333333333333,0.06765972901828002,0.2,0.15232257932946242
stopwords,Vetorial (TF-IDF),161,0.3,0.5,0.37499999999999994,0.2534654454923767,0.5,0.4547769555510337
stopwords,BM25,161,0.3,0.5,0.37499999999999994,0.43648011117755625,1.0,0.700127352568667
stopwords,Vetorial (TF-IDF),162,0.2,0.25,0.22222222222222224,0.2592221725160142,1.0,0.3116217843415088
stopwords,BM25,162,0.4,0.5,0.4444444444444445,0.34095840912695774,1.0,0.4022041935796816
stopwords,Vetorial (TF-IDF),163,0.2,0.6666666666666666,0.30769230769230765,0.39463601532567044,0.5,0.5307212739772434
stopwords,BM25,163,0.2,0.6666666666666666,0.30769230769230765,0.2912912912912913,0.3333333333333333,0.4367467095119258
stopwords,Vetorial (TF-IDF),164,0.3,0.375,0.33333333333333326,0.3063157894736842,0.5,0.3593458295560164
stopwords,BM25,164,0.4,0.5,0.4444444444444445,0.44813762626262627,1.0,0.5865110112618792
stopwords,Vetorial (TF-IDF),165,0.2,1.0,0.33333333333333337,0.30952380952380953,0.3333333333333333,0.5109559939712153
stopwords,BM25,165,0.2,1.0,0.33333333333333337,0.5833333333333333,0.5,0.6934264036172708
stopwords,Vetorial (TF-IDF),166,0.0,0.0,0.0,0.023161301368603896,0.02702702702702703,0.0
stopwords,BM25,166,0.1,0.125,0.11111111111111112,0.03677036984076012,0.1111111111111111,0.07614334071738352
stopwords,Vetorial (TF-IDF),167,0.0,0.0,0.0,0.04642857142857143,0.03571428571428571,0.0
stopwords,BM25,167,0.2,1.0,0.33333333333333337,0.25,0.25,0.451201975233754
stopwords,Vetorial (TF-IDF),168,0.1,0.5,0.16666666666666669,0.12893700787401574,0.25,0.2640681225725909
stopwords,BM25,168,0.1,0.5,0.16666666666666669,0.08484390735146022,0.16666666666666666,0.21840743681816419
stopwords,Vetorial (TF-IDF),169,0.2,0.5,0.28571428571428575,0.23981884057971015,0.5,0.3973220069685352
stopwords,BM25,169,0.2,0.5,0.28571428571428575,0.29587502055003634,0.5,0.44149241373678083
stopwords,Vetorial (TF-IDF),170,0.5,0.8333333333333334,0.625,0.4276353276353277,0.3333333333333333,0.5823510005764911
stopwords,BM25,170,0.4,0.6666666666666666,0.5,0.6754352278545827,1.0,0.7801361035163357
stopwords,Vetorial (TF-IDF),171,0.3,1.0,0.4615384615384615,0.6388888888888888,0.5,0.705380662620796
stopwords,BM25,171,0.3,1.0,0.4615384615384615,0.6388888888888888,0.5,0.705380662620796
stopwords,Vetorial (TF-IDF),172,0.4,1.0,0.5714285714285715,0.6791666666666667,0.5,0.7179581484098557
stopwords,BM25,172,0.4,1.0,0.5714285714285715,0.8875,1.0,0.925248016143815
stopwords,Vetorial (TF-IDF),173,0.2,1.0,0.33333333333333337,0.5833333333333333,0.5,0.6934264036172708
stopwords,BM25,173,0.2,1.0,0.33333333333333337,1.0,1.0,1.0
stopwords,Vetorial (TF-IDF),174,0.1,0.2,0.13333333333333333,0.05815763011225532,0.16666666666666666,0.13965347456008503
stopwords,BM25,174,0.1,0.2,0.13333333333333333,0.045898286676729794,0.1,0.11332985079876677
stopwords,Vetorial (TF-IDF),175,0.0,0.0,0.0,0.024156763634375578,0.047619047619047616,0.0
stopwords,BM25,175,0.1,0.2,0.13333333333333333,0.04016399432090298,0.125,0.11788895746148347
stopwords,Vetorial (TF-IDF),176,0.1,0.14285714285714285,0.11764705882352941,0.07537352891126302,0.16666666666666666,0.11808744305949562
stopwords,BM25,176,0.1,0.14285714285714285,0.11764705882352941,0.08920631562042491,0.25,0.1427750347808914
stopwords,Vetorial (TF-IDF),177,0.4,0.8,0.5333333333333333,0.6347619047619047,1.0,0.6119818336510151
stopwords,BM25,177,0.3,0.6,0.4,0.6269230769230769,1.0,0.5310225782907293
stopwords,Vetorial (TF-IDF),178,0.4,1.0,0.5714285714285715,0.85,1.0,0.9559887124666357
stopwords,BM25,178,0.3,0.75,0.4285714285714285,0.7708333333333334,1.0,0.9192576361713067
stopwords,Vetorial (TF-IDF),179,0.2,0.5,0.28571428571428575,0.1835248085248085,0.3333333333333333,0.33424620450682646
stopwords,BM25,179,0.2,0.5,0.28571428571428575,0.2664275379792621,0.5,0.4144299250118475
stopwords,Vetorial (TF-IDF),180,0.3,0.42857142857142855,0.3529411764705882,0.4294842992433385,1.0,0.40706068888122077
stopwords,BM25,180,0.3,0.42857142857142855,0.3529411764705882,0.399887535659425,0.5,0.33654056128817356
stopwords,Vetorial (TF-IDF),181,0.1,0.2,0.13333333333333333,0.13278531073446326,0.3333333333333333,0.12456638455037522
stopwords,BM25,181,0.2,0.4,0.26666666666666666,0.30012251585684024,1.0,0.3822470934474665
stopwords,Vetorial (TF-IDF),182,0.2,1.0,0.33333333333333337,0.3611111111111111,0.5,0.5940445580826669
stopwords,BM25,182,0.2,1.0,0.33333333333333337,0.5,0.5,0.6433224083306327
stopwords,Vetorial (TF-IDF),183,0.6,0.46153846153846156,0.5217391304347826,0.48317574413212233,1.0,0.4236711279348487
stopwords,BM25,183,0.6,0.46153846153846156,0.5217391304347826,0.5325396358504508,1.0,0.5809780775099972
stopwords,Vetorial (TF-IDF),184,0.0,0.0,0.0,0.06485466914038343,0.07142857142857142,0.0
stopwords,BM25,184,0.2,0.2857142857142857,0.23529411764705882,0.20877567327871585,0.5,0.2537727612162552
stopwords,Vetorial (TF-IDF),185,0.5,0.5555555555555556,0.5263157894736842,0.5778951984834337,1.0,0.545239776668119
stopwords,BM25,185,0.6,0.6666666666666666,0.631578947368421,0.7583231583231583,1.0,0.7830420469594955
stopwords,Vetorial (TF-IDF),186,0.5,0.3125,0.38461538461538464,0.2303750864267201,1.0,0.5442213638169618
stopwords,BM25,186,0.4,0.25,0.3076923076923077,0.18116165802118894,0.5,0.39092738420022166
stopwords,Vetorial (TF-IDF),187,0.2,0.3333333333333333,0.25,0.12202879175385568,0.2,0.17579483966196002
stopwords,BM25,187,0.1,0.16666666666666666,0.125,0.14189778383811688,0.5,0.20179660912043726
stopwords,Vetorial (TF-IDF),188,0.3,0.2727272727272727,0.28571428571428564,0.34456847986347705,1.0,0.46331897109933096
stopwords,BM25,188,0.4,0.36363636363636365,0.380952380952381,0.2927143101193814,1.0,0.4906749554138927
stopwords,Vetorial (TF-IDF),189,0.2,0.2222222222222222,0.2105263157894737,0.1573520133140338,0.25,0.14779342491383202
stopwords,BM25,189,0.2,0.2222222222222222,0.2105263157894737,0.16036417938612083,0.5,0.19688432331959307
stopwords,Vetorial (TF-IDF),190,0.3,0.6,0.4,0.4870406732117812,1.0,0.5456298509419086
stopwords,BM25,190,0.3,0.6,0.4,0.5303030303030303,1.0,0.5989969615443953
stopwords,Vetorial (TF-IDF),191,0.6,0.46153846153846156,0.5217391304347826,0.5840223141464441,1.0,0.45736359999680903
stopwords,BM25,191,0.4,0.3076923076923077,0.34782608695652173,0.3974974309562327,0.3333333333333333,0.22255450043021208
stopwords,Vetorial (TF-IDF),192,0.2,0.5,0.28571428571428575,0.2576086956521739,0.5,0.3973220069685352
stopwords,BM25,192,0.3,0.75,0.4285714285714285,0.30833333333333335,0.5,0.5148381117249624
stopwords,Vetorial (TF-IDF),193,0.8,0.8888888888888888,0.8421052631578948,0.7431826967215095,1.0,0.8255324537678719
stopwords,BM25,193,0.7,0.7777777777777778,0.7368421052631577,0.7448566421078598,1.0,0.7091986173908709
stopwords,Vetorial (TF-IDF),194,0.3,0.5,0.37499999999999994,0.2430205415499533,0.25,0.24399798736822495
stopwords,BM25,194,0.3,0.5,0.37499999999999994,0.3363095238095238,0.5,0.2970103654325176
stopwords,Vetorial (TF-IDF),195,0.1,0.3333333333333333,0.15384615384615383,0.07502131287297527,0.16666666666666666,0.16716045496620227
stopwords,BM25,195,0.1,0.3333333333333333,0.15384615384615383,0.0909814323607427,0.2,0.18154179253735267
stopwords,Vetorial (TF-IDF),196,0.2,0.16666666666666666,0.1818181818181818,0.1267247506429494,0.5,0.24035316874464127
stopwords,BM25,196,0.2,0.16666666666666666,0.1818181818181818,0.09811392500168903,0.3333333333333333,0.1838228635043055
stopwords,Vetorial (TF-IDF),197,0.3,1.0,0.4615384615384615,0.8095238095238094,1.0,0.8665103888067762
stopwords,BM25,197,0.2,0.6666666666666666,0.30769230769230765,0.7380952380952381,1.0,0.8099531166420328
stopwords,Vetorial (TF-IDF),198,0.2,0.5,0.28571428571428575,0.38575870646766164,1.0,0.5608687216151036
stopwords,BM25,198,0.2,0.5,0.28571428571428575,0.3953734671125975,1.0,0.5117647519653995
stopwords,Vetorial (TF-IDF),199,0.1,0.125,0.11111111111111112,0.10598401985260197,0.3333333333333333,0.11118257019233733
stopwords,BM25,199,0.1,0.125,0.11111111111111112,0.08304184616345132,0.16666666666666666,0.07920806116730543
stopwords,Vetorial (TF-IDF),200,0.1,0.3333333333333333,0.15384615384615383,0.2222222222222222,0.5,0.2960819109658653
stopwords,BM25,200,0.2,0.6666666666666666,0.30769230769230765,0.26880131362889986,0.5,0.45250815297345076
stopwords,Vetorial (TF-IDF),201,0.2,0.125,0.15384615384615385,0.23508319711992182,1.0,0.3659992681061876
stopwords,BM25,201,0.4,0.25,0.3076923076923077,0.32734051171419576,1.0,0.5538802053393186
stopwords,Vetorial (TF-IDF),202,0.1,0.07142857142857142,0.08333333333333333,0.08848414697315665,0.5,0.05872847867418579
stopwords,BM25,202,0.2,0.14285714285714285,0.16666666666666666,0.1197662602442268,0.5,0.10526969688567908
stopwords,Vetorial (TF-IDF),203,0.3,0.21428571428571427,0.25,0.14787133569503583,0.5,0.330174516053043
stopwords,BM25,203,0.4,0.2857142857142857,0.3333333333333333,0.23849953970427906,0.5,0.4763050964393153
stopwords,Vetorial (TF-IDF),204,0.0,0.0,0.0,0.06110669850287668,0.09090909090909091,0.0
stopwords,BM25,204,0.1,0.07142857142857142,0.08333333333333333,0.04487351481549933,0.1,0.09926568322795845
stopwords,Vetorial (TF-IDF),205,0.0,0.0,0.0,0.014138689048760991,0.013888888888888888,0.0
stopwords,BM25,205,0.0,0.0,0.0,0.037608486017357765,0.058823529411764705,0.0
stopwords,Vetorial (TF-IDF),206,0.2,0.6666666666666666,0.30769230769230765,0.10566448801742918,0.1111111111111111,0.30041536997557566
stopwords,BM25,206,0.2,0.6666666666666666,0.30769230769230765,0.39154140878278804,0.5,0.5757526886856752
stopwords,Vetorial (TF-IDF),207,0.1,0.2,0.13333333333333333,0.29232825976661597,1.0,0.2800730078147042
stopwords,BM25,207,0.2,0.4,0.26666666666666666,0.11192846369316958,0.2,0.2297859123441689
stopwords,Vetorial (TF-IDF),208,0.6,1.0,0.7499999999999999,0.6347222222222222,0.5,0.7568957309047615
stopwords,BM25,208,0.5,0.8333333333333334,0.625,0.6329365079365079,0.5,0.7106659718316582
stopwords,Vetorial (TF-IDF),209,0.2,0.16666666666666666,0.1818181818181818,0.17881939300033278,0.5,0.1724879499603945
stopwords,BM25,209,0.3,0.25,0.2727272727272727,0.16436181467223113,0.5,0.22919735344222456
stopwords,Vetorial (TF-IDF),210,0.2,0.3333333333333333,0.25,0.3960855132565948,1.0,0.5367050799050339
stopwords,BM25,210,0.3,0.5,0.37499999999999994,0.36634512366028954,1.0,0.5622582560966349
stopwords,Vetorial (TF-IDF),211,0.1,0.09090909090909091,0.09523809523809525,0.16315892336183205,0.16666666666666666,0.03904518351825316
stopwords,BM25,211,0.3,0.2727272727272727,0.28571428571428564,0.20084759737869787,0.2,0.2047663105994824
stopwords,Vetorial (TF-IDF),212,0.5,0.35714285714285715,0.41666666666666663,0.44675566470735356,1.0,0.5406703876613078
stopwords,BM25,212,0.5,0.35714285714285715,0.41666666666666663,0.519279586965421,1.0,0.5368337146122864
stopwords,Vetorial (TF-IDF),213,0.5,0.45454545454545453,0.47619047619047616,0.4437493806467211,1.0,0.6457406013555794
stopwords,BM25,213,0.6,0.5454545454545454,0.5714285714285713,0.5511281837725387,1.0,0.7253378671861063
stopwords,Vetorial (TF-IDF),214,0.1,0.25,0.14285714285714288,0.16094440353460973,0.5,0.24630238874073
stopwords,BM25,214,0.1,0.25,0.14285714285714288,0.16751453150430132,0.5,0.24630238874073
stopwords,Vetorial (TF-IDF),215,0.0,0.0,0.0,0.038098693759071114,0.038461538461538464,0.0
stopwords,BM25,215,0.0,0.0,0.0,0.0339031339031339,0.037037037037037035,0.0
stopwords,Vetorial (TF-IDF),216,0.0,0.0,0.0,0.0037174721189591076,0.0037174721189591076,0.0
stopwords,BM25,216,0.0,0.0,0.0,0.004032258064516129,0.004032258064516129,0.0
stopwords,Vetorial (TF-IDF),217,0.4,0.26666666666666666,0.32,0.259433219259637,0.5,0.4184767743197732
stopwords,BM25,217,0.3,0.2,0.24,0.28168262585652487,1.0,0.4858829623582173
stopwords,Vetorial (TF-IDF),218,0.3,0.2,0.24,0.19729279318116247,0.5,0.24777980526070206
stopwords,BM25,218,0.2,0.13333333333333333,0.16,0.22680810610974753,0.5,0.24435274837880966
stopwords,Vetorial (TF-IDF),219,0.1,0.05555555555555555,0.07142857142857142,0.081893848006029,0.3333333333333333,0.07467264456021759
stopwords,BM25,219,0.0,0.0,0.0,0.04401361254916477,0.02702702702702703,0.0
stopwords,Vetorial (TF-IDF),220,0.3,0.15789473684210525,0.20689655172413793,0.22485389500731237,0.5,0.21316691894918882
stopwords,BM25,220,0.3,0.15789473684210525,0.20689655172413793,0.2456113507772942,1.0,0.25621655405448196
stopwords,Vetorial (TF-IDF),221,0.2,0.1111111111111111,0.14285714285714285,0.19802946131240132,1.0,0.2345265105644159
stopwords,BM25,221,0.3,0.16666666666666666,0.21428571428571427,0.22140036270383096,1.0,0.2996379572790141
stopwords,Vetorial (TF-IDF),222,0.4,0.4444444444444444,0.4210526315789474,0.2953938249428416,0.5,0.42143338375734213
stopwords,BM25,222,0.4,0.4444444444444444,0.4210526315789474,0.43013838013838007,1.0,0.5046622423262657
stopwords,Vetorial (TF-IDF),223,0.1,0.25,0.14285714285714288,0.3166177908113392,1.0,0.3903800499921017
stopwords,BM25,223,0.3,0.75,0.4285714285714285,0.47006578947368416,1.0,0.664550862590272
stopwords,Vetorial (TF-IDF),224,0.2,0.25,0.22222222222222224,0.17436809868875083,0.14285714285714285,0.1671254229775427
stopwords,BM25,224,0.3,0.375,0.33333333333333326,0.21190865414696716,0.14285714285714285,0.20552836240064737
stopwords,Vetorial (TF-IDF),225,0.3,0.125,0.17647058823529413,0.09362427931292523,0.5,0.19905331652678132
stopwords,BM25,225,0.3,0.125,0.17647058823529413,0.090206671415197,0.5,0.19653126457253
stemming,Vetorial (TF-IDF),1,0.7,0.25,0.3684210526315789,0.33236177864480393,1.0,0.5862288685227867
stemming,BM25,1,0.4,0.14285714285714285,0.21052631578947364,0.22303316414369492,1.0,0.36545184313147844
stemming,Vetorial (TF-IDF),2,0.4,0.16666666666666666,0.23529411764705882,0.21251226691182698,1.0,0.5985171221405068
stemming,BM25,2,0.4,0.16666666666666666,0.23529411764705882,0.21292193077008423,1.0,0.5450489558340764
stemming,Vetorial (TF-IDF),3,0.7,0.875,0.7777777777777777,0.6782004830917875,0.5,0.7388864036938406
stemming,BM25,3,0.6,0.75,0.6666666666666665,0.6204166666666667,0.5,0.6627430629764571
stemming,Vetorial (TF-IDF),4,0.1,0.5,0.16666666666666669,0.5769230769230769,1.0,0.6131471927654584
stemming,BM25,4,0.1,0.5,0.16666666666666669,0.532258064516129,1.0,0.6131471927654584
stemming,Vetorial (TF-IDF),5,0.1,0.25,0.14285714285714288,0.2381628787878788,0.5,0.3009776153417087
stemming,BM25,5,0.3,0.75,0.4285714285714285,0.4166666666666667,0.5,0.5882457875906547
stemming,Vetorial (TF-IDF),6,0.2,0.5,0.28571428571428575,0.11796575670498083,0.16666666666666666,0.2638328048683792
stemming,BM25,6,0.1,0.25,0.14285714285714288,0.16071187584345478,0.5,0.20607801570427584
stemming,Vetorial (TF-IDF),7,0.2,0.4,0.26666666666666666,0.17208537178496836,0.3333333333333333,0.26304103890982655
stemming,BM25,7,0.2,0.4,0.26666666666666666,0.18080177926049484,0.3333333333333333,0.2724558813422326
stemming,Vetorial (TF-IDF),8,0.2,0.18181818181818182,0.1904761904761905,0.2146295160924497,0.5,0.28339660873566963
stemming,BM25,8,0.1,0.09090909090909091,0.09523809523809525,0.1596833140523179,1.0,0.2669507571941387
stemming,Vetorial (TF-IDF),9,0.3,1.0,0.4615384615384615,1.0,1.0,1.0
stemming,BM25,9,0.3,1.0,0.4615384615384615,0.9166666666666666,1.0,0.9674679834891694
stemming,Vetorial (TF-IDF),10,0.1,0.125,0.11111111111111112,0.18985372838491293,1.0,0.209690670088435
stemming,BM25,10,0.1,0.125,0.11111111111111112,0.14027576999109298,0.5,0.1323000828051301
stemming,Vetorial (TF-IDF),11,0.2,0.2857142857142857,0.23529411764705882,0.2471311922682635,0.3333333333333333,0.18818400328894394
stemming,BM25,11,0.2,0.2857142857142857,0.23529411764705882,0.19435048069414398,0.25,0.2013363322207467
stemming,Vetorial (TF-IDF),12,0.2,0.4,0.26666666666666666,0.16634457292470775,0.2,0.26767174021908624
stemming,BM25,12,0.2,0.4,0.26666666666666666,0.2274025974025974,0.5,0.27862833371591295
stemming,Vetorial (TF-IDF),13,0.0,0.0,0.0,0.002831666229328713,0.002564102564102564,0.0
stemming,BM25,13,0.0,0.0,0.0,0.0029129123404024906,0.0022624434389140274,0.0
stemming,Vetorial (TF-IDF),14,0.2,1.0,0.33333333333333337,0.6,1.0,0.9261779069332854
stemming,BM25,14,0.1,0.5,0.16666666666666669,0.5833333333333334,1.0,0.8637574337885663
stemming,Vetorial (TF-IDF),15,0.2,1.0,0.33333333333333337,0.6666666666666666,1.0,0.6508780296742857
stemming,BM25,15,0.2,1.0,0.33333333333333337,1.0,1.0,0.8597186998521972
stemming,Vetorial (TF-IDF),16,0.2,0.6666666666666666,0.30769230769230765,0.2556661138750691,0.5,0.41144190398773745
stemming,BM25,16,0.2,0.6666666666666666,0.30769230769230765,0.2911111111111111,0.5,0.442900663786895
stemming,Vetorial (TF-IDF),17,0.1,0.5,0.16666666666666669,0.2602040816326531,0.5,0.44412286644879784
stemming,BM25,17,0.1,0.5,0.16666666666666669,0.08253968253968254,0.14285714285714285,0.23463936301137822
stemming,Vetorial (TF-IDF),18,0.1,0.3333333333333333,0.15384615384615383,0.1341404358353511,0.3333333333333333,0.23463936301137825
stemming,BM25,18,0.1,0.3333333333333333,0.15384615384615383,0.1956420492348636,0.5,0.2960819109658653
stemming,Vetorial (TF-IDF),19,0.1,0.1111111111111111,0.10526315789473685,0.07494063211442675,0.25,0.12890103087620167
stemming,BM25,19,0.1,0.1111111111111111,0.10526315789473685,0.05784933669210371,0.1,0.0865167917871123
stemming,Vetorial (TF-IDF),20,0.5,0.5555555555555556,0.5263157894736842,0.558952321233023,0.5,0.5287324048297514
stemming,BM25,20,0.4,0.4444444444444444,0.4210526315789474,0.48206260015203095,0.5,0.4579766441086708
stemming,Vetorial (TF-IDF),21,0.1,0.25,0.14285714285714288,0.18763743631000268,0.3333333333333333,0.1817269355814543
stemming,BM25,21,0.0,0.0,0.0,0.06333961737187543,0.09090909090909091,0.0
stemming,Vetorial (TF-IDF),22,0.0,0.0,0.0,0.0009532888465204957,0.0009532888465204957,0.0
stemming,BM25,22,0.0,0.0,0.0,0.001589825119236884,0.001589825119236884,0.0
stemming,Vetorial (TF-IDF),23,0.4,0.125,0.19047619047619047,0.21883089337243217,0.5,0.3247262117733642
stemming,BM25,23,0.3,0.09375,0.14285714285714285,0.15523202464649113,0.3333333333333333,0.22921072836751455
stemming,Vetorial (TF-IDF),24,0.2,0.6666666666666666,0.30769230769230765,0.5121212121212121,1.0,0.7060422895895734
stemming,BM25,24,0.2,0.6666666666666666,0.30769230769230765,0.3384615384615384,0.5,0.518149817909464
stemming,Vetorial (TF-IDF),25,0.2,0.2222222222222222,0.2105263157894737,0.372036774359499,1.0,0.34302905377929205
stemming,BM25,25,0.6,0.6666666666666666,0.631578947368421,0.6551947216668004,1.0,0.7205272384518847
stemming,Vetorial (TF-IDF),26,0.3,0.5,0.37499999999999994,0.25505558348695606,0.5,0.4460413208327992
stemming,BM25,26,0.2,0.3333333333333333,0.25,0.3729518999960004,1.0,0.5650722667842327
stemming,Vetorial (TF-IDF),27,0.0,0.0,0.0,0.05981439105008898,0.05263157894736842,0.0
stemming,BM25,27,0.1,0.3333333333333333,0.15384615384615383,0.09458098307816276,0.125,0.11990623328406573
stemming,Vetorial (TF-IDF),28,0.0,0.0,0.0,0.004660652920962199,0.005154639175257732,0.0
stemming,BM25,28,0.0,0.0,0.0,0.004207709773534898,0.0033003300330033004,0.0
stemming,Vetorial (TF-IDF),29,0.4,0.4444444444444444,0.4210526315789474,0.40476240795515334,1.0,0.47348482708375306
stemming,BM25,29,0.4,0.4444444444444444,0.4210526315789474,0.48697731783556275,1.0,0.532843922971739
stemming,Vetorial (TF-IDF),30,0.0,0.0,0.0,0.05666656285275838,0.09090909090909091,0.0
stemming,BM25,30,0.0,0.0,0.0,0.08781451071021895,0.09090909090909091,0.0
stemming,Vetorial (TF-IDF),31,0.0,0.0,0.0,0.000731528895391368,0.000731528895391368,0.0
stemming,BM25,31,0.0,0.0,0.0,0.0008136696501220504,0.0008136696501220504,0.0
stemming,Vetorial (TF-IDF),32,0.2,0.3333333333333333,0.25,0.09383588205300386,0.16666666666666666,0.09397704538687873
stemming,BM25,32,0.2,0.3333333333333333,0.25,0.11019158909880329,0.25,0.1146012966570443
stemming,Vetorial (TF-IDF),33,0.3,1.0,0.4615384615384615,0.5888888888888889,0.5,0.6740190899733329
stemming,BM25,33,0.3,1.0,0.4615384615384615,0.6388888888888888,0.5,0.6973180732318199
stemming,Vetorial (TF-IDF),34,0.4,0.6666666666666666,0.5,0.3963492063492063,0.3333333333333333,0.4436410456143762
stemming,BM25,34,0.2,0.3333333333333333,0.25,0.3253690753690754,0.5,0.24661756247359967
stemming,Vetorial (TF-IDF),35,0.0,0.0,0.0,0.045427171443431606,0.05555555555555555,0.0
stemming,BM25,35,0.0,0.0,0.0,0.026005925313490427,0.025,0.0
stemming,Vetorial (TF-IDF),36,0.0,0.0,0.0,0.038233177401943146,0.07142857142857142,0.0
stemming,BM25,36,0.1,0.5,0.16666666666666669,0.5023041474654378,1.0,0.46927872602275644
stemming,Vetorial (TF-IDF),37,0.1,0.1111111111111111,0.10526315789473685,0.17033461814541517,0.3333333333333333,0.1479301790252769
stemming,BM25,37,0.0,0.0,0.0,0.06000013362732627,0.04,0.0
stemming,Vetorial (TF-IDF),38,0.1,0.1,0.10000000000000002,0.036987096239681334,0.1111111111111111,0.049613417860268426
stemming,BM25,38,0.0,0.0,0.0,0.0625667578946277,0.06666666666666667,0.0
stemming,Vetorial (TF-IDF),39,0.2,0.15384615384615385,0.17391304347826086,0.17712853763690675,0.5,0.2296888818489988
stemming,BM25,39,0.3,0.23076923076923078,0.2608695652173913,0.14913930903988942,0.5,0.2335848212619674
stemming,Vetorial (TF-IDF),40,0.2,0.16666666666666666,0.1818181818181818,0.06000272007936789,0.16666666666666666,0.10837471265026907
stemming,BM25,40,0.2,0.16666666666666666,0.1818181818181818,0.08625119203207832,0.25,0.12367409491558115
stemming,Vetorial (TF-IDF),41,0.3,1.0,0.4615384615384615,0.7777777777777778,1.0,0.8844912478533464
stemming,BM25,41,0.3,1.0,0.4615384615384615,0.8333333333333334,1.0,0.9119982885888461
stemming,Vetorial (TF-IDF),42,0.3,0.6,0.4,0.20531574486119944,0.2,0.38462018181121294
stemming,BM25,42,0.3,0.6,0.4,0.17473752859922592,0.16666666666666666,0.3555224429376629
stemming,Vetorial (TF-IDF),43,0.5,0.8333333333333334,0.625,0.7110326688815061,1.0,0.8147268717699712
stemming,BM25,43,0.4,0.6666666666666666,0.5,0.6468102073365231,1.0,0.7211710614507058
stemming,Vetorial (TF-IDF),44,0.0,0.0,0.0,0.001821937233838154,0.0017152658662092624,0.0
stemming,BM25,44,0.0,0.0,0.0,0.0023833298685694503,0.001422475106685633,0.0
stemming,Vetorial (TF-IDF),45,0.2,0.16666666666666666,0.1818181818181818,0.21312262131908802,1.0,0.3463703675673052
stemming,BM25,45,0.1,0.08333333333333333,0.0909090909090909,0.1976826355945357,1.0,0.279901702223461
stemming,Vetorial (TF-IDF),46,0.5,0.3333333333333333,0.4,0.34054272776255295,1.0,0.5428485559193207
stemming,BM25,46,0.5,0.3333333333333333,0.4,0.36370817447441106,1.0,0.5597933324667422
stemming,Vetorial (TF-IDF),47,0.5,0.35714285714285715,0.41666666666666663,0.3480526513596062,0.3333333333333333,0.4180536827228323
stemming,BM25,47,0.5,0.35714285714285715,0.41666666666666663,0.3763627827518185,0.3333333333333333,0.41802105838172043
stemming,Vetorial (TF-IDF),48,0.3,0.2727272727272727,0.28571428571428564,0.1807152771243602,0.5,0.3711219827663348
stemming,BM25,48,0.3,0.2727272727272727,0.28571428571428564,0.1918524363005736,0.5,0.3711219827663348
stemming,Vetorial (TF-IDF),49,0.1,0.5,0.16666666666666669,0.13157894736842105,0.25,0.3273949503887395
stemming,BM25,49,0.1,0.5,0.16666666666666669,0.12564102564102564,0.2,0.2940806813328203
stemming,Vetorial (TF-IDF),50,0.1,0.16666666666666666,0.125,0.036532143114327294,0.14285714285714285,0.15228753049297616
stemming,BM25,50,0.1,0.16666666666666666,0.125,0.18367249085751725,1.0,0.4568625914789285
stemming,Vetorial (TF-IDF),51,0.5,0.5,0.5,0.49994239366593735,1.0,0.5441072213194562
stemming,BM25,51,0.5,0.5,0.5,0.4796833672979003,1.0,0.4896383148957456
stemming,Vetorial (TF-IDF),52,0.4,1.0,0.5714285714285715,0.7333333333333333,1.0,0.6930759395036967
stemming,BM25,52,0.4,1.0,0.5714285714285715,0.5791666666666666,0.5,0.6287353114501973
stemming,Vetorial (TF-IDF),53,0.2,0.2,0.20000000000000004,0.2315114442021554,1.0,0.22461013156664808
stemming,BM25,53,0.1,0.1,0.10000000000000002,0.2538242725306271,1.0,0.16195671984435944
stemming,Vetorial (TF-IDF),54,0.1,0.1111111111111111,0.10526315789473685,0.11963542456501029,0.5,0.21285246057565374
stemming,BM25,54,0.1,0.1111111111111111,0.10526315789473685,0.14735591581740198,0.5,0.21285246057565374
stemming,Vetorial (TF-IDF),55,0.3,0.3,0.3,0.337927863120611,1.0,0.30773160291625956
stemming,BM25,55,0.5,0.5,0.5,0.3720487394405786,1.0,0.3549018983349131
stemming,Vetorial (TF-IDF),56,0.2,0.2,0.20000000000000004,0.17237822237494482,0.5,0.21083705702433791
stemming,BM25,56,0.2,0.2,0.20000000000000004,0.15156152030377723,0.5,0.18302656388775357
stemming,Vetorial (TF-IDF),57,0.3,0.21428571428571427,0.25,0.09455790810956637,0.2,0.25638998382293665
stemming,BM25,57,0.1,0.07142857142857142,0.08333333333333333,0.08052547618670503,0.3333333333333333,0.18506716146503144
stemming,Vetorial (TF-IDF),58,0.3,0.3333333333333333,0.3157894736842105,0.2777797591101726,0.25,0.29182613227678494
stemming,BM25,58,0.2,0.2222222222222222,0.2105263157894737,0.14236194440776248,0.14285714285714285,0.1649242832764049
stemming,Vetorial (TF-IDF),59,0.1,0.25,0.14285714285714288,0.12108499377334994,0.25,0.14067013006711881
stemming,BM25,59,0.1,0.25,0.14285714285714288,0.1885351345135869,0.5,0.20607801570427584
stemming,Vetorial (TF-IDF),60,0.3,0.6,0.4,0.3978822684852836,1.0,0.5094826617813303
stemming,BM25,60,0.3,0.6,0.4,0.44396742292030256,1.0,0.5270895216233566
stemming,Vetorial (TF-IDF),61,0.3,0.6,0.4,0.5376234704408078,1.0,0.6851691024258786
stemming,BM25,61,0.2,0.4,0.26666666666666666,0.5289044289044289,1.0,0.5451325985185265
stemming,Vetorial (TF-IDF),62,0.0,0.0,0.0,0.03294100892498117,0.08333333333333333,0.0
stemming,BM25,62,0.0,0.0,0.0,0.022996123289628422,0.05263157894736842,0.0
stemming,Vetorial (TF-IDF),63,0.0,0.0,0.0,0.028760234608723036,0.03125,0.0
stemming,BM25,63,0.0,0.0,0.0,0.023343407021527637,0.021739130434782608,0.0
stemming,Vetorial (TF-IDF),64,0.1,0.5,0.16666666666666669,0.3,0.5,0.42827240252944054
stemming,BM25,64,0.1,0.5,0.16666666666666669,0.5083333333333333,1.0,0.6787956981029196
stemming,Vetorial (TF-IDF),65,0.6,0.4,0.48,0.3700149814900945,1.0,0.6439710019578451
stemming,BM25,65,0.4,0.26666666666666666,0.32,0.22925940103559478,0.5,0.3762314647313493
stemming,Vetorial (TF-IDF),66,0.1,0.2,0.13333333333333333,0.20515873015873015,0.3333333333333333,0.1992601340685329
stemming,BM25,66,0.1,0.2,0.13333333333333333,0.08440516379094773,0.1,0.11519819209319902
stemming,Vetorial (TF-IDF),67,0.7,0.5,0.5833333333333334,0.6357433328672694,1.0,0.7531481686023556
stemming,BM25,67,0.6,0.42857142857142855,0.5,0.5171545902605058,1.0,0.7230326964213867
stemming,Vetorial (TF-IDF),68,0.1,0.2,0.13333333333333333,0.06811453175266947,0.2,0.16827202841841413
stemming,BM25,68,0.1,0.2,0.13333333333333333,0.09671752517797975,0.3333333333333333,0.2174884416909426
stemming,Vetorial (TF-IDF),69,0.0,0.0,0.0,0.07827807872255763,0.06666666666666667,0.0
stemming,BM25,69,0.0,0.0,0.0,0.04455215582343992,0.08333333333333333,0.0
stemming,Vetorial (TF-IDF),70,0.2,0.2,0.20000000000000004,0.09795472086610674,0.16666666666666666,0.15952797427693477
stemming,BM25,70,0.2,0.2,0.20000000000000004,0.10011020608030152,0.16666666666666666,0.1375079324744767
stemming,Vetorial (TF-IDF),71,0.0,0.0,0.0,0.043883083497507774,0.0625,0.0
stemming,BM25,71,0.1,0.125,0.11111111111111112,0.05461737339874692,0.14285714285714285,0.10854227526735447
stemming,Vetorial (TF-IDF),72,0.1,0.058823529411764705,0.07407407407407408,0.0743696493266849,0.125,0.02968256057828534
stemming,BM25,72,0.1,0.058823529411764705,0.07407407407407408,0.07285776043024636,0.5,0.17809536346971203
stemming,Vetorial (TF-IDF),73,0.6,0.3,0.4,0.34827152449755905,1.0,0.5915918999855574
stemming,BM25,73,0.7,0.35,0.4666666666666667,0.3647395715988154,1.0,0.6571059893173206
stemming,Vetorial (TF-IDF),74,0.2,0.3333333333333333,0.25,0.18887728378125582,0.2,0.21140399038253765
stemming,BM25,74,0.1,0.16666666666666666,0.125,0.13625798224004237,0.125,0.13392643788248648
stemming,Vetorial (TF-IDF),75,0.1,0.2,0.13333333333333333,0.22782063029501892,1.0,0.2899845889212568
stemming,BM25,75,0.0,0.0,0.0,0.03275543834361635,0.08333333333333333,0.0
stemming,Vetorial (TF-IDF),76,0.3,0.42857142857142855,0.3529411764705882,0.36447496364386067,1.0,0.5046463529445655
stemming,BM25,76,0.3,0.42857142857142855,0.3529411764705882,0.2464297912511999,0.5,0.37767444719777926
stemming,Vetorial (TF-IDF),77,0.3,0.5,0.37499999999999994,0.5429902304902305,1.0,0.46724828974332533
stemming,BM25,77,0.3,0.5,0.37499999999999994,0.4045977101141823,1.0,0.3042655903131374
stemming,Vetorial (TF-IDF),78,0.3,1.0,0.4615384615384615,0.8055555555555555,1.0,0.8288615669472547
stemming,BM25,78,0.3,1.0,0.4615384615384615,0.7555555555555555,1.0,0.8122044324192951
stemming,Vetorial (TF-IDF),79,0.1,0.2,0.13333333333333333,0.08345190128431125,0.16666666666666666,0.15556974829149336
stemming,BM25,79,0.1,0.2,0.13333333333333333,0.06230926169680277,0.16666666666666666,0.15556974829149336
stemming,Vetorial (TF-IDF),80,0.0,0.0,0.0,0.056428638353904506,0.07142857142857142,0.0
stemming,BM25,80,0.0,0.0,0.0,0.012355535716205516,0.018518518518518517,0.0
stemming,Vetorial (TF-IDF),81,0.2,1.0,0.33333333333333337,0.3333333333333333,0.3333333333333333,0.4156462850570397
stemming,BM25,81,0.2,1.0,0.33333333333333337,0.75,1.0,0.5879394370415081
stemming,Vetorial (TF-IDF),82,0.3,0.6,0.4,0.3402898550724638,0.5,0.49342755158507673
stemming,BM25,82,0.3,0.6,0.4,0.2683098894481008,0.3333333333333333,0.446522448383393
stemming,Vetorial (TF-IDF),83,0.1,0.25,0.14285714285714288,0.09737690558723769,0.25,0.16812753627111748
stemming,BM25,83,0.1,0.25,0.14285714285714288,0.1018451947841955,0.25,0.16812753627111748
stemming,Vetorial (TF-IDF),84,0.4,0.36363636363636365,0.380952380952381,0.35687511330334537,1.0,0.3869583967001677
stemming,BM25,84,0.4,0.36363636363636365,0.380952380952381,0.4387728973779671,1.0,0.3941845533985164
stemming,Vetorial (TF-IDF),85,0.0,0.0,0.0,0.0156829742948929,0.023255813953488372,0.0
stemming,BM25,85,0.1,0.25,0.14285714285714288,0.13631952781112444,0.5,0.16273360041832377
stemming,Vetorial (TF-IDF),86,0.2,1.0,0.33333333333333337,0.5,0.5,0.6509209298071326
stemming,BM25,86,0.2,1.0,0.33333333333333337,0.5833333333333333,0.5,0.6934264036172708
stemming,Vetorial (TF-IDF),87,0.0,0.0,0.0,0.01257858631101348,0.023809523809523808,0.0
stemming,BM25,87,0.0,0.0,0.0,0.012382025107819532,0.019230769230769232,0.0
stemming,Vetorial (TF-IDF),88,0.6,1.0,0.7499999999999999,0.8551587301587301,1.0,0.96460901154151
stemming,BM25,88,0.6,1.0,0.7499999999999999,0.6968253968253969,0.5,0.7682029704933027
stemming,Vetorial (TF-IDF),89,0.3,0.5,0.37499999999999994,0.2816987202233104,0.3333333333333333,0.41472664723418906
stemming,BM25,89,0.2,0.3333333333333333,0.25,0.2492063492063492,0.5,0.3571371676866306
stemming,Vetorial (TF-IDF),90,0.4,0.3076923076923077,0.34782608695652173,0.2468266199168269,0.3333333333333333,0.24621342248707576
stemming,BM25,90,0.3,0.23076923076923078,0.2608695652173913,0.2017868424102373,0.5,0.18132022134674636
stemming,Vetorial (TF-IDF),91,0.4,0.4444444444444444,0.4210526315789474,0.3434242977101287,0.5,0.4559977146270124
stemming,BM25,91,0.5,0.5555555555555556,0.5263157894736842,0.4712847033206315,1.0,0.6547059690012266
stemming,Vetorial (TF-IDF),92,0.7,0.5384615384615384,0.608695652173913,0.5229077790564387,0.5,0.4160661013528454
stemming,BM25,92,0.7,0.5384615384615384,0.608695652173913,0.5166524660516126,1.0,0.4242155004889724
stemming,Vetorial (TF-IDF),93,0.1,1.0,0.18181818181818182,0.5,0.5,0.6309297535714575
stemming,BM25,93,0.1,1.0,0.18181818181818182,0.5,0.5,0.6309297535714575
stemming,Vetorial (TF-IDF),94,0.6,0.5,0.5454545454545454,0.6254774672181238,1.0,0.572649124546192
stemming,BM25,94,0.6,0.5,0.5454545454545454,0.6131301673772426,1.0,0.5670107585712584
stemming,Vetorial (TF-IDF),95,0.2,1.0,0.33333333333333337,0.8333333333333333,1.0,0.6478180753414247
stemming,BM25,95,0.2,1.0,0.33333333333333337,0.41666666666666663,0.5,0.44391917204490255
stemming,Vetorial (TF-IDF),96,0.4,0.3076923076923077,0.34782608695652173,0.32721196059373653,1.0,0.28681165462434677
stemming,BM25,96,0.7,0.5384615384615384,0.608695652173913,0.4602237506623043,0.5,0.534363044660045
stemming,Vetorial (TF-IDF),97,0.2,0.2,0.20000000000000004,0.11369286885953833,0.3333333333333333,0.15568006268561246
stemming,BM25,97,0.3,0.3,0.3,0.180372730731506,0.5,0.2700047035420613
stemming,Vetorial (TF-IDF),98,0.0,0.0,0.0,0.02095699147423285,0.05555555555555555,0.0
stemming,BM25,98,0.0,0.0,0.0,0.023622366395338303,0.0625,0.0
stemming,Vetorial (TF-IDF),99,0.2,0.5,0.28571428571428575,0.2305383022774327,0.5,0.43845845361268365
stemming,BM25,99,0.2,0.5,0.28571428571428575,0.19463092800562554,0.3333333333333333,0.3939150632681898
stemming,Vetorial (TF-IDF),100,0.2,0.2222222222222222,0.2105263157894737,0.2032442504054951,0.5,0.30646854645034693
stemming,BM25,100,0.3,0.3333333333333333,0.3157894736842105,0.2690100856004747,1.0,0.4587042971840831
stemming,Vetorial (TF-IDF),101,0.5,0.8333333333333334,0.625,0.8555555555555555,1.0,0.8065949812509472
stemming,BM25,101,0.5,0.8333333333333334,0.625,0.7652777777777776,1.0,0.8435486761968861
stemming,Vetorial (TF-IDF),102,0.2,0.5,0.28571428571428575,0.5288617886178862,1.0,0.6177019359714346
stemming,BM25,102,0.2,0.5,0.28571428571428575,0.3770416227608009,1.0,0.44539833841715704
stemming,Vetorial (TF-IDF),103,0.0,0.0,0.0,0.04069867492686285,0.07692307692307693,0.0
stemming,BM25,103,0.0,0.0,0.0,0.030578625849406273,0.058823529411764705,0.0
stemming,Vetorial (TF-IDF),104,0.0,0.0,0.0,0.02732202895501134,0.03333333333333333,0.0
stemming,BM25,104,0.1,0.2,0.13333333333333333,0.10877191227629275,0.25,0.14606834984270645
stemming,Vetorial (TF-IDF),105,0.3,0.6,0.4,0.5444444444444444,1.0,0.7422329748991158
stemming,BM25,105,0.3,0.6,0.4,0.5382661726107766,1.0,0.7422329748991158
stemming,Vetorial (TF-IDF),106,0.2,0.4,0.26666666666666666,0.31145667198298777,1.0,0.5453615398432523
stemming,BM25,106,0.3,0.6,0.4,0.43143532590341094,1.0,0.6667643013050207
stemming,Vetorial (TF-IDF),107,0.2,0.2857142857142857,0.23529411764705882,0.2636256587795402,0.5,0.30557159190628264
stemming,BM25,107,0.4,0.5714285714285714,0.47058823529411764,0.3568040368952223,0.5,0.4198600235980826
stemming,Vetorial (TF-IDF),108,0.5,0.7142857142857143,0.588235294117647,0.7508245722531435,1.0,0.6913942841451739
stemming,BM25,108,0.5,0.7142857142857143,0.588235294117647,0.8108320251177394,1.0,0.7827419656211998
stemming,Vetorial (TF-IDF),109,0.0,0.0,0.0,0.03531339995859535,0.034482758620689655,0.0
stemming,BM25,109,0.0,0.0,0.0,0.04111832998047131,0.02631578947368421,0.0
stemming,Vetorial (TF-IDF),110,0.1,0.25,0.14285714285714288,0.19177223050173867,0.5,0.3172735113973356
stemming,BM25,110,0.1,0.25,0.14285714285714288,0.15579148252310165,0.5,0.3172735113973356
stemming,Vetorial (TF-IDF),111,0.3,0.42857142857142855,0.3529411764705882,0.30018775624168414,0.3333333333333333,0.27804019273999975
stemming,BM25,111,0.3,0.42857142857142855,0.3529411764705882,0.32660680474345066,0.5,0.28074417687026526
stemming,Vetorial (TF-IDF),112,0.1,0.5,0.16666666666666669,0.28448275862068967,0.5,0.23981246656813146
stemming,BM25,112,0.1,0.5,0.16666666666666669,0.2934782608695652,0.5,0.23981246656813146
stemming,Vetorial (TF-IDF),113,0.0,0.0,0.0,0.0457592775592074,0.05263157894736842,0.0
stemming,BM25,113,0.1,0.25,0.14285714285714288,0.1341236691236691,0.3333333333333333,0.19519002499605084
stemming,Vetorial (TF-IDF),114,0.2,0.5,0.28571428571428575,0.119526060296372,0.2,0.31240307581599036
stemming,BM25,114,0.1,0.25,0.14285714285714288,0.07466989241172814,0.125,0.16273360041832377
stemming,Vetorial (TF-IDF),115,0.0,0.0,0.0,0.011834858022573135,0.022727272727272728,0.0
stemming,BM25,115,0.1,0.25,0.14285714285714288,0.04768379893105049,0.14285714285714285,0.15814112524003557
stemming,Vetorial (TF-IDF),116,0.1,0.2,0.13333333333333333,0.04827961652001493,0.16666666666666666,0.09486127395381615
stemming,BM25,116,0.1,0.2,0.13333333333333333,0.07781038322056319,0.3333333333333333,0.13315463217345028
stemming,Vetorial (TF-IDF),117,0.0,0.0,0.0,0.025213675213675214,0.03333333333333333,0.0
stemming,BM25,117,0.0,0.0,0.0,0.031818181818181815,0.030303030303030304,0.0
stemming,Vetorial (TF-IDF),118,0.1,0.3333333333333333,0.15384615384615383,0.21580594679186227,0.5,0.3597186998521971
stemming,BM25,118,0.2,0.6666666666666666,0.30769230769230765,0.225,0.25,0.39258655345796484
stemming,Vetorial (TF-IDF),119,0.1,1.0,0.18181818181818182,1.0,1.0,1.0
stemming,BM25,119,0.1,1.0,0.18181818181818182,1.0,1.0,1.0
stemming,Vetorial (TF-IDF),120,0.5,0.5555555555555556,0.5263157894736842,0.5133299815652758,0.5,0.5627510813728639
stemming,BM25,120,0.5,0.5555555555555556,0.5263157894736842,0.44687244932254,0.5,0.5024614293975009
stemming,Vetorial (TF-IDF),121,0.3,0.42857142857142855,0.3529411764705882,0.5222483398953988,1.0,0.4604800187509744
stemming,BM25,121,0.4,0.5714285714285714,0.47058823529411764,0.5128441451022095,0.5,0.5178516971509959
stemming,Vetorial (TF-IDF),122,0.2,0.2222222222222222,0.2105263157894737,0.17993420229748588,0.25,0.08077741092697005
stemming,BM25,122,0.2,0.2222222222222222,0.2105263157894737,0.1566331235724616,0.16666666666666666,0.06813125048970954
stemming,Vetorial (TF-IDF),123,0.1,0.5,0.16666666666666669,0.10714285714285714,0.16666666666666666,0.2507406824493034
stemming,BM25,123,0.0,0.0,0.0,0.07196969696969696,0.08333333333333333,0.0
stemming,Vetorial (TF-IDF),124,0.0,0.0,0.0,0.003648425801907295,0.0043859649122807015,0.0
stemming,BM25,124,0.0,0.0,0.0,0.003342075535885055,0.004166666666666667,0.0
stemming,Vetorial (TF-IDF),125,0.2,0.11764705882352941,0.14814814814814817,0.2775648074066751,1.0,0.30453285139313657
stemming,BM25,125,0.3,0.17647058823529413,0.22222222222222224,0.275999811942087,1.0,0.39916724164248263
stemming,Vetorial (TF-IDF),126,0.2,0.25,0.22222222222222224,0.16619740508369132,0.5,0.35571812677402137
stemming,BM25,126,0.2,0.25,0.22222222222222224,0.22308100515909288,1.0,0.4718040076989788
stemming,Vetorial (TF-IDF),127,0.1,0.2,0.13333333333333333,0.1708593322386426,0.5,0.18804762895303986
stemming,BM25,127,0.1,0.2,0.13333333333333333,0.1149135301309214,0.25,0.1283624763817471
stemming,Vetorial (TF-IDF),128,0.0,0.0,0.0,0.020420877751626747,0.03225806451612903,0.0
stemming,BM25,128,0.0,0.0,0.0,0.025094835132769184,0.043478260869565216,0.0
stemming,Vetorial (TF-IDF),129,0.3,0.42857142857142855,0.3529411764705882,0.2900334737069431,0.5,0.40522949802881075
stemming,BM25,129,0.4,0.5714285714285714,0.47058823529411764,0.4195349641493259,0.5,0.5498798600548418
stemming,Vetorial (TF-IDF),130,0.4,0.8,0.5333333333333333,0.4738325281803542,0.5,0.6126319711150736
stemming,BM25,130,0.4,0.8,0.5333333333333333,0.5563821138211382,1.0,0.7111343355049466
stemming,Vetorial (TF-IDF),131,0.2,0.25,0.22222222222222224,0.2821402190645612,0.14285714285714285,0.17371411448439267
stemming,BM25,131,0.2,0.25,0.22222222222222224,0.3105121304134462,0.16666666666666666,0.10703695270663816
stemming,Vetorial (TF-IDF),132,0.7,0.4666666666666667,0.56,0.6922306397306397,1.0,0.6414729300943207
stemming,BM25,132,0.8,0.5333333333333333,0.64,0.6898893698893699,0.5,0.5585159218199318
stemming,Vetorial (TF-IDF),133,0.1,0.14285714285714285,0.11764705882352941,0.2035703978561121,0.2,0.1658437712408864
stemming,BM25,133,0.4,0.5714285714285714,0.47058823529411764,0.29677871148459384,0.16666666666666666,0.37497370503425104
stemming,Vetorial (TF-IDF),134,0.1,0.5,0.16666666666666669,0.3088235294117647,0.5,0.2960819109658652
stemming,BM25,134,0.1,0.5,0.16666666666666669,0.29,0.5,0.2960819109658652
stemming,Vetorial (TF-IDF),135,0.4,0.5,0.4444444444444445,0.5823593073593073,1.0,0.33555178604667807
stemming,BM25,135,0.6,0.75,0.6666666666666665,0.7288690476190476,1.0,0.5926252128746972
stemming,Vetorial (TF-IDF),136,0.1,0.3333333333333333,0.15384615384615383,0.12657784011220197,0.25,0.33574933102415944
stemming,BM25,136,0.2,0.6666666666666666,0.30769230769230765,0.42740740740740746,1.0,0.838255482385076
stemming,Vetorial (TF-IDF),137,0.2,0.5,0.28571428571428575,0.2589285714285714,0.25,0.2495454391052197
stemming,BM25,137,0.2,0.5,0.28571428571428575,0.22785482258870565,0.5,0.30911702355641374
stemming,Vetorial (TF-IDF),138,0.1,0.5,0.16666666666666669,0.11142857142857143,0.14285714285714285,0.20438239758848611
stemming,BM25,138,0.1,0.5,0.16666666666666669,0.16346153846153846,0.25,0.2640681225725909
stemming,Vetorial (TF-IDF),139,0.0,0.0,0.0,0.006732348288221908,0.010101010101010102,0.0
stemming,BM25,139,0.0,0.0,0.0,0.009955675828567689,0.010526315789473684,0.0
stemming,Vetorial (TF-IDF),140,0.2,0.3333333333333333,0.25,0.08415822157325979,0.125,0.2451562175552278
stemming,BM25,140,0.2,0.3333333333333333,0.25,0.16916171036238825,0.5,0.3925462634010175
stemming,Vetorial (TF-IDF),141,0.2,0.3333333333333333,0.25,0.16742507813936383,0.25,0.2121882558209537
stemming,BM25,141,0.2,0.3333333333333333,0.25,0.13923920578332344,0.25,0.22665420703192363
stemming,Vetorial (TF-IDF),142,0.0,0.0,0.0,0.05,0.05,0.0
stemming,BM25,142,0.0,0.0,0.0,0.07692307692307693,0.07692307692307693,0.0
stemming,Vetorial (TF-IDF),143,0.2,1.0,0.33333333333333337,0.5833333333333333,0.5,0.6934264036172708
stemming,BM25,143,0.1,0.5,0.16666666666666669,0.5909090909090909,1.0,0.6131471927654584
stemming,Vetorial (TF-IDF),144,0.4,0.6666666666666666,0.5,0.6605311355311355,1.0,0.7269680061753996
stemming,BM25,144,0.4,0.6666666666666666,0.5,0.423015873015873,0.5,0.5106941928324288
stemming,Vetorial (TF-IDF),145,0.4,0.5714285714285714,0.47058823529411764,0.5335052737595111,1.0,0.6441281434529017
stemming,BM25,145,0.4,0.5714285714285714,0.47058823529411764,0.3080536562451068,0.5,0.49457095505440585
stemming,Vetorial (TF-IDF),146,0.2,1.0,0.33333333333333337,0.5833333333333333,0.5,0.6199062332840657
stemming,BM25,146,0.2,1.0,0.33333333333333337,0.5833333333333333,0.5,0.6199062332840657
stemming,Vetorial (TF-IDF),147,0.2,0.2,0.20000000000000004,0.2411400173745491,0.5,0.23516486475074658
stemming,BM25,147,0.3,0.3,0.3,0.24836516431756475,0.5,0.33025464306722735
stemming,Vetorial (TF-IDF),148,0.3,0.5,0.37499999999999994,0.4732919201606743,1.0,0.6413083956181767
stemming,BM25,148,0.2,0.3333333333333333,0.25,0.3213910563657565,1.0,0.5148586863637864
stemming,Vetorial (TF-IDF),149,0.4,0.36363636363636365,0.380952380952381,0.3415438011243386,1.0,0.45449827622138
stemming,BM25,149,0.4,0.36363636363636365,0.380952380952381,0.31653078056821377,1.0,0.4351098955930419
stemming,Vetorial (TF-IDF),150,0.2,1.0,0.33333333333333337,0.5833333333333333,0.5,0.6934264036172708
stemming,BM25,150,0.2,1.0,0.33333333333333337,0.5833333333333333,0.5,0.6934264036172708
stemming,Vetorial (TF-IDF),151,0.0,0.0,0.0,0.033024394319131165,0.08333333333333333,0.0
stemming,BM25,151,0.0,0.0,0.0,0.033923605146057696,0.05,0.0
stemming,Vetorial (TF-IDF),152,0.0,0.0,0.0,0.022764699358492995,0.045454545454545456,0.0
stemming,BM25,152,0.0,0.0,0.0,0.012891375809363878,0.025,0.0
stemming,Vetorial (TF-IDF),153,0.3,0.42857142857142855,0.3529411764705882,0.27718674281578654,0.5,0.3465885302021158
stemming,BM25,153,0.3,0.42857142857142855,0.3529411764705882,0.3117635344684491,0.5,0.3536573263781091
stemming,Vetorial (TF-IDF),154,0.2,1.0,0.33333333333333337,0.5833333333333333,0.5,0.6480409554829326
stemming,BM25,154,0.2,1.0,0.33333333333333337,0.75,1.0,0.7724397457735779
stemming,Vetorial (TF-IDF),155,0.3,0.5,0.37499999999999994,0.35415926868132,1.0,0.3450828734303507
stemming,BM25,155,0.1,0.16666666666666666,0.125,0.1414372017982647,0.5,0.1420364328899563
stemming,Vetorial (TF-IDF),156,0.7,0.5,0.5833333333333334,0.5606727725272481,1.0,0.620104160674023
stemming,BM25,156,0.7,0.5,0.5833333333333334,0.5368649311366411,1.0,0.5728198349525341
stemming,Vetorial (TF-IDF),157,0.7,0.1794871794871795,0.2857142857142857,0.42488926847470837,0.5,0.531667000620036
stemming,BM25,157,0.7,0.1794871794871795,0.2857142857142857,0.36940132807017767,0.5,0.5716530315155415
stemming,Vetorial (TF-IDF),158,0.2,0.25,0.22222222222222224,0.3162107097462814,1.0,0.5347363368441794
stemming,BM25,158,0.3,0.375,0.33333333333333326,0.36068014631948186,1.0,0.6396601408337269
stemming,Vetorial (TF-IDF),159,0.2,0.25,0.22222222222222224,0.10737287841551464,0.3333333333333333,0.1776028646926492
stemming,BM25,159,0.2,0.25,0.22222222222222224,0.08293081198094522,0.2,0.14807333134056339
stemming,Vetorial (TF-IDF),160,0.0,0.0,0.0,0.036798823966598906,0.07692307692307693,0.0
stemming,BM25,160,0.1,0.2,0.13333333333333333,0.11980136909370405,0.5,0.24842742676916893
stemming,Vetorial (TF-IDF),161,0.3,0.5,0.37499999999999994,0.5584021327829377,1.0,0.6566395281925979
stemming,BM25,161,0.3,0.5,0.37499999999999994,0.5339889579020013,1.0,0.7193068819147438
stemming,Vetorial (TF-IDF),162,0.1,0.125,0.11111111111111112,0.15698396428107705,0.3333333333333333,0.10890713997619114
stemming,BM25,162,0.2,0.25,0.22222222222222224,0.23726883092520262,0.5,0.20052414662599183
stemming,Vetorial (TF-IDF),163,0.2,0.6666666666666666,0.30769230769230765,0.39139515455304924,0.5,0.5307212739772434
stemming,BM25,163,0.2,0.6666666666666666,0.30769230769230765,0.28888888888888886,0.3333333333333333,0.4367467095119258
stemming,Vetorial (TF-IDF),164,0.4,0.5,0.4444444444444445,0.39636719630380884,0.5,0.4724550331638209
stemming,BM25,164,0.4,0.5,0.4444444444444445,0.4340258771266281,1.0,0.5836009898419682
stemming,Vetorial (TF-IDF),165,0.2,1.0,0.33333333333333337,0.3611111111111111,0.5,0.5714285040141098
stemming,BM25,165,0.2,1.0,0.33333333333333337,0.5833333333333333,0.5,0.6934264036172708
stemming,Vetorial (TF-IDF),166,0.0,0.0,0.0,0.023220957982743415,0.029411764705882353,0.0
stemming,BM25,166,0.0,0.0,0.0,0.03376843448344857,0.0625,0.0
stemming,Vetorial (TF-IDF),167,0.0,0.0,0.0,0.10512820512820513,0.07692307692307693,0.0
stemming,BM25,167,0.2,1.0,0.33333333333333337,0.41666666666666663,0.3333333333333333,0.5540663910176149
stemming,Vetorial (TF-IDF),168,0.1,0.5,0.16666666666666669,0.3269230769230769,0.5,0.38685280723454163
stemming,BM25,168,0.1,0.5,0.16666666666666669,0.10476190476190475,0.14285714285714285,0.20438239758848611
stemming,Vetorial (TF-IDF),169,0.2,0.5,0.28571428571428575,0.18443396226415093,0.25,0.28097267762005274
stemming,BM25,169,0.2,0.5,0.28571428571428575,0.2773584905660378,0.5,0.4144299250118475
stemming,Vetorial (TF-IDF),170,0.5,0.8333333333333334,0.625,0.5096115808732631,0.5,0.6618169848245651
stemming,BM25,170,0.4,0.6666666666666666,0.5,0.5789682539682539,1.0,0.7407757680700243
stemming,Vetorial (TF-IDF),171,0.3,1.0,0.4615384615384615,0.6666666666666666,1.0,0.8336759051146165
stemming,BM25,171,0.3,1.0,0.4615384615384615,0.6388888888888888,0.5,0.6757709465491791
stemming,Vetorial (TF-IDF),172,0.4,1.0,0.5714285714285715,0.6791666666666667,0.5,0.7179581484098557
stemming,BM25,172,0.4,1.0,0.5714285714285715,0.8041666666666667,1.0,0.8940187669412318
stemming,Vetorial (TF-IDF),173,0.2,1.0,0.33333333333333337,0.5833333333333333,0.5,0.6934264036172708
stemming,BM25,173,0.2,1.0,0.33333333333333337,1.0,1.0,1.0
stemming,Vetorial (TF-IDF),174,0.2,0.4,0.26666666666666666,0.15379371028189667,0.5,0.36069019466199115
stemming,BM25,174,0.1,0.2,0.13333333333333333,0.07902762616800393,0.2,0.1516683004412345
stemming,Vetorial (TF-IDF),175,0.0,0.0,0.0,0.03445458166943578,0.07142857142857142,0.0
stemming,BM25,175,0.0,0.0,0.0,0.04038916625402222,0.05555555555555555,0.0
stemming,Vetorial (TF-IDF),176,0.0,0.0,0.0,0.04919015557033781,0.05555555555555555,0.0
stemming,BM25,176,0.0,0.0,0.0,0.050202833601251204,0.08333333333333333,0.0
stemming,Vetorial (TF-IDF),177,0.4,0.8,0.5333333333333333,0.7476190476190475,1.0,0.8388372112048964
stemming,BM25,177,0.3,0.6,0.4,0.656060606060606,1.0,0.735051111575158
stemming,Vetorial (TF-IDF),178,0.3,0.75,0.4285714285714285,0.581845238095238,1.0,0.8285667938846686
stemming,BM25,178,0.3,0.75,0.4285714285714285,0.4888888888888888,1.0,0.8056332245823165
stemming,Vetorial (TF-IDF),179,0.2,0.5,0.28571428571428575,0.2624163879598662,0.5,0.3973220069685352
stemming,BM25,179,0.2,0.5,0.28571428571428575,0.3194677871148459,0.5,0.44149241373678083
stemming,Vetorial (TF-IDF),180,0.3,0.42857142857142855,0.3529411764705882,0.3504928989139516,0.5,0.3818259591629045
stemming,BM25,180,0.3,0.42857142857142855,0.3529411764705882,0.3968706404337633,0.5,0.39216949344416374
stemming,Vetorial (TF-IDF),181,0.1,0.2,0.13333333333333333,0.2588337082974399,1.0,0.24913276910075044
stemming,BM25,181,0.2,0.4,0.26666666666666666,0.269859975415531,1.0,0.3571560500460547
stemming,Vetorial (TF-IDF),182,0.2,1.0,0.33333333333333337,0.5833333333333333,0.5,0.66967181649423
stemming,BM25,182,0.2,1.0,0.33333333333333337,0.5833333333333333,0.5,0.66967181649423
stemming,Vetorial (TF-IDF),183,0.6,0.46153846153846156,0.5217391304347826,0.51779918945992,1.0,0.44283147170740933
stemming,BM25,183,0.5,0.38461538461538464,0.4347826086956522,0.4399393378655056,1.0,0.5852487607611395
stemming,Vetorial (TF-IDF),184,0.1,0.14285714285714285,0.11764705882352941,0.11125296918241459,0.16666666666666666,0.10261394971732615
stemming,BM25,184,0.3,0.42857142857142855,0.3529411764705882,0.253768985304792,0.5,0.3764684625239823
stemming,Vetorial (TF-IDF),185,0.6,0.6666666666666666,0.631578947368421,0.7982822188704541,1.0,0.7972622302120428
stemming,BM25,185,0.6,0.6666666666666666,0.631578947368421,0.8246031746031746,1.0,0.8261838682270954
stemming,Vetorial (TF-IDF),186,0.5,0.3125,0.38461538461538464,0.26323036437805253,1.0,0.5677211578528083
stemming,BM25,186,0.4,0.25,0.3076923076923077,0.17426840792492193,0.5,0.37326895379685443
stemming,Vetorial (TF-IDF),187,0.1,0.16666666666666666,0.125,0.09435041466757453,0.2,0.1237310243917846
stemming,BM25,187,0.1,0.16666666666666666,0.125,0.13370934509119192,0.5,0.20179660912043726
stemming,Vetorial (TF-IDF),188,0.4,0.36363636363636365,0.380952380952381,0.4533257596422491,1.0,0.5671692943870837
stemming,BM25,188,0.4,0.36363636363636365,0.380952380952381,0.4683151617084341,1.0,0.5676604666844975
stemming,Vetorial (TF-IDF),189,0.3,0.3333333333333333,0.3157894736842105,0.17718512814575743,0.3333333333333333,0.2097154269139836
stemming,BM25,189,0.3,0.3333333333333333,0.3157894736842105,0.17577493296011815,0.2,0.1708049951447355
stemming,Vetorial (TF-IDF),190,0.3,0.6,0.4,0.3386904761904762,0.3333333333333333,0.38909292469734424
stemming,BM25,190,0.2,0.4,0.26666666666666666,0.4179085941381023,1.0,0.4141310738940405
stemming,Vetorial (TF-IDF),191,0.7,0.5384615384615384,0.608695652173913,0.6031106681393626,0.5,0.4298248758003939
stemming,BM25,191,0.4,0.3076923076923077,0.34782608695652173,0.367239471834285,0.2,0.2391517812687305
stemming,Vetorial (TF-IDF),192,0.3,0.75,0.4285714285714285,0.439922480620155,0.5,0.5805485932475565
stemming,BM25,192,0.3,0.75,0.4285714285714285,0.508578431372549,0.5,0.6096199500078984
stemming,Vetorial (TF-IDF),193,0.7,0.7777777777777778,0.7368421052631577,0.6632216229917379,1.0,0.722737617742198
stemming,BM25,193,0.8,0.8888888888888888,0.8421052631578948,0.8217760738947179,1.0,0.8804078319969554
stemming,Vetorial (TF-IDF),194,0.4,0.6666666666666666,0.5,0.29528453225261736,0.25,0.3453324006761908
stemming,BM25,194,0.3,0.5,0.37499999999999994,0.24958282458282458,0.3333333333333333,0.32527302754744153
stemming,Vetorial (TF-IDF),195,0.1,0.3333333333333333,0.15384615384615383,0.08776844070961719,0.16666666666666666,0.16716045496620227
stemming,BM25,195,0.1,0.3333333333333333,0.15384615384615383,0.12492401215805471,0.2,0.18154179253735267
stemming,Vetorial (TF-IDF),196,0.2,0.16666666666666666,0.1818181818181818,0.16236302793504023,1.0,0.2735248552481181
stemming,BM25,196,0.3,0.25,0.2727272727272727,0.15504847952657555,0.5,0.2952819749811217
stemming,Vetorial (TF-IDF),197,0.3,1.0,0.4615384615384615,0.8333333333333334,1.0,0.8752045980473071
stemming,BM25,197,0.2,0.6666666666666666,0.30769230769230765,0.6180555555555555,1.0,0.6651640917528849
stemming,Vetorial (TF-IDF),198,0.2,0.5,0.28571428571428575,0.4036458333333333,1.0,0.5608687216151036
stemming,BM25,198,0.3,0.75,0.4285714285714285,0.4939708141321044,1.0,0.7000317044829032
stemming,Vetorial (TF-IDF),199,0.1,0.125,0.11111111111111112,0.13653298906492572,0.3333333333333333,0.11118257019233733
stemming,BM25,199,0.2,0.25,0.22222222222222224,0.08904347120810537,0.14285714285714285,0.1442701050744509
stemming,Vetorial (TF-IDF),200,0.1,0.3333333333333333,0.15384615384615383,0.24537037037037038,0.5,0.2960819109658653
stemming,BM25,200,0.2,0.6666666666666666,0.30769230769230765,0.34347826086956523,0.5,0.4776237035032179
stemming,Vetorial (TF-IDF),201,0.4,0.25,0.3076923076923077,0.2538024114155944,1.0,0.4337560505588687
stemming,BM25,201,0.5,0.3125,0.38461538461538464,0.3226359295753417,1.0,0.5782441006315759
stemming,Vetorial (TF-IDF),202,0.4,0.2857142857142857,0.3333333333333333,0.21877854513848569,0.25,0.22842277462494356
stemming,BM25,202,0.3,0.21428571428571427,0.25,0.21473872975928196,0.5,0.21329730238906844
stemming,Vetorial (TF-IDF),203,0.2,0.14285714285714285,0.16666666666666666,0.12098039198987924,0.5,0.23571622219367047
stemming,BM25,203,0.3,0.21428571428571427,0.25,0.15173482744566216,0.5,0.3535743332905057
stemming,Vetorial (TF-IDF),204,0.2,0.14285714285714285,0.16666666666666666,0.07323830964327684,0.3333333333333333,0.24061779253610308
stemming,BM25,204,0.0,0.0,0.0,0.03922247918528802,0.0625,0.0
stemming,Vetorial (TF-IDF),205,0.2,1.0,0.33333333333333337,0.5,0.5,0.6509209298071326
stemming,BM25,205,0.2,1.0,0.33333333333333337,0.75,1.0,0.8772153153380493
stemming,Vetorial (TF-IDF),206,0.1,0.3333333333333333,0.15384615384615383,0.09365079365079365,0.1111111111111111,0.15325339954248823
stemming,BM25,206,0.2,0.6666666666666666,0.30769230769230765,0.27961939840392874,0.5,0.5025482315787808
stemming,Vetorial (TF-IDF),207,0.2,0.4,0.26666666666666666,0.33811708759077186,1.0,0.4065385723067921
stemming,BM25,207,0.2,0.4,0.26666666666666666,0.19148642456180545,0.5,0.3460188460641082
stemming,Vetorial (TF-IDF),208,0.3,0.5,0.37499999999999994,0.46599136730715673,0.5,0.5324015481145994
stemming,BM25,208,0.6,1.0,0.7499999999999999,0.7027777777777778,0.5,0.7711046000160218
stemming,Vetorial (TF-IDF),209,0.4,0.3333333333333333,0.3636363636363636,0.23415105488861707,0.3333333333333333,0.23655463059537046
stemming,BM25,209,0.2,0.16666666666666666,0.1818181818181818,0.14549794801112922,0.3333333333333333,0.13406026879118524
stemming,Vetorial (TF-IDF),210,0.2,0.3333333333333333,0.25,0.3321385545025944,1.0,0.48255059646431975
stemming,BM25,210,0.2,0.3333333333333333,0.25,0.34665279314402114,1.0,0.48255059646431975
stemming,Vetorial (TF-IDF),211,0.1,0.09090909090909091,0.09523809523809525,0.18339812434208494,0.5,0.06915853724156651
stemming,BM25,211,0.1,0.09090909090909091,0.09523809523809525,0.16608313028416302,0.3333333333333333,0.054806844066305226
stemming,Vetorial (TF-IDF),212,0.5,0.35714285714285715,0.41666666666666663,0.4653921399847725,1.0,0.5706514383061244
stemming,BM25,212,0.6,0.42857142857142855,0.5,0.4937470086350203,1.0,0.5990459684376467
stemming,Vetorial (TF-IDF),213,0.5,0.45454545454545453,0.47619047619047616,0.5307178966097501,1.0,0.6260657326076314
stemming,BM25,213,0.5,0.45454545454545453,0.47619047619047616,0.5784343580692465,1.0,0.5882174287776927
stemming,Vetorial (TF-IDF),214,0.1,0.25,0.14285714285714288,0.14989897364374352,0.5,0.24630238874073
stemming,BM25,214,0.1,0.25,0.14285714285714288,0.1564350396279557,0.5,0.24630238874073
stemming,Vetorial (TF-IDF),215,0.0,0.0,0.0,0.042069992553983616,0.058823529411764705,0.0
stemming,BM25,215,0.0,0.0,0.0,0.04390681003584229,0.05555555555555555,0.0
stemming,Vetorial (TF-IDF),216,0.0,0.0,0.0,0.0015313935681470138,0.0015313935681470138,0.0
stemming,BM25,216,0.0,0.0,0.0,0.0016420361247947454,0.0016420361247947454,0.0
stemming,Vetorial (TF-IDF),217,0.4,0.26666666666666666,0.32,0.24334722561564906,0.5,0.3369591133594769
stemming,BM25,217,0.3,0.2,0.24,0.2821228048555812,1.0,0.3633594916076798
stemming,Vetorial (TF-IDF),218,0.4,0.26666666666666666,0.32,0.34933623835102406,1.0,0.4439910031732198
stemming,BM25,218,0.5,0.3333333333333333,0.4,0.25816767078208624,0.3333333333333333,0.3555712397618239
stemming,Vetorial (TF-IDF),219,0.1,0.05555555555555555,0.07142857142857142,0.060562947430170815,0.14285714285714285,0.07467264456021759
stemming,BM25,219,0.0,0.0,0.0,0.037145791247787975,0.02,0.0
stemming,Vetorial (TF-IDF),220,0.4,0.21052631578947367,0.27586206896551724,0.161737241476913,0.16666666666666666,0.18039095106186256
stemming,BM25,220,0.3,0.15789473684210525,0.20689655172413793,0.22426815990326604,1.0,0.2749002908196806
stemming,Vetorial (TF-IDF),221,0.4,0.2222222222222222,0.2857142857142857,0.24349402255017946,1.0,0.3752042463148583
stemming,BM25,221,0.4,0.2222222222222222,0.2857142857142857,0.2344372385258131,1.0,0.36997682515423536
stemming,Vetorial (TF-IDF),222,0.6,0.6666666666666666,0.631578947368421,0.6600320245057087,1.0,0.7270738446428396
stemming,BM25,222,0.6,0.6666666666666666,0.631578947368421,0.7048164181497514,1.0,0.7398217775088498
stemming,Vetorial (TF-IDF),223,0.2,0.5,0.28571428571428575,0.46151960784313717,1.0,0.5855700749881525
stemming,BM25,223,0.3,0.75,0.4285714285714285,0.5009057971014492,0.5,0.6096199500078984
stemming,Vetorial (TF-IDF),224,0.1,0.125,0.11111111111111112,0.13621899161983403,0.125,0.083110417259943
stemming,BM25,224,0.1,0.125,0.11111111111111112,0.12845181060641586,0.14285714285714285,0.08781792985086533
stemming,Vetorial (TF-IDF),225,0.2,0.08333333333333333,0.11764705882352941,0.09901077292895007,0.5,0.1453844457692427
stemming,BM25,225,0.3,0.125,0.17647058823529413,0.09613139052374936,0.5,0.19653126457253
both,Vetorial (TF-IDF),1,0.6,0.21428571428571427,0.3157894736842105,0.31533297699455304,1.0,0.5365078682328377
both,BM25,1,0.4,0.14285714285714285,0.21052631578947364,0.23388176552346168,1.0,0.3600040790944101
both,Vetorial (TF-IDF),2,0.4,0.16666666666666666,0.23529411764705882,0.2207451662989329,1.0,0.6049211728888212
both,BM25,2,0.4,0.16666666666666666,0.23529411764705882,0.2154632210670113,1.0,0.5869866805081211
both,Vetorial (TF-IDF),3,0.7,0.875,0.7777777777777777,0.6873538011695908,0.5,0.7388864036938406
both,BM25,3,0.7,0.875,0.7777777777777777,0.6708423520923521,0.5,0.7434060993872782
both,Vetorial (TF-IDF),4,0.1,0.5,0.16666666666666669,0.5833333333333334,1.0,0.6131471927654584
both,BM25,4,0.1,0.5,0.16666666666666669,0.5344827586206896,1.0,0.6131471927654584
both,Vetorial (TF-IDF),5,0.2,0.5,0.28571428571428575,0.2653801843317972,0.5,0.38048398765388947
both,BM25,5,0.3,0.75,0.4285714285714285,0.41515151515151516,0.5,0.5882457875906547
both,Vetorial (TF-IDF),6,0.2,0.5,0.28571428571428575,0.15390406162464984,0.2,0.2896691203769041
both,BM25,6,0.1,0.25,0.14285714285714288,0.1762945914844649,0.5,0.20607801570427584
both,Vetorial (TF-IDF),7,0.2,0.4,0.26666666666666666,0.1424829010194864,0.25,0.22922701555675037
both,BM25,7,0.2,0.4,0.26666666666666666,0.17883547338540057,0.3333333333333333,0.2724558813422326
both,Vetorial (TF-IDF),8,0.2,0.18181818181818182,0.1904761904761905,0.21872339002802924,0.5,0.28339660873566963
both,BM25,8,0.1,0.09090909090909091,0.09523809523809525,0.11971239777009396,0.5,0.16842717545221192
both,Vetorial (TF-IDF),9,0.3,1.0,0.4615384615384615,1.0,1.0,1.0
both,BM25,9,0.3,1.0,0.4615384615384615,0.9166666666666666,1.0,0.9674679834891694
both,Vetorial (TF-IDF),10,0.1,0.125,0.11111111111111112,0.2028671048981307,1.0,0.209690670088435
both,BM25,10,0.1,0.125,0.11111111111111112,0.150758153444285,0.5,0.1323000828051301
both,Vetorial (TF-IDF),11,0.3,0.42857142857142855,0.3529411764705882,0.2604785417702038,0.5,0.25016498560190653
both,BM25,11,0.2,0.2857142857142857,0.23529411764705882,0.2296918105811981,0.5,0.21668217922435443
both,Vetorial (TF-IDF),12,0.2,0.4,0.26666666666666666,0.17898143741075678,0.25,0.27731855011931333
both,BM25,12,0.2,0.4,0.26666666666666666,0.27849129593810446,0.5,0.28785434950844296
both,Vetorial (TF-IDF),13,0.0,0.0,0.0,0.0,0.0,0.0
both,BM25,13,0.0,0.0,0.0,0.0,0.0,0.0
both,Vetorial (TF-IDF),14,0.1,0.5,0.16666666666666669,0.5833333333333334,1.0,0.8637574337885663
both,BM25,14,0.1,0.5,0.16666666666666669,0.5833333333333334,1.0,0.8637574337885663
both,Vetorial (TF-IDF),15,0.2,1.0,0.33333333333333337,0.6666666666666666,1.0,0.6508780296742857
both,BM25,15,0.2,1.0,0.33333333333333337,1.0,1.0,0.8597186998521972
both,Vetorial (TF-IDF),16,0.1,0.3333333333333333,0.15384615384615383,0.2019927536231884,0.5,0.23981246656813146
both,BM25,16,0.1,0.3333333333333333,0.15384615384615383,0.19877344877344874,0.5,0.23981246656813146
both,Vetorial (TF-IDF),17,0.1,0.5,0.16666666666666669,0.5079365079365079,1.0,0.7039180890341347
both,BM25,17,0.1,0.5,0.16666666666666669,0.10694444444444445,0.2,0.272312688806029
both,Vetorial (TF-IDF),18,0.1,0.3333333333333333,0.15384615384615383,0.1343568747867622,0.3333333333333333,0.23463936301137825
both,BM25,18,0.1,0.3333333333333333,0.15384615384615383,0.19550601556970984,0.5,0.2960819109658653
both,Vetorial (TF-IDF),19,0.1,0.1111111111111111,0.10526315789473685,0.13366208770831645,1.0,0.29929892505139594
both,BM25,19,0.1,0.1111111111111111,0.10526315789473685,0.07681530021153814,0.5,0.18883659702687935
both,Vetorial (TF-IDF),20,0.5,0.5555555555555556,0.5263157894736842,0.5921771130104463,0.5,0.5287324048297514
both,BM25,20,0.6,0.6666666666666666,0.631578947368421,0.5846034874490159,0.5,0.5966758057480421
both,Vetorial (TF-IDF),21,0.2,0.5,0.28571428571428575,0.2181684981684982,0.3333333333333333,0.3432619894316359
both,BM25,21,0.0,0.0,0.0,0.07080275313583641,0.09090909090909091,0.0
both,Vetorial (TF-IDF),22,0.0,0.0,0.0,0.0,0.0,0.0
both,BM25,22,0.0,0.0,0.0,0.0,0.0,0.0
both,Vetorial (TF-IDF),23,0.5,0.15625,0.23809523809523808,0.2637391091496799,0.5,0.3949887295247016
both,BM25,23,0.5,0.15625,0.23809523809523808,0.24256194971693104,0.5,0.3952495742814944
both,Vetorial (TF-IDF),24,0.2,0.6666666666666666,0.30769230769230765,0.4801587301587302,1.0,0.6904407032588902
both,BM25,24,0.2,0.6666666666666666,0.30769230769230765,0.3645833333333333,0.5,0.540460348067574
both,Vetorial (TF-IDF),25,0.4,0.4444444444444444,0.4210526315789474,0.44791402720475737,1.0,0.47874737500743586
both,BM25,25,0.6,0.6666666666666666,0.631578947368421,0.6901241123449106,1.0,0.7271751793430841
both,Vetorial (TF-IDF),26,0.3,0.5,0.37499999999999994,0.2643613242398409,0.5,0.43460856418739763
both,BM25,26,0.2,0.3333333333333333,0.25,0.2381745825805046,0.5,0.3918360297400495
both,Vetorial (TF-IDF),27,0.0,0.0,0.0,0.06775599128540305,0.058823529411764705,0.0
both,BM25,27,0.1,0.3333333333333333,0.15384615384615383,0.120415982484948,0.14285714285714285,0.12669792223864473
both,Vetorial (TF-IDF),28,0.0,0.0,0.0,0.006643164040982703,0.006896551724137931,0.0
both,BM25,28,0.0,0.0,0.0,0.005160256410256411,0.004166666666666667,0.0
both,Vetorial (TF-IDF),29,0.4,0.4444444444444444,0.4210526315789474,0.43771101526104556,1.0,0.4893490812110091
both,BM25,29,0.4,0.4444444444444444,0.4210526315789474,0.43631315243187396,1.0,0.5027196907974661
both,Vetorial (TF-IDF),30,0.0,0.0,0.0,0.05120579000269491,0.058823529411764705,0.0
both,BM25,30,0.1,0.14285714285714285,0.11764705882352941,0.07424948597503186,0.14285714285714285,0.11020989177680433
both,Vetorial (TF-IDF),31,0.0,0.0,0.0,0.0008880994671403197,0.0008880994671403197,0.0
both,BM25,31,0.0,0.0,0.0,0.0009149130832570906,0.0009149130832570906,0.0
both,Vetorial (TF-IDF),32,0.2,0.3333333333333333,0.25,0.12441381796220506,0.3333333333333333,0.11666154845162628
both,BM25,32,0.2,0.3333333333333333,0.25,0.13254820398578626,0.3333333333333333,0.1291607334315776
both,Vetorial (TF-IDF),33,0.3,1.0,0.4615384615384615,0.5888888888888889,0.5,0.6740190899733329
both,BM25,33,0.3,1.0,0.4615384615384615,0.6388888888888888,0.5,0.6973180732318199
both,Vetorial (TF-IDF),34,0.4,0.6666666666666666,0.5,0.46279461279461276,0.3333333333333333,0.4888678845006629
both,BM25,34,0.3,0.5,0.37499999999999994,0.32804768331084116,0.3333333333333333,0.3560639641845067
both,Vetorial (TF-IDF),35,0.0,0.0,0.0,0.0423076923076923,0.05,0.0
both,BM25,35,0.0,0.0,0.0,0.03341013824884793,0.03571428571428571,0.0
both,Vetorial (TF-IDF),36,0.1,0.5,0.16666666666666669,0.06447628458498024,0.125,0.1480409554829326
both,BM25,36,0.1,0.5,0.16666666666666669,0.502375296912114,1.0,0.46927872602275644
both,Vetorial (TF-IDF),37,0.2,0.2222222222222222,0.2105263157894737,0.18569803446637767,0.125,0.1823963936993017
both,BM25,37,0.1,0.1111111111111111,0.10526315789473685,0.0947992496607924,0.1111111111111111,0.05937522820073476
both,Vetorial (TF-IDF),38,0.1,0.1,0.10000000000000002,0.0372796110273648,0.125,0.05199246247101202
both,BM25,38,0.0,0.0,0.0,0.04899378661617591,0.09090909090909091,0.0
both,Vetorial (TF-IDF),39,0.2,0.15384615384615385,0.17391304347826086,0.19190702891380507,1.0,0.31889901946620486
both,BM25,39,0.2,0.15384615384615385,0.17391304347826086,0.15488046860135307,0.5,0.245451881836334
both,Vetorial (TF-IDF),40,0.2,0.16666666666666666,0.1818181818181818,0.06011000334380687,0.16666666666666666,0.10837471265026907
both,BM25,40,0.2,0.16666666666666666,0.1818181818181818,0.10257212676188603,0.3333333333333333,0.1393861786187838
both,Vetorial (TF-IDF),41,0.3,1.0,0.4615384615384615,0.7916666666666666,1.0,0.8916873528495691
both,BM25,41,0.3,1.0,0.4615384615384615,0.8666666666666667,1.0,0.9272758027051587
both,Vetorial (TF-IDF),42,0.3,0.6,0.4,0.22326183326183324,0.2,0.3901096678197017
both,BM25,42,0.3,0.6,0.4,0.18834041625803638,0.16666666666666666,0.3634706911650262
both,Vetorial (TF-IDF),43,0.5,0.8333333333333334,0.625,0.6241359447004607,1.0,0.7924811129254293
both,BM25,43,0.4,0.6666666666666666,0.5,0.5584905339723327,1.0,0.7873362959749128
both,Vetorial (TF-IDF),44,0.0,0.0,0.0,0.0,0.0,0.0
both,BM25,44,0.0,0.0,0.0,0.0,0.0,0.0
both,Vetorial (TF-IDF),45,0.2,0.16666666666666666,0.1818181818181818,0.23098888774786178,1.0,0.3602664366984503
both,BM25,45,0.1,0.08333333333333333,0.0909090909090909,0.2072463320436803,1.0,0.279901702223461
both,Vetorial (TF-IDF),46,0.5,0.3333333333333333,0.4,0.2960661035811685,0.5,0.4189201073615318
both,BM25,46,0.6,0.4,0.48,0.3824062743107925,1.0,0.5966431453790035
both,Vetorial (TF-IDF),47,0.5,0.35714285714285715,0.41666666666666663,0.3587893811864755,0.3333333333333333,0.3839002041016576
both,BM25,47,0.6,0.42857142857142855,0.5,0.40463474488737294,0.5,0.440519172880186
both,Vetorial (TF-IDF),48,0.3,0.2727272727272727,0.28571428571428564,0.17975985994096144,0.5,0.3711219827663348
both,BM25,48,0.3,0.2727272727272727,0.28571428571428564,0.2065592842309828,0.5,0.39957899626793536
both,Vetorial (TF-IDF),49,0.1,0.5,0.16666666666666669,0.14087301587301587,0.25,0.3273949503887395
both,BM25,49,0.1,0.5,0.16666666666666669,0.13448275862068965,0.2,0.2940806813328203
both,Vetorial (TF-IDF),50,0.1,0.16666666666666666,0.125,0.06150863767500278,0.25,0.19676000841063562
both,BM25,50,0.1,0.16666666666666666,0.125,0.10073756608528694,0.5,0.2882482022578178
both,Vetorial (TF-IDF),51,0.5,0.5,0.5,0.48749442586399094,1.0,0.5306259502199117
both,BM25,51,0.6,0.6,0.6,0.504439100952423,1.0,0.4836973088156431
both,Vetorial (TF-IDF),52,0.4,1.0,0.5714285714285715,0.7708333333333333,1.0,0.7123434578012986
both,BM25,52,0.4,1.0,0.5714285714285715,0.5902777777777777,0.5,0.6339959090689976
both,Vetorial (TF-IDF),53,0.2,0.2,0.20000000000000004,0.2355085385021201,1.0,0.21964686745336068
both,BM25,53,0.2,0.2,0.20000000000000004,0.27758485737832317,1.0,0.2130483765146811
both,Vetorial (TF-IDF),54,0.1,0.1111111111111111,0.10526315789473685,0.09190215037152656,0.3333333333333333,0.16868158409931971
both,BM25,54,0.1,0.1111111111111111,0.10526315789473685,0.1418398800726387,0.5,0.21285246057565374
both,Vetorial (TF-IDF),55,0.4,0.4,0.4000000000000001,0.36508836256215027,1.0,0.42883013600658065
both,BM25,55,0.4,0.4,0.4000000000000001,0.3993635071289303,1.0,0.3417898878078204
both,Vetorial (TF-IDF),56,0.2,0.2,0.20000000000000004,0.14575105849267908,0.25,0.15566983485303754
both,BM25,56,0.2,0.2,0.20000000000000004,0.12880805153512911,0.3333333333333333,0.15797981595069657
both,Vetorial (TF-IDF),57,0.2,0.14285714285714285,0.16666666666666666,0.10054156189131094,0.25,0.23073671873905705
both,BM25,57,0.1,0.07142857142857142,0.08333333333333333,0.07887808940332416,0.3333333333333333,0.18506716146503144
both,Vetorial (TF-IDF),58,0.3,0.3333333333333333,0.3157894736842105,0.23732056273107174,0.16666666666666666,0.2178816431358735
both,BM25,58,0.1,0.1111111111111111,0.10526315789473685,0.154599856030062,0.125,0.12108270501347645
both,Vetorial (TF-IDF),59,0.1,0.25,0.14285714285714288,0.1915832455216017,0.5,0.20607801570427584
both,BM25,59,0.1,0.25,0.14285714285714288,0.3105293828978039,1.0,0.32662592711430266
both,Vetorial (TF-IDF),60,0.3,0.6,0.4,0.418716577540107,1.0,0.5170077121620826
both,BM25,60,0.3,0.6,0.4,0.36036281179138324,0.5,0.40567263115233965
both,Vetorial (TF-IDF),61,0.3,0.6,0.4,0.547047619047619,1.0,0.6851691024258786
both,BM25,61,0.3,0.6,0.4,0.5473304473304473,1.0,0.6294429748465851
both,Vetorial (TF-IDF),62,0.1,0.2,0.13333333333333333,0.054063227542173,0.1111111111111111,0.06668920344096861
both,BM25,62,0.0,0.0,0.0,0.03368186062303709,0.08333333333333333,0.0
both,Vetorial (TF-IDF),63,0.0,0.0,0.0,0.036021733510869194,0.045454545454545456,0.0
both,BM25,63,0.0,0.0,0.0,0.050262876743139895,0.05263157894736842,0.0
both,Vetorial (TF-IDF),64,0.2,1.0,0.33333333333333337,0.6428571428571428,1.0,0.8484946226286495
both,BM25,64,0.1,0.5,0.16666666666666669,0.5434782608695652,1.0,0.6787956981029196
both,Vetorial (TF-IDF),65,0.5,0.3333333333333333,0.4,0.3743928141358893,1.0,0.5631760916114558
both,BM25,65,0.5,0.3333333333333333,0.4,0.2652404545946399,0.5,0.4319302016491222
both,Vetorial (TF-IDF),66,0.1,0.2,0.13333333333333333,0.18396367521367524,0.2,0.15416868446868615
both,BM25,66,0.1,0.2,0.13333333333333333,0.10607601224949223,0.2,0.15416868446868615
both,Vetorial (TF-IDF),67,0.7,0.5,0.5833333333333334,0.64476140213045,1.0,0.7500888152656768
both,BM25,67,0.6,0.42857142857142855,0.5,0.5349469651105387,1.0,0.6667691030526519
both,Vetorial (TF-IDF),68,0.1,0.2,0.13333333333333333,0.061264589443593385,0.2,0.16827202841841413
both,BM25,68,0.1,0.2,0.13333333333333333,0.06056543651851569,0.16666666666666666,0.15494189208647555
both,Vetorial (TF-IDF),69,0.0,0.0,0.0,0.08652260904361744,0.08333333333333333,0.0
both,BM25,69,0.0,0.0,0.0,0.042877217815755396,0.06666666666666667,0.0
both,Vetorial (TF-IDF),70,0.2,0.2,0.20000000000000004,0.10246168722002538,0.14285714285714285,0.15747962362424628
both,BM25,70,0.2,0.2,0.20000000000000004,0.09897889769313399,0.16666666666666666,0.1375079324744767
both,Vetorial (TF-IDF),71,0.0,0.0,0.0,0.044125189272430414,0.07142857142857142,0.0
both,BM25,71,0.0,0.0,0.0,0.04529576027420855,0.09090909090909091,0.0
both,Vetorial (TF-IDF),72,0.2,0.11764705882352941,0.14814814814814817,0.09000284391402806,0.125,0.1112781819893507
both,BM25,72,0.2,0.11764705882352941,0.14814814814814817,0.13721611411587287,1.0,0.31363830294644224
both,Vetorial (TF-IDF),73,0.4,0.2,0.26666666666666666,0.3256078889668751,1.0,0.4423107813714198
both,BM25,73,0.7,0.35,0.4666666666666667,0.36316265181361046,1.0,0.6551176893703071
both,Vetorial (TF-IDF),74,0.2,0.3333333333333333,0.25,0.1710105083088954,0.2,0.20887538481027712
both,BM25,74,0.1,0.16666666666666666,0.125,0.154349871261636,0.125,0.13392643788248648
both,Vetorial (TF-IDF),75,0.1,0.2,0.13333333333333333,0.22642600821900735,1.0,0.2899845889212568
both,BM25,75,0.0,0.0,0.0,0.03235643397012054,0.07692307692307693,0.0
both,Vetorial (TF-IDF),76,0.3,0.42857142857142855,0.3529411764705882,0.3346471885854677,1.0,0.4729367842700166
both,BM25,76,0.2,0.2857142857142857,0.23529411764705882,0.20858745238718096,0.5,0.324779646301465
both,Vetorial (TF-IDF),77,0.4,0.6666666666666666,0.5,0.5711309523809524,1.0,0.517154580251037
both,BM25,77,0.3,0.5,0.37499999999999994,0.3863239830345093,1.0,0.39615383721310166
both,Vetorial (TF-IDF),78,0.3,1.0,0.4615384615384615,0.8055555555555555,1.0,0.8156868628654561
both,BM25,78,0.3,1.0,0.4615384615384615,0.7555555555555555,1.0,0.8122044324192951
both,Vetorial (TF-IDF),79,0.1,0.2,0.13333333333333333,0.06732930585169392,0.1,0.12624602730590243
both,BM25,79,0.0,0.0,0.0,0.06089530668308076,0.0625,0.0
both,Vetorial (TF-IDF),80,0.0,0.0,0.0,0.0658763111888112,0.09090909090909091,0.0
both,BM25,80,0.0,0.0,0.0,0.01709273788896628,0.02564102564102564,0.0
both,Vetorial (TF-IDF),81,0.2,1.0,0.33333333333333337,0.45,0.5,0.4703895542422443
both,BM25,81,0.2,1.0,0.33333333333333337,0.75,1.0,0.5879394370415081
both,Vetorial (TF-IDF),82,0.3,0.6,0.4,0.45509560417898676,1.0,0.6068960965452157
both,BM25,82,0.3,0.6,0.4,0.28290321736171103,0.5,0.4546343035603415
both,Vetorial (TF-IDF),83,0.1,0.25,0.14285714285714288,0.10009382586809809,0.25,0.16812753627111748
both,BM25,83,0.1,0.25,0.14285714285714288,0.10496363987021533,0.25,0.16812753627111748
both,Vetorial (TF-IDF),84,0.4,0.36363636363636365,0.380952380952381,0.31176780608621096,1.0,0.35043959090844345
both,BM25,84,0.4,0.36363636363636365,0.380952380952381,0.4315948699540051,1.0,0.38553053452440805
both,Vetorial (TF-IDF),85,0.0,0.0,0.0,0.01988578330904156,0.030303030303030304,0.0
both,BM25,85,0.1,0.25,0.14285714285714288,0.26279995578062715,1.0,0.2579266542703838
both,Vetorial (TF-IDF),86,0.2,1.0,0.33333333333333337,0.75,1.0,0.8772153153380493
both,BM25,86,0.2,1.0,0.33333333333333337,0.5833333333333333,0.5,0.6934264036172708
both,Vetorial (TF-IDF),87,0.0,0.0,0.0,0.012973296563096318,0.014285714285714285,0.0
both,BM25,87,0.0,0.0,0.0,0.011400327053261538,0.01694915254237288,0.0
both,Vetorial (TF-IDF),88,0.6,1.0,0.7499999999999999,0.7996031746031745,1.0,0.9380818475178836
both,BM25,88,0.6,1.0,0.7499999999999999,0.6496031746031746,0.5,0.7280606648311084
both,Vetorial (TF-IDF),89,0.2,0.3333333333333333,0.25,0.20664365832614326,0.3333333333333333,0.2670127948487184
both,BM25,89,0.2,0.3333333333333333,0.25,0.22389683959451404,0.3333333333333333,0.3217572077985345
both,Vetorial (TF-IDF),90,0.5,0.38461538461538464,0.4347826086956522,0.2760317614346271,0.5,0.36043030629693196
both,BM25,90,0.3,0.23076923076923078,0.2608695652173913,0.20003036320807097,0.5,0.18132022134674636
both,Vetorial (TF-IDF),91,0.4,0.4444444444444444,0.4210526315789474,0.3526923277627751,0.5,0.4559977146270124
both,BM25,91,0.5,0.5555555555555556,0.5263157894736842,0.4559797966383242,1.0,0.6477727225341792
both,Vetorial (TF-IDF),92,0.6,0.46153846153846156,0.5217391304347826,0.5208791733889478,0.5,0.4028925513955535
both,BM25,92,0.6,0.46153846153846156,0.5217391304347826,0.508381098071117,1.0,0.36529776121957863
both,Vetorial (TF-IDF),93,0.1,1.0,0.18181818181818182,0.5,0.5,0.6309297535714575
both,BM25,93,0.1,1.0,0.18181818181818182,0.5,0.5,0.6309297535714575
both,Vetorial (TF-IDF),94,0.6,0.5,0.5454545454545454,0.6205423153555871,1.0,0.572649124546192
both,BM25,94,0.6,0.5,0.5454545454545454,0.591919742535251,1.0,0.5605113814718418
both,Vetorial (TF-IDF),95,0.2,1.0,0.33333333333333337,0.75,1.0,0.5879394370415081
both,BM25,95,0.2,1.0,0.33333333333333337,0.45,0.5,0.4703895542422443
both,Vetorial (TF-IDF),96,0.5,0.38461538461538464,0.4347826086956522,0.33648247647132357,1.0,0.3639777288880991
both,BM25,96,0.7,0.5384615384615384,0.608695652173913,0.45653138934687204,0.5,0.5315890359440729
both,Vetorial (TF-IDF),97,0.2,0.2,0.20000000000000004,0.10118040815972193,0.3333333333333333,0.1425971101458859
both,BM25,97,0.3,0.3,0.3,0.18791412053326031,0.5,0.2889326477995364
both,Vetorial (TF-IDF),98,0.0,0.0,0.0,0.019661799387826785,0.05,0.0
both,BM25,98,0.0,0.0,0.0,0.02739172390608575,0.058823529411764705,0.0
both,Vetorial (TF-IDF),99,0.2,0.5,0.28571428571428575,0.2583333333333333,0.5,0.43845845361268365
both,BM25,99,0.2,0.5,0.28571428571428575,0.271875,0.5,0.4520703757857374
both,Vetorial (TF-IDF),100,0.2,0.2222222222222222,0.2105263157894737,0.20330091480326462,0.5,0.30646854645034693
both,BM25,100,0.3,0.3333333333333333,0.3157894736842105,0.2202452625925339,0.5,0.3586906388610686
both,Vetorial (TF-IDF),101,0.5,0.8333333333333334,0.625,0.8555555555555555,1.0,0.8065949812509472
both,BM25,101,0.5,0.8333333333333334,0.625,0.811204481792717,1.0,0.8541286347110959
both,Vetorial (TF-IDF),102,0.2,0.5,0.28571428571428575,0.5315920398009951,1.0,0.6177019359714346
both,BM25,102,0.3,0.75,0.4285714285714285,0.4356303418803419,1.0,0.5968790579421086
both,Vetorial (TF-IDF),103,0.0,0.0,0.0,0.02631578947368421,0.05263157894736842,0.0
both,BM25,103,0.0,0.0,0.0,0.03333333333333333,0.06666666666666667,0.0
both,Vetorial (TF-IDF),104,0.0,0.0,0.0,0.07240871956023529,0.058823529411764705,0.0
both,BM25,104,0.1,0.2,0.13333333333333333,0.1693533964216069,0.5,0.21398626473452756
both,Vetorial (TF-IDF),105,0.3,0.6,0.4,0.5546757164404224,1.0,0.7422329748991158
both,BM25,105,0.3,0.6,0.4,0.5580645161290323,1.0,0.7422329748991158
both,Vetorial (TF-IDF),106,0.2,0.4,0.26666666666666666,0.3448026315789473,1.0,0.5571041560743527
both,BM25,106,0.3,0.6,0.4,0.4571633531461365,1.0,0.6739728796273322
both,Vetorial (TF-IDF),107,0.3,0.42857142857142855,0.3529411764705882,0.31361190289761715,0.5,0.38614459193818257
both,BM25,107,0.4,0.5714285714285714,0.47058823529411764,0.35205193120174033,0.5,0.4198600235980826
both,Vetorial (TF-IDF),108,0.5,0.7142857142857143,0.588235294117647,0.7364778079063792,1.0,0.6900217206383465
both,BM25,108,0.5,0.7142857142857143,0.588235294117647,0.8061533704390846,1.0,0.751755835313366
both,Vetorial (TF-IDF),109,0.0,0.0,0.0,0.034990061526794125,0.03571428571428571,0.0
both,BM25,109,0.0,0.0,0.0,0.0397064733191974,0.02564102564102564,0.0
both,Vetorial (TF-IDF),110,0.2,0.5,0.28571428571428575,0.35086206896551725,1.0,0.6482276696408044
both,BM25,110,0.1,0.25,0.14285714285714288,0.2822620623874396,1.0,0.5028666180369032
both,Vetorial (TF-IDF),111,0.3,0.42857142857142855,0.3529411764705882,0.3002860235003092,0.25,0.26304167967009107
both,BM25,111,0.3,0.42857142857142855,0.3529411764705882,0.32798171900339085,0.5,0.26267009189595986
both,Vetorial (TF-IDF),112,0.1,0.5,0.16666666666666669,0.28125,0.5,0.23981246656813146
both,BM25,112,0.1,0.5,0.16666666666666669,0.3125,0.5,0.23981246656813146
both,Vetorial (TF-IDF),113,0.0,0.0,0.0,0.05892117716651879,0.08333333333333333,0.0
both,BM25,113,0.1,0.25,0.14285714285714288,0.14298985956993293,0.3333333333333333,0.19519002499605084
both,Vetorial (TF-IDF),114,0.1,0.25,0.14285714285714288,0.1046401889477429,0.25,0.22216592739310984
both,BM25,114,0.1,0.25,0.14285714285714288,0.08795952353292127,0.25,0.22216592739310984
both,Vetorial (TF-IDF),115,0.0,0.0,0.0,0.012706524270710111,0.03333333333333333,0.0
both,BM25,115,0.1,0.25,0.14285714285714288,0.04875554530616665,0.16666666666666666,0.16899301616355156
both,Vetorial (TF-IDF),116,0.1,0.2,0.13333333333333333,0.07687161492421676,0.3333333333333333,0.13315463217345028
both,BM25,116,0.1,0.2,0.13333333333333333,0.060795423704157726,0.25,0.11469315735198049
both,Vetorial (TF-IDF),117,0.0,0.0,0.0,0.037241379310344824,0.034482758620689655,0.0
both,BM25,117,0.0,0.0,0.0,0.03740562800274537,0.03225806451612903,0.0
both,Vetorial (TF-IDF),118,0.1,0.3333333333333333,0.15384615384615383,0.22016806722689075,0.5,0.3597186998521971
both,BM25,118,0.2,0.6666666666666666,0.30769230769230765,0.2246031746031746,0.25,0.39258655345796484
both,Vetorial (TF-IDF),119,0.1,1.0,0.18181818181818182,1.0,1.0,1.0
both,BM25,119,0.1,1.0,0.18181818181818182,1.0,1.0,1.0
both,Vetorial (TF-IDF),120,0.5,0.5555555555555556,0.5263157894736842,0.4790966443683037,0.5,0.55483789488311
both,BM25,120,0.5,0.5555555555555556,0.5263157894736842,0.46173339331234065,0.5,0.5067092988432153
both,Vetorial (TF-IDF),121,0.3,0.42857142857142855,0.3529411764705882,0.5167073667073667,1.0,0.47280853205334417
both,BM25,121,0.4,0.5714285714285714,0.47058823529411764,0.5366046234467288,0.5,0.503767871957562
both,Vetorial (TF-IDF),122,0.4,0.4444444444444444,0.4210526315789474,0.24359840760532972,0.25,0.20419516450171457
both,BM25,122,0.5,0.5555555555555556,0.5263157894736842,0.36438795230306775,0.3333333333333333,0.29289089862130974
both,Vetorial (TF-IDF),123,0.1,0.5,0.16666666666666669,0.16203703703703703,0.25,0.3031610197508214
both,BM25,123,0.1,0.5,0.16666666666666669,0.12698412698412698,0.1111111111111111,0.2119004592897435
both,Vetorial (TF-IDF),124,0.0,0.0,0.0,0.004893902745417188,0.007575757575757576,0.0
both,BM25,124,0.0,0.0,0.0,0.004814247891059228,0.008,0.0
both,Vetorial (TF-IDF),125,0.3,0.17647058823529413,0.22222222222222224,0.29001612225982837,1.0,0.32999043294735075
both,BM25,125,0.3,0.17647058823529413,0.22222222222222224,0.24320866456784335,0.5,0.3063222330898936
both,Vetorial (TF-IDF),126,0.2,0.25,0.22222222222222224,0.16314815845109604,0.5,0.35571812677402137
both,BM25,126,0.2,0.25,0.22222222222222224,0.22017169218322127,1.0,0.4718040076989788
both,Vetorial (TF-IDF),127,0.1,0.2,0.13333333333333333,0.1782092432184939,0.5,0.18804762895303986
both,BM25,127,0.1,0.2,0.13333333333333333,0.12407364787111622,0.25,0.1283624763817471
both,Vetorial (TF-IDF),128,0.0,0.0,0.0,0.020646020646020648,0.030303030303030304,0.0
both,BM25,128,0.0,0.0,0.0,0.017466082683473987,0.02702702702702703,0.0
both,Vetorial (TF-IDF),129,0.3,0.42857142857142855,0.3529411764705882,0.29225647630016877,0.5,0.41237833527349776
both,BM25,129,0.4,0.5714285714285714,0.47058823529411764,0.3852979318817828,0.5,0.5311527789860895
both,Vetorial (TF-IDF),130,0.4,0.8,0.5333333333333333,0.42439613526570036,0.5,0.5910370011884559
both,BM25,130,0.4,0.8,0.5333333333333333,0.5023370927318295,1.0,0.6879589050840057
both,Vetorial (TF-IDF),131,0.3,0.375,0.33333333333333326,0.2921717171717172,0.16666666666666666,0.21249866339559725
both,BM25,131,0.3,0.375,0.33333333333333326,0.3092957928087238,0.16666666666666666,0.16972454318915595
both,Vetorial (TF-IDF),132,0.8,0.5333333333333333,0.64,0.6634977753727754,0.5,0.6266544412771529
both,BM25,132,0.8,0.5333333333333333,0.64,0.7170732970732971,1.0,0.5733344106370996
both,Vetorial (TF-IDF),133,0.1,0.14285714285714285,0.11764705882352941,0.2013738892686261,0.2,0.1658437712408864
both,BM25,133,0.3,0.42857142857142855,0.3529411764705882,0.27065642107658916,0.16666666666666666,0.3352402212090092
both,Vetorial (TF-IDF),134,0.1,0.5,0.16666666666666669,0.22549019607843135,0.3333333333333333,0.23463936301137822
both,BM25,134,0.1,0.5,0.16666666666666669,0.27702702702702703,0.5,0.2960819109658652
both,Vetorial (TF-IDF),135,0.3,0.375,0.33333333333333326,0.6008231351981351,1.0,0.30645583200080107
both,BM25,135,0.5,0.625,0.5555555555555556,0.7200854700854701,1.0,0.530851479113075
both,Vetorial (TF-IDF),136,0.1,0.3333333333333333,0.15384615384615383,0.1626984126984127,0.3333333333333333,0.38979290227231644
both,BM25,136,0.2,0.6666666666666666,0.30769230769230765,0.43225806451612897,1.0,0.8359235133422792
both,Vetorial (TF-IDF),137,0.2,0.5,0.28571428571428575,0.24107142857142858,0.25,0.24370913791925672
both,BM25,137,0.2,0.5,0.28571428571428575,0.20862470862470864,0.3333333333333333,0.27965946629108696
both,Vetorial (TF-IDF),138,0.1,0.5,0.16666666666666669,0.11490683229813664,0.14285714285714285,0.20438239758848611
both,BM25,138,0.1,0.5,0.16666666666666669,0.15357142857142858,0.25,0.2640681225725909
both,Vetorial (TF-IDF),139,0.0,0.0,0.0,0.00885157253943086,0.015873015873015872,0.0
both,BM25,139,0.0,0.0,0.0,0.010497436077338631,0.012195121951219513,0.0
both,Vetorial (TF-IDF),140,0.2,0.3333333333333333,0.25,0.09484804488286382,0.14285714285714285,0.2522618131027691
both,BM25,140,0.2,0.3333333333333333,0.25,0.18457388805436345,0.5,0.3925462634010175
both,Vetorial (TF-IDF),141,0.2,0.3333333333333333,0.25,0.15044422721842077,0.25,0.2072256543262692
both,BM25,141,0.2,0.3333333333333333,0.25,0.14530389284398637,0.2,0.21448304883277194
both,Vetorial (TF-IDF),142,0.0,0.0,0.0,0.045454545454545456,0.045454545454545456,0.0
both,BM25,142,0.0,0.0,0.0,0.07692307692307693,0.07692307692307693,0.0
both,Vetorial (TF-IDF),143,0.2,1.0,0.33333333333333337,0.5,0.5,0.6509209298071326
both,BM25,143,0.2,1.0,0.33333333333333337,0.6666666666666666,1.0,0.8315546295836225
both,Vetorial (TF-IDF),144,0.5,0.8333333333333334,0.625,0.7159090909090908,1.0,0.8067385007154385
both,BM25,144,0.4,0.6666666666666666,0.5,0.4461279461279461,0.5,0.5137665365073921
both,Vetorial (TF-IDF),145,0.5,0.7142857142857143,0.588235294117647,0.5828991263878569,1.0,0.7529803744852828
both,BM25,145,0.4,0.5714285714285714,0.47058823529411764,0.30949216238544414,0.5,0.49457095505440585
both,Vetorial (TF-IDF),146,0.2,1.0,0.33333333333333337,0.5833333333333333,0.5,0.6199062332840657
both,BM25,146,0.2,1.0,0.33333333333333337,0.5833333333333333,0.5,0.6199062332840657
both,Vetorial (TF-IDF),147,0.2,0.2,0.20000000000000004,0.23775777793634933,0.5,0.23516486475074658
both,BM25,147,0.3,0.3,0.3,0.2595815921874819,0.5,0.3384355145646856
both,Vetorial (TF-IDF),148,0.3,0.5,0.37499999999999994,0.4396029177582575,1.0,0.6286824150385668
both,BM25,148,0.2,0.3333333333333333,0.25,0.3214281857326448,1.0,0.5148586863637864
both,Vetorial (TF-IDF),149,0.4,0.36363636363636365,0.380952380952381,0.3553407450355549,1.0,0.45449827622138
both,BM25,149,0.4,0.36363636363636365,0.380952380952381,0.38226521302211863,1.0,0.45449827622138
both,Vetorial (TF-IDF),150,0.2,1.0,0.33333333333333337,0.5833333333333333,0.5,0.6934264036172708
both,BM25,150,0.2,1.0,0.33333333333333337,0.8333333333333333,1.0,0.9197207891481876
both,Vetorial (TF-IDF),151,0.1,0.2,0.13333333333333333,0.05906383434877584,0.1111111111111111,0.04486076033656595
both,BM25,151,0.0,0.0,0.0,0.033192384148916794,0.045454545454545456,0.0
both,Vetorial (TF-IDF),152,0.1,0.16666666666666666,0.125,0.04010847565925258,0.1,0.1400995678301123
both,BM25,152,0.0,0.0,0.0,0.02312696179392559,0.045454545454545456,0.0
both,Vetorial (TF-IDF),153,0.3,0.42857142857142855,0.3529411764705882,0.290928540864356,0.5,0.3465885302021158
both,BM25,153,0.3,0.42857142857142855,0.3529411764705882,0.32301587301587303,0.5,0.3536573263781091
both,Vetorial (TF-IDF),154,0.2,1.0,0.33333333333333337,0.5833333333333333,0.5,0.6480409554829326
both,BM25,154,0.2,1.0,0.33333333333333337,0.8333333333333333,1.0,0.8212377705398237
both,Vetorial (TF-IDF),155,0.3,0.5,0.37499999999999994,0.35187793427230046,1.0,0.34015001901211017
both,BM25,155,0.2,0.3333333333333333,0.25,0.1781659413585535,0.5,0.17955683620108592
both,Vetorial (TF-IDF),156,0.7,0.5,0.5833333333333334,0.5673217874746512,1.0,0.620104160674023
both,BM25,156,0.7,0.5,0.5833333333333334,0.5443018681996454,1.0,0.5728198349525341
both,Vetorial (TF-IDF),157,0.7,0.1794871794871795,0.2857142857142857,0.4419898848451679,1.0,0.5861349364015792
both,BM25,157,0.6,0.15384615384615385,0.2448979591836735,0.3676829906345067,1.0,0.5435804161199637
both,Vetorial (TF-IDF),158,0.2,0.25,0.22222222222222224,0.31991150242843835,1.0,0.5347363368441794
both,BM25,158,0.3,0.375,0.33333333333333326,0.37218326885880076,1.0,0.6396601408337269
both,Vetorial (TF-IDF),159,0.2,0.25,0.22222222222222224,0.09949130367556873,0.3333333333333333,0.1776028646926492
both,BM25,159,0.2,0.25,0.22222222222222224,0.08862245960184259,0.25,0.16014909903145455
both,Vetorial (TF-IDF),160,0.0,0.0,0.0,0.039265856353908724,0.08333333333333333,0.0
both,BM25,160,0.1,0.2,0.13333333333333333,0.12093789008760672,0.5,0.24842742676916893
both,Vetorial (TF-IDF),161,0.3,0.5,0.37499999999999994,0.5144524058317161,1.0,0.6391034866124042
both,BM25,161,0.3,0.5,0.37499999999999994,0.5379656928437416,1.0,0.7193068819147438
both,Vetorial (TF-IDF),162,0.1,0.125,0.11111111111111112,0.17542115266753852,0.5,0.13742550997470102
both,BM25,162,0.2,0.25,0.22222222222222224,0.25945892110762797,0.5,0.21003026995882845
both,Vetorial (TF-IDF),163,0.2,0.6666666666666666,0.30769230769230765,0.2836949375410914,0.3333333333333333,0.4367467095119258
both,BM25,163,0.2,0.6666666666666666,0.30769230769230765,0.2959595959595959,0.3333333333333333,0.4367467095119258
both,Vetorial (TF-IDF),164,0.4,0.5,0.4444444444444445,0.42155026990553307,0.5,0.4788487440498752
both,BM25,164,0.4,0.5,0.4444444444444445,0.45075913669663675,1.0,0.5808311313512923
both,Vetorial (TF-IDF),165,0.2,1.0,0.33333333333333337,0.39285714285714285,0.5,0.5912352048230277
both,BM25,165,0.2,1.0,0.33333333333333337,0.5833333333333333,0.5,0.6934264036172708
both,Vetorial (TF-IDF),166,0.0,0.0,0.0,0.02140985662392761,0.022727272727272728,0.0
both,BM25,166,0.1,0.125,0.11111111111111112,0.040073636672378156,0.1,0.07311683844390994
both,Vetorial (TF-IDF),167,0.0,0.0,0.0,0.08834586466165413,0.07142857142857142,0.0
both,BM25,167,0.2,1.0,0.33333333333333337,0.41666666666666663,0.3333333333333333,0.5540663910176149
both,Vetorial (TF-IDF),168,0.2,1.0,0.33333333333333337,0.26666666666666666,0.3333333333333333,0.48381288316677695
both,BM25,168,0.1,0.5,0.16666666666666669,0.12333333333333332,0.16666666666666666,0.21840743681816419
both,Vetorial (TF-IDF),169,0.2,0.5,0.28571428571428575,0.19371345029239767,0.25,0.2856436410275446
both,BM25,169,0.2,0.5,0.28571428571428575,0.3042194092827004,0.5,0.4144299250118475
both,Vetorial (TF-IDF),170,0.5,0.8333333333333334,0.625,0.5059606481481481,0.5,0.6514139732256141
both,BM25,170,0.4,0.6666666666666666,0.5,0.6340909090909091,1.0,0.751412262126836
both,Vetorial (TF-IDF),171,0.3,1.0,0.4615384615384615,0.6333333333333333,1.0,0.8274365110343983
both,BM25,171,0.3,1.0,0.4615384615384615,0.6388888888888888,0.5,0.6757709465491791
both,Vetorial (TF-IDF),172,0.4,1.0,0.5714285714285715,0.6791666666666667,0.5,0.7179581484098557
both,BM25,172,0.4,1.0,0.5714285714285715,0.8875,1.0,0.925248016143815
both,Vetorial (TF-IDF),173,0.2,1.0,0.33333333333333337,0.5833333333333333,0.5,0.6934264036172708
both,BM25,173,0.2,1.0,0.33333333333333337,1.0,1.0,1.0
both,Vetorial (TF-IDF),174,0.2,0.4,0.26666666666666666,0.1547276636795797,0.5,0.36069019466199115
both,BM25,174,0.1,0.2,0.13333333333333333,0.10870216885292261,0.3333333333333333,0.19602843459435057
both,Vetorial (TF-IDF),175,0.0,0.0,0.0,0.04563544982149634,0.09090909090909091,0.0
both,BM25,175,0.0,0.0,0.0,0.04996412585521444,0.06666666666666667,0.0
both,Vetorial (TF-IDF),176,0.0,0.0,0.0,0.06213929895415371,0.07692307692307693,0.0
both,BM25,176,0.1,0.14285714285714285,0.11764705882352941,0.08656994725573432,0.2,0.12824687569501922
both,Vetorial (TF-IDF),177,0.4,0.8,0.5333333333333333,0.7412087912087911,1.0,0.8388372112048964
both,BM25,177,0.4,0.8,0.5333333333333333,0.7222222222222222,1.0,0.8297899182613868
both,Vetorial (TF-IDF),178,0.3,0.75,0.4285714285714285,0.5456730769230769,1.0,0.8173721167448778
both,BM25,178,0.3,0.75,0.4285714285714285,0.6435897435897435,1.0,0.8698944585066984
both,Vetorial (TF-IDF),179,0.2,0.5,0.28571428571428575,0.29449880983866705,0.5,0.4144299250118475
both,BM25,179,0.2,0.5,0.28571428571428575,0.34228698501872656,0.5,0.44149241373678083
both,Vetorial (TF-IDF),180,0.3,0.42857142857142855,0.3529411764705882,0.3945369918302249,0.5,0.39216949344416374
both,BM25,180,0.3,0.42857142857142855,0.3529411764705882,0.4362672868884049,0.5,0.3557981268823876
both,Vetorial (TF-IDF),181,0.1,0.2,0.13333333333333333,0.25298603931335506,1.0,0.24913276910075044
both,BM25,181,0.2,0.4,0.26666666666666666,0.27047145604380385,1.0,0.3571560500460547
both,Vetorial (TF-IDF),182,0.2,1.0,0.33333333333333337,0.5833333333333333,0.5,0.66967181649423
both,BM25,182,0.2,1.0,0.33333333333333337,0.5833333333333333,0.5,0.66967181649423
both,Vetorial (TF-IDF),183,0.7,0.5384615384615384,0.608695652173913,0.5716685819626995,1.0,0.47308861050652173
both,BM25,183,0.6,0.46153846153846156,0.5217391304347826,0.6244265125337999,1.0,0.6003711013090012
both,Vetorial (TF-IDF),184,0.0,0.0,0.0,0.10229505381481066,0.07142857142857142,0.0
both,BM25,184,0.3,0.42857142857142855,0.3529411764705882,0.33643667272244154,1.0,0.42953694833433737
both,Vetorial (TF-IDF),185,0.6,0.6666666666666666,0.631578947368421,0.7929639804639804,1.0,0.7904819574869932
both,BM25,185,0.6,0.6666666666666666,0.631578947368421,0.7838624338624337,1.0,0.8071376348433057
both,Vetorial (TF-IDF),186,0.5,0.3125,0.38461538461538464,0.2865879321798931,1.0,0.5933607200949346
both,BM25,186,0.4,0.25,0.3076923076923077,0.17409969846291462,0.5,0.3600558568883671
both,Vetorial (TF-IDF),187,0.2,0.3333333333333333,0.25,0.09766754850088183,0.14285714285714285,0.1528406081835328
both,BM25,187,0.2,0.3333333333333333,0.25,0.16224637681159418,0.5,0.2522457614005466
both,Vetorial (TF-IDF),188,0.4,0.36363636363636365,0.380952380952381,0.4728286559286627,1.0,0.556641054565232
both,BM25,188,0.5,0.45454545454545453,0.47619047619047616,0.41183261534427235,1.0,0.5681584916867225
both,Vetorial (TF-IDF),189,0.1,0.1111111111111111,0.10526315789473685,0.17379192666935567,0.3333333333333333,0.0967221933748192
both,BM25,189,0.2,0.2222222222222222,0.2105263157894737,0.1558760278482266,0.25,0.15814646672181454
both,Vetorial (TF-IDF),190,0.3,0.6,0.4,0.3597619047619048,0.3333333333333333,0.39438434517160015
both,BM25,190,0.3,0.6,0.4,0.4609469696969697,1.0,0.5338418008420618
both,Vetorial (TF-IDF),191,0.7,0.5384615384615384,0.608695652173913,0.6231745662092755,1.0,0.44541039839615815
both,BM25,191,0.4,0.3076923076923077,0.34782608695652173,0.3908399379379184,0.2,0.24512769449225036
both,Vetorial (TF-IDF),192,0.3,0.75,0.4285714285714285,0.4654761904761905,0.5,0.592512031964586
both,BM25,192,0.3,0.75,0.4285714285714285,0.5077380952380952,0.5,0.6096199500078984
both,Vetorial (TF-IDF),193,0.7,0.7777777777777778,0.7368421052631577,0.6840360733831524,1.0,0.7317297441559515
both,BM25,193,0.8,0.8888888888888888,0.8421052631578948,0.831885975001917,1.0,0.8839186865620725
both,Vetorial (TF-IDF),194,0.3,0.5,0.37499999999999994,0.27977728100678917,0.25,0.2318859533092355
both,BM25,194,0.2,0.3333333333333333,0.25,0.23611111111111113,0.3333333333333333,0.23467776707889956
both,Vetorial (TF-IDF),195,0.1,0.3333333333333333,0.15384615384615383,0.1008852258852259,0.125,0.1480409554829326
both,BM25,195,0.1,0.3333333333333333,0.15384615384615383,0.13286052009456265,0.2,0.18154179253735267
both,Vetorial (TF-IDF),196,0.3,0.25,0.2727272727272727,0.20933673303743086,1.0,0.3499968548204142
both,BM25,196,0.3,0.25,0.2727272727272727,0.15828711526365413,0.5,0.2952819749811217
both,Vetorial (TF-IDF),197,0.3,1.0,0.4615384615384615,0.8333333333333334,1.0,0.8752045980473071
both,BM25,197,0.2,0.6666666666666666,0.30769230769230765,0.6180555555555555,1.0,0.6651640917528849
both,Vetorial (TF-IDF),198,0.2,0.5,0.28571428571428575,0.4178571428571428,1.0,0.5735424265967997
both,BM25,198,0.3,0.75,0.4285714285714285,0.5141760651629073,1.0,0.7073103183000377
both,Vetorial (TF-IDF),199,0.2,0.25,0.22222222222222224,0.1256584690513094,0.2,0.15030051947336306
both,BM25,199,0.1,0.125,0.11111111111111112,0.1159229930781655,0.25,0.09576745329637855
both,Vetorial (TF-IDF),200,0.1,0.3333333333333333,0.15384615384615383,0.2577639751552795,0.5,0.2960819109658653
both,BM25,200,0.2,0.6666666666666666,0.30769230769230765,0.2566137566137566,0.3333333333333333,0.3759063358712073
both,Vetorial (TF-IDF),201,0.3,0.1875,0.23076923076923075,0.24021968000398616,1.0,0.4367931902625208
both,BM25,201,0.4,0.25,0.3076923076923077,0.30910712874117674,1.0,0.5487379204458991
both,Vetorial (TF-IDF),202,0.4,0.2857142857142857,0.3333333333333333,0.2446889344343663,0.3333333333333333,0.2558097031404176
both,BM25,202,0.3,0.21428571428571427,0.25,0.20660293962870166,0.5,0.21329730238906844
both,Vetorial (TF-IDF),203,0.2,0.14285714285714285,0.16666666666666666,0.10204841627851069,0.2,0.1716830951068149
both,BM25,203,0.3,0.21428571428571427,0.25,0.1363737147163963,0.5,0.30637875169839035
both,Vetorial (TF-IDF),204,0.2,0.14285714285714285,0.16666666666666666,0.09160529142212606,0.3333333333333333,0.26026565753952224
both,BM25,204,0.0,0.0,0.0,0.04283099151601932,0.06666666666666667,0.0
both,Vetorial (TF-IDF),205,0.2,1.0,0.33333333333333337,0.5,0.5,0.6509209298071326
both,BM25,205,0.2,1.0,0.33333333333333337,0.8333333333333333,1.0,0.9197207891481876
both,Vetorial (TF-IDF),206,0.2,0.6666666666666666,0.30769230769230765,0.10993077742279021,0.125,0.30776412138162756
both,BM25,206,0.2,0.6666666666666666,0.30769230769230765,0.22431427243142724,0.3333333333333333,0.4358923164702953
both,Vetorial (TF-IDF),207,0.2,0.4,0.26666666666666666,0.3433535353535354,1.0,0.4065385723067921
both,BM25,207,0.2,0.4,0.26666666666666666,0.20692268575563774,0.5,0.3534127876050964
both,Vetorial (TF-IDF),208,0.6,1.0,0.7499999999999999,0.6746031746031745,0.5,0.7574968275334034
both,BM25,208,0.6,1.0,0.7499999999999999,0.7027777777777778,0.5,0.7711046000160218
both,Vetorial (TF-IDF),209,0.4,0.3333333333333333,0.3636363636363636,0.21542203451072992,0.25,0.22582472667874778
both,BM25,209,0.1,0.08333333333333333,0.0909090909090909,0.1486072792377557,0.3333333333333333,0.1019109450635844
both,Vetorial (TF-IDF),210,0.2,0.3333333333333333,0.25,0.33018932338002277,1.0,0.48255059646431975
both,BM25,210,0.2,0.3333333333333333,0.25,0.34724270391143536,1.0,0.48255059646431975
both,Vetorial (TF-IDF),211,0.2,0.18181818181818182,0.1904761904761905,0.15487595860730188,0.14285714285714285,0.06953490410747619
both,BM25,211,0.1,0.09090909090909091,0.09523809523809525,0.1535376372362343,0.1111111111111111,0.03299700806327271
both,Vetorial (TF-IDF),212,0.5,0.35714285714285715,0.41666666666666663,0.45193933776447864,1.0,0.5667448986692801
both,BM25,212,0.5,0.35714285714285715,0.41666666666666663,0.48922707429089546,1.0,0.5687197948330739
both,Vetorial (TF-IDF),213,0.6,0.5454545454545454,0.5714285714285713,0.5161594323687505,1.0,0.671784826677242
both,BM25,213,0.5,0.45454545454545453,0.47619047619047616,0.5806244745452089,1.0,0.6087994651344372
both,Vetorial (TF-IDF),214,0.1,0.25,0.14285714285714288,0.15524054573466112,0.5,0.24630238874073
both,BM25,214,0.1,0.25,0.14285714285714288,0.16806617129818463,0.5,0.24630238874073
both,Vetorial (TF-IDF),215,0.0,0.0,0.0,0.043055555555555555,0.041666666666666664,0.0
both,BM25,215,0.0,0.0,0.0,0.047379032258064516,0.0625,0.0
both,Vetorial (TF-IDF),216,0.0,0.0,0.0,0.0024691358024691358,0.0024691358024691358,0.0
both,BM25,216,0.0,0.0,0.0,0.002770083102493075,0.002770083102493075,0.0
both,Vetorial (TF-IDF),217,0.4,0.26666666666666666,0.32,0.39732311934953624,1.0,0.5672227324927723
both,BM25,217,0.4,0.26666666666666666,0.32,0.36541366969290145,1.0,0.4644389235458954
both,Vetorial (TF-IDF),218,0.3,0.2,0.24,0.3099498230591327,1.0,0.3210868881286158
both,BM25,218,0.5,0.3333333333333333,0.4,0.31040129724998244,1.0,0.44613264264760744
both,Vetorial (TF-IDF),219,0.2,0.1111111111111111,0.14285714285714285,0.08697125093553897,0.3333333333333333,0.14210876216475854
both,BM25,219,0.0,0.0,0.0,0.043788376238101896,0.043478260869565216,0.0
both,Vetorial (TF-IDF),220,0.4,0.21052631578947367,0.27586206896551724,0.19642536542948338,0.25,0.20601985835699674
both,BM25,220,0.3,0.15789473684210525,0.20689655172413793,0.25234473144825814,1.0,0.27870157149025604
both,Vetorial (TF-IDF),221,0.4,0.2222222222222222,0.2857142857142857,0.2370694218921511,1.0,0.3629242697785903
both,BM25,221,0.4,0.2222222222222222,0.2857142857142857,0.25876650480495494,1.0,0.39567287731660133
both,Vetorial (TF-IDF),222,0.6,0.6666666666666666,0.631578947368421,0.6546206209249688,1.0,0.7221124197985725
both,BM25,222,0.6,0.6666666666666666,0.631578947368421,0.7338684463684464,1.0,0.7487912473474161
both,Vetorial (TF-IDF),223,0.2,0.5,0.28571428571428575,0.4637739386634525,1.0,0.5855700749881525
both,BM25,223,0.3,0.75,0.4285714285714285,0.5866666666666667,1.0,0.7365896932159578
both,Vetorial (TF-IDF),224,0.1,0.125,0.11111111111111112,0.12115859914142699,0.1111111111111111,0.07930749312667738
both,BM25,224,0.1,0.125,0.11111111111111112,0.13978071459082664,0.16666666666666666,0.09384413330947906
both,Vetorial (TF-IDF),225,0.2,0.08333333333333333,0.11764705882352941,0.09511961450058924,0.5,0.1453844457692427
both,BM25,225,0.3,0.125,0.17647058823529413,0.096101383809579,0.5,0.20199489228254294
